2026-06-07 00:00:40 - src.models.hmm_engine - INFO - 训练StockHMM_sh.600519, 样本数: 327
2026-06-07 00:00:41 - src.models.hmm_engine - INFO - StockHMM_sh.600519状态校准完成: {0: np.float64(0.3869047619047619), 1: np.float64(0.7142857142857143), 2: np.float64(1.0), 3: np.float64(1.0), 4: np.float64(0.36885245901639346)}
2026-06-07 00:00:41 - src.models.hmm_engine - INFO - 训练StockHMM_sh.601318, 样本数: 327
2026-06-07 00:00:41 - src.models.hmm_engine - INFO - StockHMM_sh.601318状态校准完成: {0: np.float64(0.4519774011299435), 1: np.float64(0.75), 2: np.float64(0.45098039215686275), 3: np.float64(1.0), 4: np.float64(0.4634146341463415)}
2026-06-07 00:00:41 - src.models.hmm_engine - INFO - 训练StockHMM_sh.600036, 样本数: 327
2026-06-07 00:00:41 - src.models.hmm_engine - INFO - StockHMM_sh.600036状态校准完成: {0: np.float64(0.3712574850299401), 1: np.float64(0.6071428571428571), 2: np.float64(1.0), 3: np.float64(0.43859649122807015), 4: np.float64(0.8235294117647058)}
2026-06-07 00:00:41 - src.models.hmm_engine - INFO - 训练StockHMM_sh.600276, 样本数: 327
2026-06-07 00:00:41 - src.models.hmm_engine - INFO - StockHMM_sh.600276状态校准完成: {0: np.float64(0.42028985507246375), 1: np.float64(0.5714285714285714), 2: np.float64(0.75), 3: np.float64(0.389937106918239), 4: np.float64(0.5)}
2026-06-07 00:00:42 - src.models.hmm_engine - INFO - 训练StockHMM_sh.601012, 样本数: 327
2026-06-07 00:00:42 - src.models.hmm_engine - INFO - StockHMM_sh.601012状态校准完成: {0: np.float64(0.36046511627906974), 1: np.float64(0.8275862068965517), 2: np.float64(0.38181818181818183), 3: np.float64(0.5294117647058824), 4: np.float64(0.40714285714285714)}
2026-06-07 00:00:42 - src.models.hmm_engine - INFO - 训练StockHMM_sh.600887, 样本数: 327
2026-06-07 00:00:42 - src.models.hmm_engine - INFO - StockHMM_sh.600887状态校准完成: {0: np.float64(0.3684210526315789), 1: np.float64(1.0), 2: np.float64(0.4423076923076923), 3: np.float64(0.49523809523809526), 4: np.float64(0.6153846153846154)}
2026-06-07 00:00:42 - src.models.hmm_engine - INFO - 训练StockHMM_sh.600900, 样本数: 327
2026-06-07 00:00:42 - src.models.hmm_engine - INFO - StockHMM_sh.600900状态校准完成: {0: np.float64(0.5247524752475248), 1: np.float64(0.5481481481481482), 2: np.float64(1.0), 3: np.float64(0.5), 4: np.float64(0.5609756097560976)}
2026-06-07 00:00:42 - src.models.hmm_engine - INFO - 训练StockHMM_sh.601166, 样本数: 327
2026-06-07 00:00:42 - src.models.hmm_engine - INFO - StockHMM_sh.601166状态校准完成: {0: np.float64(0.6444444444444445), 1: np.float64(0.4463276836158192), 2: np.float64(0.5789473684210527), 3: np.float64(0.5), 4: np.float64(1.0)}
2026-06-07 00:00:42 - src.models.hmm_engine - INFO - 训练StockHMM_sh.600809, 样本数: 327
2026-06-07 00:00:42 - src.models.hmm_engine - INFO - StockHMM_sh.600809状态校准完成: {0: np.float64(0.3402061855670103), 1: np.float64(0.5168539325842697), 2: np.float64(0.375), 3: np.float64(0.34782608695652173), 4: np.float64(0.6097560975609756)}
2026-06-07 00:00:42 - src.models.hmm_engine - INFO - 训练StockHMM_sh.601888, 样本数: 327
2026-06-07 00:00:42 - src.models.hmm_engine - INFO - StockHMM_sh.601888状态校准完成: {0: np.float64(0.29411764705882354), 1: np.float64(0.8214285714285714), 2: np.float64(1.0), 3: np.float64(0.6), 4: np.float64(0.29411764705882354)}
2026-06-07 00:00:42 - src.models.hmm_engine - INFO - 训练StockHMM_sz.000333, 样本数: 327
2026-06-07 00:00:42 - src.models.hmm_engine - INFO - StockHMM_sz.000333状态校准完成: {0: np.float64(0.44), 1: np.float64(0.5084745762711864), 2: np.float64(0.5378787878787878), 3: np.float64(0.5045871559633027), 4: np.float64(1.0)}
2026-06-07 00:00:42 - src.models.hmm_engine - INFO - 训练StockHMM_sz.000858, 样本数: 327
2026-06-07 00:00:43 - src.models.hmm_engine - INFO - StockHMM_sz.000858状态校准完成: {0: np.float64(0.0), 1: 0.5, 2: 0.5, 3: 0.5, 4: np.float64(0.4263803680981595)}
2026-06-07 00:00:43 - src.models.hmm_engine - INFO - 训练StockHMM_sz.000568, 样本数: 327
2026-06-07 00:00:43 - src.models.hmm_engine - INFO - StockHMM_sz.000568状态校准完成: {0: np.float64(0.3178294573643411), 1: np.float64(0.40860215053763443), 2: np.float64(0.3382352941176471), 3: np.float64(1.0), 4: np.float64(0.6666666666666666)}
2026-06-07 00:00:43 - src.models.hmm_engine - INFO - 训练StockHMM_sz.002475, 样本数: 327
2026-06-07 00:00:43 - src.models.hmm_engine - INFO - StockHMM_sz.002475状态校准完成: {0: np.float64(0.4), 1: np.float64(0.5932203389830508), 2: np.float64(0.47368421052631576), 3: np.float64(0.4731182795698925), 4: np.float64(0.5106382978723404)}
2026-06-07 00:00:43 - src.models.hmm_engine - INFO - 训练StockHMM_sz.300750, 样本数: 327
2026-06-07 00:00:43 - src.models.hmm_engine - INFO - StockHMM_sz.300750状态校准完成: {0: np.float64(0.47619047619047616), 1: np.float64(0.3333333333333333), 2: np.float64(0.4861111111111111), 3: np.float64(0.42162162162162165), 4: np.float64(1.0)}
2026-06-07 00:00:43 - src.models.hmm_engine - INFO - 训练StockHMM_sz.300059, 样本数: 327
2026-06-07 00:00:43 - src.models.hmm_engine - INFO - StockHMM_sz.300059状态校准完成: {0: np.float64(0.3648068669527897), 1: np.float64(0.56), 2: np.float64(0.4411764705882353), 3: np.float64(0.7647058823529411), 4: np.float64(1.0)}
2026-06-07 00:00:43 - src.models.hmm_engine - INFO - 训练StockHMM_sz.002714, 样本数: 327
2026-06-07 00:00:43 - src.models.hmm_engine - INFO - StockHMM_sz.002714状态校准完成: {0: np.float64(0.48148148148148145), 1: np.float64(0.7428571428571429), 2: np.float64(0.43902439024390244), 3: np.float64(0.37168141592920356), 4: np.float64(1.0)}
2026-06-07 00:00:43 - src.models.hmm_engine - INFO - 训练StockHMM_sz.000651, 样本数: 327
2026-06-07 00:00:43 - src.models.hmm_engine - INFO - StockHMM_sz.000651状态校准完成: {0: np.float64(0.44594594594594594), 1: np.float64(0.7297297297297297), 2: np.float64(0.373134328358209), 3: np.float64(0.6666666666666666), 4: np.float64(0.4657534246575342)}
2026-06-07 00:00:44 - src.models.hmm_engine - INFO - 训练StockHMM_sz.002415, 样本数: 327
2026-06-07 00:00:44 - src.models.hmm_engine - INFO - StockHMM_sz.002415状态校准完成: {0: np.float64(0.4473684210526316), 1: np.float64(0.4117647058823529), 2: np.float64(1.0), 3: np.float64(0.4294478527607362), 4: np.float64(0.5454545454545454)}
2026-06-07 00:00:44 - src.models.hmm_engine - INFO - 训练StockHMM_sz.300015, 样本数: 327
2026-06-07 00:00:44 - src.models.hmm_engine - INFO - StockHMM_sz.300015状态校准完成: {0: np.float64(0.5), 1: np.float64(0.5217391304347826), 2: np.float64(0.36363636363636365), 3: np.float64(0.38028169014084506), 4: np.float64(1.0)}
2026-06-07 00:08:03 - src.models.hmm_engine - INFO - 训练StockHMM_sh.600519, 样本数: 327
2026-06-07 00:08:04 - src.models.hmm_engine - INFO - StockHMM_sh.600519状态校准完成: {0: np.float64(0.3869047619047619), 1: np.float64(0.7142857142857143), 2: np.float64(1.0), 3: np.float64(1.0), 4: np.float64(0.36885245901639346)}
2026-06-07 00:08:05 - src.models.hmm_engine - INFO - 训练StockHMM_sh.601318, 样本数: 327
2026-06-07 00:08:05 - src.models.hmm_engine - INFO - StockHMM_sh.601318状态校准完成: {0: np.float64(0.4519774011299435), 1: np.float64(0.75), 2: np.float64(0.45098039215686275), 3: np.float64(1.0), 4: np.float64(0.4634146341463415)}
2026-06-07 00:08:05 - src.models.hmm_engine - INFO - 训练StockHMM_sh.600036, 样本数: 327
2026-06-07 00:08:05 - src.models.hmm_engine - INFO - StockHMM_sh.600036状态校准完成: {0: np.float64(0.3712574850299401), 1: np.float64(0.6071428571428571), 2: np.float64(1.0), 3: np.float64(0.43859649122807015), 4: np.float64(0.8235294117647058)}
2026-06-07 00:08:05 - src.models.hmm_engine - INFO - 训练StockHMM_sh.600276, 样本数: 327
2026-06-07 00:08:05 - src.models.hmm_engine - INFO - StockHMM_sh.600276状态校准完成: {0: np.float64(0.42028985507246375), 1: np.float64(0.5714285714285714), 2: np.float64(0.75), 3: np.float64(0.389937106918239), 4: np.float64(0.5)}
2026-06-07 00:08:05 - src.models.hmm_engine - INFO - 训练StockHMM_sh.601012, 样本数: 327
2026-06-07 00:08:05 - src.models.hmm_engine - INFO - StockHMM_sh.601012状态校准完成: {0: np.float64(0.36046511627906974), 1: np.float64(0.8275862068965517), 2: np.float64(0.38181818181818183), 3: np.float64(0.5294117647058824), 4: np.float64(0.40714285714285714)}
2026-06-07 00:08:05 - src.models.hmm_engine - INFO - 训练StockHMM_sh.600887, 样本数: 327
2026-06-07 00:08:05 - src.models.hmm_engine - INFO - StockHMM_sh.600887状态校准完成: {0: np.float64(0.3684210526315789), 1: np.float64(1.0), 2: np.float64(0.4423076923076923), 3: np.float64(0.49523809523809526), 4: np.float64(0.6153846153846154)}
2026-06-07 00:08:05 - src.models.hmm_engine - INFO - 训练StockHMM_sh.600900, 样本数: 327
2026-06-07 00:08:05 - src.models.hmm_engine - INFO - StockHMM_sh.600900状态校准完成: {0: np.float64(0.5247524752475248), 1: np.float64(0.5481481481481482), 2: np.float64(1.0), 3: np.float64(0.5), 4: np.float64(0.5609756097560976)}
2026-06-07 00:08:05 - src.models.hmm_engine - INFO - 训练StockHMM_sh.601166, 样本数: 327
2026-06-07 00:08:05 - src.models.hmm_engine - INFO - StockHMM_sh.601166状态校准完成: {0: np.float64(0.6444444444444445), 1: np.float64(0.4463276836158192), 2: np.float64(0.5789473684210527), 3: np.float64(0.5), 4: np.float64(1.0)}
2026-06-07 00:08:05 - src.models.hmm_engine - INFO - 训练StockHMM_sh.600809, 样本数: 327
2026-06-07 00:08:05 - src.models.hmm_engine - INFO - StockHMM_sh.600809状态校准完成: {0: np.float64(0.3402061855670103), 1: np.float64(0.5168539325842697), 2: np.float64(0.375), 3: np.float64(0.34782608695652173), 4: np.float64(0.6097560975609756)}
2026-06-07 00:08:05 - src.models.hmm_engine - INFO - 训练StockHMM_sh.601888, 样本数: 327
2026-06-07 00:08:05 - src.models.hmm_engine - INFO - StockHMM_sh.601888状态校准完成: {0: np.float64(0.29411764705882354), 1: np.float64(0.8214285714285714), 2: np.float64(1.0), 3: np.float64(0.6), 4: np.float64(0.29411764705882354)}
2026-06-07 00:08:05 - src.models.hmm_engine - INFO - 训练StockHMM_sz.000333, 样本数: 327
2026-06-07 00:08:05 - src.models.hmm_engine - INFO - StockHMM_sz.000333状态校准完成: {0: np.float64(0.44), 1: np.float64(0.5084745762711864), 2: np.float64(0.5378787878787878), 3: np.float64(0.5045871559633027), 4: np.float64(1.0)}
2026-06-07 00:08:05 - src.models.hmm_engine - INFO - 训练StockHMM_sz.000858, 样本数: 327
2026-06-07 00:08:06 - src.models.hmm_engine - INFO - StockHMM_sz.000858状态校准完成: {0: np.float64(0.0), 1: 0.5, 2: 0.5, 3: 0.5, 4: np.float64(0.4263803680981595)}
2026-06-07 00:08:06 - src.models.hmm_engine - INFO - 训练StockHMM_sz.000568, 样本数: 327
2026-06-07 00:08:06 - src.models.hmm_engine - INFO - StockHMM_sz.000568状态校准完成: {0: np.float64(0.3178294573643411), 1: np.float64(0.40860215053763443), 2: np.float64(0.3382352941176471), 3: np.float64(1.0), 4: np.float64(0.6666666666666666)}
2026-06-07 00:08:06 - src.models.hmm_engine - INFO - 训练StockHMM_sz.002475, 样本数: 327
2026-06-07 00:08:07 - src.models.hmm_engine - INFO - StockHMM_sz.002475状态校准完成: {0: np.float64(0.4), 1: np.float64(0.5932203389830508), 2: np.float64(0.47368421052631576), 3: np.float64(0.4731182795698925), 4: np.float64(0.5106382978723404)}
2026-06-07 00:08:07 - src.models.hmm_engine - INFO - 训练StockHMM_sz.300750, 样本数: 327
2026-06-07 00:08:07 - src.models.hmm_engine - INFO - StockHMM_sz.300750状态校准完成: {0: np.float64(0.47619047619047616), 1: np.float64(0.3333333333333333), 2: np.float64(0.4861111111111111), 3: np.float64(0.42162162162162165), 4: np.float64(1.0)}
2026-06-07 00:08:07 - src.models.hmm_engine - INFO - 训练StockHMM_sz.300059, 样本数: 327
2026-06-07 00:08:07 - src.models.hmm_engine - INFO - StockHMM_sz.300059状态校准完成: {0: np.float64(0.3648068669527897), 1: np.float64(0.56), 2: np.float64(0.4411764705882353), 3: np.float64(0.7647058823529411), 4: np.float64(1.0)}
2026-06-07 00:08:07 - src.models.hmm_engine - INFO - 训练StockHMM_sz.002714, 样本数: 327
2026-06-07 00:08:07 - src.models.hmm_engine - INFO - StockHMM_sz.002714状态校准完成: {0: np.float64(0.48148148148148145), 1: np.float64(0.7428571428571429), 2: np.float64(0.43902439024390244), 3: np.float64(0.37168141592920356), 4: np.float64(1.0)}
2026-06-07 00:08:07 - src.models.hmm_engine - INFO - 训练StockHMM_sz.000651, 样本数: 327
2026-06-07 00:08:07 - src.models.hmm_engine - INFO - StockHMM_sz.000651状态校准完成: {0: np.float64(0.44594594594594594), 1: np.float64(0.7297297297297297), 2: np.float64(0.373134328358209), 3: np.float64(0.6666666666666666), 4: np.float64(0.4657534246575342)}
2026-06-07 00:08:07 - src.models.hmm_engine - INFO - 训练StockHMM_sz.002415, 样本数: 327
2026-06-07 00:08:07 - src.models.hmm_engine - INFO - StockHMM_sz.002415状态校准完成: {0: np.float64(0.4473684210526316), 1: np.float64(0.4117647058823529), 2: np.float64(1.0), 3: np.float64(0.4294478527607362), 4: np.float64(0.5454545454545454)}
2026-06-07 00:08:07 - src.models.hmm_engine - INFO - 训练StockHMM_sz.300015, 样本数: 327
2026-06-07 00:08:07 - src.models.hmm_engine - INFO - StockHMM_sz.300015状态校准完成: {0: np.float64(0.5), 1: np.float64(0.5217391304347826), 2: np.float64(0.36363636363636365), 3: np.float64(0.38028169014084506), 4: np.float64(1.0)}
2026-06-07 00:11:41 - src.models.hmm_engine - INFO - 训练StockHMM_sh.600519, 样本数: 327
2026-06-07 00:11:43 - src.models.hmm_engine - INFO - StockHMM_sh.600519状态校准完成: {0: np.float64(0.3869047619047619), 1: np.float64(0.7142857142857143), 2: np.float64(1.0), 3: np.float64(1.0), 4: np.float64(0.36885245901639346)}
2026-06-07 00:11:43 - src.models.hmm_engine - INFO - 训练StockHMM_sh.601318, 样本数: 327
2026-06-07 00:11:43 - src.models.hmm_engine - INFO - StockHMM_sh.601318状态校准完成: {0: np.float64(0.4519774011299435), 1: np.float64(0.75), 2: np.float64(0.45098039215686275), 3: np.float64(1.0), 4: np.float64(0.4634146341463415)}
2026-06-07 00:11:43 - src.models.hmm_engine - INFO - 训练StockHMM_sh.600036, 样本数: 327
2026-06-07 00:11:43 - src.models.hmm_engine - INFO - StockHMM_sh.600036状态校准完成: {0: np.float64(0.3712574850299401), 1: np.float64(0.6071428571428571), 2: np.float64(1.0), 3: np.float64(0.43859649122807015), 4: np.float64(0.8235294117647058)}
2026-06-07 00:11:43 - src.models.hmm_engine - INFO - 训练StockHMM_sh.600276, 样本数: 327
2026-06-07 00:11:43 - src.models.hmm_engine - INFO - StockHMM_sh.600276状态校准完成: {0: np.float64(0.42028985507246375), 1: np.float64(0.5714285714285714), 2: np.float64(0.75), 3: np.float64(0.389937106918239), 4: np.float64(0.5)}
2026-06-07 00:11:43 - src.models.hmm_engine - INFO - 训练StockHMM_sh.601012, 样本数: 327
2026-06-07 00:11:43 - src.models.hmm_engine - INFO - StockHMM_sh.601012状态校准完成: {0: np.float64(0.36046511627906974), 1: np.float64(0.8275862068965517), 2: np.float64(0.38181818181818183), 3: np.float64(0.5294117647058824), 4: np.float64(0.40714285714285714)}
2026-06-07 00:11:43 - src.models.hmm_engine - INFO - 训练StockHMM_sh.600887, 样本数: 327
2026-06-07 00:11:43 - src.models.hmm_engine - INFO - StockHMM_sh.600887状态校准完成: {0: np.float64(0.3684210526315789), 1: np.float64(1.0), 2: np.float64(0.4423076923076923), 3: np.float64(0.49523809523809526), 4: np.float64(0.6153846153846154)}
2026-06-07 00:11:43 - src.models.hmm_engine - INFO - 训练StockHMM_sh.600900, 样本数: 327
2026-06-07 00:11:43 - src.models.hmm_engine - INFO - StockHMM_sh.600900状态校准完成: {0: np.float64(0.5247524752475248), 1: np.float64(0.5481481481481482), 2: np.float64(1.0), 3: np.float64(0.5), 4: np.float64(0.5609756097560976)}
2026-06-07 00:11:43 - src.models.hmm_engine - INFO - 训练StockHMM_sh.601166, 样本数: 327
2026-06-07 00:11:43 - src.models.hmm_engine - INFO - StockHMM_sh.601166状态校准完成: {0: np.float64(0.6444444444444445), 1: np.float64(0.4463276836158192), 2: np.float64(0.5789473684210527), 3: np.float64(0.5), 4: np.float64(1.0)}
2026-06-07 00:11:43 - src.models.hmm_engine - INFO - 训练StockHMM_sh.600809, 样本数: 327
2026-06-07 00:11:43 - src.models.hmm_engine - INFO - StockHMM_sh.600809状态校准完成: {0: np.float64(0.3402061855670103), 1: np.float64(0.5168539325842697), 2: np.float64(0.375), 3: np.float64(0.34782608695652173), 4: np.float64(0.6097560975609756)}
2026-06-07 00:11:43 - src.models.hmm_engine - INFO - 训练StockHMM_sh.601888, 样本数: 327
2026-06-07 00:11:43 - src.models.hmm_engine - INFO - StockHMM_sh.601888状态校准完成: {0: np.float64(0.29411764705882354), 1: np.float64(0.8214285714285714), 2: np.float64(1.0), 3: np.float64(0.6), 4: np.float64(0.29411764705882354)}
2026-06-07 00:11:43 - src.models.hmm_engine - INFO - 训练StockHMM_sz.000333, 样本数: 327
2026-06-07 00:11:43 - src.models.hmm_engine - INFO - StockHMM_sz.000333状态校准完成: {0: np.float64(0.44), 1: np.float64(0.5084745762711864), 2: np.float64(0.5378787878787878), 3: np.float64(0.5045871559633027), 4: np.float64(1.0)}
2026-06-07 00:11:43 - src.models.hmm_engine - INFO - 训练StockHMM_sz.000858, 样本数: 327
2026-06-07 00:11:44 - src.models.hmm_engine - INFO - StockHMM_sz.000858状态校准完成: {0: np.float64(0.0), 1: 0.5, 2: 0.5, 3: 0.5, 4: np.float64(0.4263803680981595)}
2026-06-07 00:11:44 - src.models.hmm_engine - INFO - 训练StockHMM_sz.000568, 样本数: 327
2026-06-07 00:11:44 - src.models.hmm_engine - INFO - StockHMM_sz.000568状态校准完成: {0: np.float64(0.3178294573643411), 1: np.float64(0.40860215053763443), 2: np.float64(0.3382352941176471), 3: np.float64(1.0), 4: np.float64(0.6666666666666666)}
2026-06-07 00:11:44 - src.models.hmm_engine - INFO - 训练StockHMM_sz.002475, 样本数: 327
2026-06-07 00:11:45 - src.models.hmm_engine - INFO - StockHMM_sz.002475状态校准完成: {0: np.float64(0.4), 1: np.float64(0.5932203389830508), 2: np.float64(0.47368421052631576), 3: np.float64(0.4731182795698925), 4: np.float64(0.5106382978723404)}
2026-06-07 00:11:45 - src.models.hmm_engine - INFO - 训练StockHMM_sz.300750, 样本数: 327
2026-06-07 00:11:45 - src.models.hmm_engine - INFO - StockHMM_sz.300750状态校准完成: {0: np.float64(0.47619047619047616), 1: np.float64(0.3333333333333333), 2: np.float64(0.4861111111111111), 3: np.float64(0.42162162162162165), 4: np.float64(1.0)}
2026-06-07 00:11:45 - src.models.hmm_engine - INFO - 训练StockHMM_sz.300059, 样本数: 327
2026-06-07 00:11:45 - src.models.hmm_engine - INFO - StockHMM_sz.300059状态校准完成: {0: np.float64(0.3648068669527897), 1: np.float64(0.56), 2: np.float64(0.4411764705882353), 3: np.float64(0.7647058823529411), 4: np.float64(1.0)}
2026-06-07 00:11:45 - src.models.hmm_engine - INFO - 训练StockHMM_sz.002714, 样本数: 327
2026-06-07 00:11:45 - src.models.hmm_engine - INFO - StockHMM_sz.002714状态校准完成: {0: np.float64(0.48148148148148145), 1: np.float64(0.7428571428571429), 2: np.float64(0.43902439024390244), 3: np.float64(0.37168141592920356), 4: np.float64(1.0)}
2026-06-07 00:11:45 - src.models.hmm_engine - INFO - 训练StockHMM_sz.000651, 样本数: 327
2026-06-07 00:11:45 - src.models.hmm_engine - INFO - StockHMM_sz.000651状态校准完成: {0: np.float64(0.44594594594594594), 1: np.float64(0.7297297297297297), 2: np.float64(0.373134328358209), 3: np.float64(0.6666666666666666), 4: np.float64(0.4657534246575342)}
2026-06-07 00:11:45 - src.models.hmm_engine - INFO - 训练StockHMM_sz.002415, 样本数: 327
2026-06-07 00:11:45 - src.models.hmm_engine - INFO - StockHMM_sz.002415状态校准完成: {0: np.float64(0.4473684210526316), 1: np.float64(0.4117647058823529), 2: np.float64(1.0), 3: np.float64(0.4294478527607362), 4: np.float64(0.5454545454545454)}
2026-06-07 00:11:45 - src.models.hmm_engine - INFO - 训练StockHMM_sz.300015, 样本数: 327
2026-06-07 00:11:45 - src.models.hmm_engine - INFO - StockHMM_sz.300015状态校准完成: {0: np.float64(0.5), 1: np.float64(0.5217391304347826), 2: np.float64(0.36363636363636365), 3: np.float64(0.38028169014084506), 4: np.float64(1.0)}
2026-06-07 05:17:52 - src.models.hmm_engine - INFO - 训练StockHMM_sh.600519, 样本数: 667
2026-06-07 05:17:55 - src.models.hmm_engine - INFO - StockHMM_sh.600519状态校准完成: {0: np.float64(0.0), 1: 0.5, 2: 0.5, 3: 0.5, 4: np.float64(0.43843843843843844)}
2026-06-07 05:17:59 - src.models.hmm_engine - INFO - 训练StockHMM_sh.601318, 样本数: 667
2026-06-07 05:17:59 - src.models.hmm_engine - INFO - StockHMM_sh.601318状态校准完成: {0: np.float64(0.7142857142857143), 1: np.float64(0.4264705882352941), 2: np.float64(0.5172413793103449), 3: np.float64(0.44776119402985076), 4: np.float64(1.0)}
2026-06-07 05:18:03 - src.models.hmm_engine - INFO - 训练StockHMM_sh.600036, 样本数: 667
2026-06-07 05:18:03 - src.models.hmm_engine - INFO - StockHMM_sh.600036状态校准完成: {0: np.float64(0.4713375796178344), 1: np.float64(0.5), 2: np.float64(0.6885245901639344), 3: np.float64(0.36283185840707965), 4: np.float64(0.2857142857142857)}
2026-06-07 05:18:07 - src.models.hmm_engine - INFO - 训练StockHMM_sh.600276, 样本数: 667
2026-06-07 05:18:07 - src.models.hmm_engine - INFO - StockHMM_sh.600276状态校准完成: {0: np.float64(0.5056179775280899), 1: np.float64(0.35384615384615387), 2: np.float64(0.42780748663101603), 3: np.float64(0.4519774011299435), 4: np.float64(0.7023809523809523)}
2026-06-07 05:18:12 - src.models.hmm_engine - INFO - 训练StockHMM_sh.601012, 样本数: 667
2026-06-07 05:18:12 - src.models.hmm_engine - INFO - StockHMM_sh.601012状态校准完成: {0: np.float64(0.36633663366336633), 1: np.float64(0.53), 2: np.float64(0.43125), 3: np.float64(0.3543307086614173), 4: np.float64(0.6666666666666666)}
2026-06-07 05:18:16 - src.models.hmm_engine - INFO - 训练StockHMM_sh.600887, 样本数: 667
2026-06-07 05:18:16 - src.models.hmm_engine - INFO - StockHMM_sh.600887状态校准完成: {0: np.float64(0.39869281045751637), 1: np.float64(0.4805194805194805), 2: np.float64(0.4423076923076923), 3: np.float64(1.0), 4: np.float64(0.5742574257425742)}
2026-06-07 05:18:20 - src.models.hmm_engine - INFO - 训练StockHMM_sh.600900, 样本数: 666
2026-06-07 05:18:20 - src.models.hmm_engine - INFO - StockHMM_sh.600900状态校准完成: {0: np.float64(0.5915492957746479), 1: np.float64(0.48484848484848486), 2: np.float64(0.4864864864864865), 3: np.float64(1.0), 4: np.float64(0.4942528735632184)}
2026-06-07 05:18:24 - src.models.hmm_engine - INFO - 训练StockHMM_sh.601166, 样本数: 667
2026-06-07 05:18:24 - src.models.hmm_engine - INFO - StockHMM_sh.601166状态校准完成: {0: np.float64(0.4930875576036866), 1: np.float64(0.4523809523809524), 2: np.float64(0.4875), 3: np.float64(0.46757679180887374), 4: np.float64(0.6285714285714286)}
2026-06-07 05:18:28 - src.models.hmm_engine - INFO - 训练StockHMM_sh.600809, 样本数: 667
2026-06-07 05:18:28 - src.models.hmm_engine - INFO - StockHMM_sh.600809状态校准完成: {0: np.float64(0.42424242424242425), 1: np.float64(0.37158469945355194), 2: np.float64(0.6470588235294118), 3: np.float64(0.375), 4: np.float64(0.5789473684210527)}
2026-06-07 05:18:33 - src.models.hmm_engine - INFO - 训练StockHMM_sh.601888, 样本数: 667
2026-06-07 05:18:33 - src.models.hmm_engine - INFO - StockHMM_sh.601888状态校准完成: {0: np.float64(0.3357664233576642), 1: np.float64(0.7894736842105263), 2: np.float64(0.3924731182795699), 3: np.float64(0.5194805194805194), 4: np.float64(0.3047619047619048)}
2026-06-07 05:18:37 - src.models.hmm_engine - INFO - 训练StockHMM_sz.000333, 样本数: 667
2026-06-07 05:18:37 - src.models.hmm_engine - INFO - StockHMM_sz.000333状态校准完成: {0: np.float64(0.5614035087719298), 1: np.float64(0.65625), 2: np.float64(0.5026455026455027), 3: np.float64(1.0), 4: np.float64(0.4249084249084249)}
2026-06-07 05:18:41 - src.models.hmm_engine - INFO - 训练StockHMM_sz.000858, 样本数: 667
2026-06-07 05:18:41 - src.models.hmm_engine - INFO - StockHMM_sz.000858状态校准完成: {0: np.float64(0.3815261044176707), 1: np.float64(0.7681159420289855), 2: np.float64(0.625), 3: np.float64(0.43902439024390244), 4: np.float64(0.3828125)}
2026-06-07 05:18:45 - src.models.hmm_engine - INFO - 训练StockHMM_sz.000568, 样本数: 667
2026-06-07 05:18:45 - src.models.hmm_engine - INFO - StockHMM_sz.000568状态校准完成: {0: np.float64(0.7341772151898734), 1: np.float64(0.42765273311897106), 2: np.float64(0.3602941176470588), 3: np.float64(0.39285714285714285), 4: np.float64(1.0)}
2026-06-07 05:18:49 - src.models.hmm_engine - INFO - 训练StockHMM_sz.002475, 样本数: 667
2026-06-07 05:18:49 - src.models.hmm_engine - INFO - StockHMM_sz.002475状态校准完成: {0: np.float64(0.3894230769230769), 1: np.float64(0.8), 2: np.float64(0.4148148148148148), 3: np.float64(0.44502617801047123), 4: np.float64(0.7526881720430108)}
2026-06-07 05:18:53 - src.models.hmm_engine - INFO - 训练StockHMM_sz.300750, 样本数: 667
2026-06-07 05:18:54 - src.models.hmm_engine - INFO - StockHMM_sz.300750状态校准完成: {0: np.float64(0.75), 1: np.float64(0.43609022556390975), 2: np.float64(0.4796747967479675), 3: np.float64(0.6981132075471698), 4: np.float64(0.4155844155844156)}
2026-06-07 05:18:58 - src.models.hmm_engine - INFO - 训练StockHMM_sz.300059, 样本数: 667
2026-06-07 05:18:58 - src.models.hmm_engine - INFO - StockHMM_sz.300059状态校准完成: {0: np.float64(0.36524822695035464), 1: np.float64(0.47126436781609193), 2: np.float64(0.7083333333333334), 3: np.float64(0.43646408839779005), 4: np.float64(0.6344086021505376)}
2026-06-07 05:19:02 - src.models.hmm_engine - INFO - 训练StockHMM_sz.002714, 样本数: 667
2026-06-07 05:19:02 - src.models.hmm_engine - INFO - StockHMM_sz.002714状态校准完成: {0: np.float64(0.4472049689440994), 1: np.float64(0.6785714285714286), 2: np.float64(0.39215686274509803), 3: np.float64(0.4045307443365696), 4: np.float64(0.9090909090909091)}
2026-06-07 05:19:06 - src.models.hmm_engine - INFO - 训练StockHMM_sz.000651, 样本数: 667
2026-06-07 05:19:06 - src.models.hmm_engine - INFO - StockHMM_sz.000651状态校准完成: {0: np.float64(0.5959595959595959), 1: np.float64(0.6976744186046512), 2: np.float64(0.52), 3: np.float64(0.4322916666666667), 4: np.float64(0.4098939929328622)}
2026-06-07 05:19:10 - src.models.hmm_engine - INFO - 训练StockHMM_sz.002415, 样本数: 667
2026-06-07 05:19:10 - src.models.hmm_engine - INFO - StockHMM_sz.002415状态校准完成: {0: np.float64(0.43478260869565216), 1: np.float64(0.4069767441860465), 2: np.float64(0.4859154929577465), 3: np.float64(0.40384615384615385), 4: np.float64(0.5921052631578947)}
2026-06-07 05:19:14 - src.models.hmm_engine - INFO - 训练StockHMM_sz.300015, 样本数: 667
2026-06-07 05:19:14 - src.models.hmm_engine - INFO - StockHMM_sz.300015状态校准完成: {0: np.float64(0.29457364341085274), 1: np.float64(0.8), 2: np.float64(0.5052264808362369), 3: np.float64(0.4426229508196721), 4: np.float64(0.7678571428571429)}
2026-06-07 05:19:19 - src.models.hmm_engine - INFO - StockHMM_sh.600519状态校准完成: {0: np.float64(0.5789473684210527), 1: np.float64(0.38783269961977185), 2: np.float64(0.26785714285714285), 3: np.float64(0.42592592592592593), 4: np.float64(0.6275862068965518)}
2026-06-07 05:19:24 - src.models.hmm_engine - INFO - StockHMM_sh.601318状态校准完成: {0: np.float64(0.3852813852813853), 1: np.float64(0.5223880597014925), 2: np.float64(0.5909090909090909), 3: np.float64(0.7064220183486238), 4: np.float64(0.4235294117647059)}
2026-06-07 05:19:28 - src.models.hmm_engine - INFO - StockHMM_sh.600036状态校准完成: {0: np.float64(0.34146341463414637), 1: np.float64(0.5153374233128835), 2: np.float64(0.31443298969072164), 3: np.float64(0.4652777777777778), 4: np.float64(0.7590361445783133)}
2026-06-07 05:19:32 - src.models.hmm_engine - INFO - StockHMM_sh.600276状态校准完成: {0: np.float64(0.4587628865979381), 1: np.float64(0.3151515151515151), 2: np.float64(0.73), 3: np.float64(0.48314606741573035), 4: np.float64(0.4491525423728814)}
2026-06-07 05:19:37 - src.models.hmm_engine - INFO - StockHMM_sh.601012状态校准完成: {0: np.float64(0.3924731182795699), 1: np.float64(0.4419889502762431), 2: np.float64(0.6447368421052632), 3: np.float64(0.29559748427672955), 4: np.float64(0.6875)}
2026-06-07 05:19:41 - src.models.hmm_engine - INFO - StockHMM_sh.600887状态校准完成: {0: np.float64(0.2879581151832461), 1: np.float64(0.6909090909090909), 2: np.float64(0.456), 3: np.float64(0.47186147186147187), 4: np.float64(0.5555555555555556)}
2026-06-07 05:19:45 - src.models.hmm_engine - INFO - StockHMM_sh.600900状态校准完成: {0: np.float64(0.45454545454545453), 1: np.float64(0.6778523489932886), 2: np.float64(0.3448275862068966), 3: np.float64(0.5638766519823789), 4: np.float64(0.5555555555555556)}
2026-06-07 05:19:50 - src.models.hmm_engine - INFO - StockHMM_sh.601166状态校准完成: {0: np.float64(0.2727272727272727), 1: np.float64(0.6444444444444445), 2: np.float64(0.38738738738738737), 3: np.float64(0.6031746031746031), 4: np.float64(0.4411764705882353)}
2026-06-07 05:19:54 - src.models.hmm_engine - INFO - StockHMM_sh.600809状态校准完成: {0: np.float64(0.3333333333333333), 1: np.float64(0.3556701030927835), 2: np.float64(0.5555555555555556), 3: np.float64(0.639344262295082), 4: np.float64(0.3058823529411765)}
2026-06-07 05:19:58 - src.models.hmm_engine - INFO - StockHMM_sh.601888状态校准完成: {0: np.float64(0.3188405797101449), 1: np.float64(0.5238095238095238), 2: np.float64(0.7727272727272727), 3: np.float64(0.17419354838709677), 4: np.float64(0.4111111111111111)}
2026-06-07 05:20:03 - src.models.hmm_engine - INFO - StockHMM_sz.000333状态校准完成: {0: np.float64(0.7432432432432432), 1: np.float64(0.567741935483871), 2: np.float64(0.2653061224489796), 3: np.float64(0.5232558139534884), 4: np.float64(0.41916167664670656)}
2026-06-07 05:20:07 - src.models.hmm_engine - INFO - StockHMM_sz.000858状态校准完成: {0: np.float64(0.3486590038314176), 1: np.float64(0.4431818181818182), 2: np.float64(0.8421052631578947), 3: np.float64(0.34959349593495936), 4: np.float64(0.36363636363636365)}
2026-06-07 05:20:11 - src.models.hmm_engine - INFO - StockHMM_sz.000568状态校准完成: {0: np.float64(0.5), 1: np.float64(0.2962962962962963), 2: np.float64(0.5337078651685393), 3: np.float64(0.6534653465346535), 4: np.float64(0.36363636363636365)}
2026-06-07 05:20:16 - src.models.hmm_engine - INFO - StockHMM_sz.002475状态校准完成: {0: np.float64(0.4074074074074074), 1: np.float64(0.4550561797752809), 2: np.float64(0.46153846153846156), 3: np.float64(0.367816091954023), 4: np.float64(0.8229166666666666)}
2026-06-07 05:20:20 - src.models.hmm_engine - INFO - StockHMM_sz.300750状态校准完成: {0: np.float64(0.34285714285714286), 1: np.float64(0.4619289340101523), 2: np.float64(0.6590909090909091), 3: np.float64(0.42105263157894735), 4: np.float64(0.4876847290640394)}
2026-06-07 05:20:25 - src.models.hmm_engine - INFO - StockHMM_sz.300059状态校准完成: {0: np.float64(0.3763837638376384), 1: np.float64(0.413953488372093), 2: np.float64(0.5882352941176471), 3: np.float64(0.5106382978723404), 4: np.float64(0.6379310344827587)}
2026-06-07 05:20:29 - src.models.hmm_engine - INFO - StockHMM_sz.002714状态校准完成: {0: np.float64(0.45145631067961167), 1: np.float64(0.43243243243243246), 2: np.float64(0.37719298245614036), 3: np.float64(0.7735849056603774), 4: np.float64(0.3448275862068966)}
2026-06-07 05:20:33 - src.models.hmm_engine - INFO - StockHMM_sz.000651状态校准完成: {0: np.float64(0.3490566037735849), 1: np.float64(0.5697674418604651), 2: np.float64(0.5888324873096447), 3: np.float64(0.3935483870967742), 4: np.float64(0.4098360655737705)}
2026-06-07 05:20:37 - src.models.hmm_engine - INFO - StockHMM_sz.002415状态校准完成: {0: np.float64(0.38461538461538464), 1: np.float64(0.9659090909090909), 2: np.float64(0.4025423728813559), 3: np.float64(0.35526315789473684), 4: np.float64(0.29333333333333333)}
2026-06-07 05:20:42 - src.models.hmm_engine - INFO - StockHMM_sz.300015状态校准完成: {0: np.float64(0.6382978723404256), 1: np.float64(0.296), 2: np.float64(0.5976331360946746), 3: np.float64(0.37037037037037035), 4: np.float64(0.5)}
2026-06-07 05:20:47 - src.models.hmm_engine - INFO - StockHMM_sh.600519状态校准完成: {0: np.float64(0.5789473684210527), 1: np.float64(0.38783269961977185), 2: np.float64(0.26785714285714285), 3: np.float64(0.42592592592592593), 4: np.float64(0.6275862068965518)}
2026-06-07 05:20:51 - src.models.hmm_engine - INFO - StockHMM_sh.601318状态校准完成: {0: np.float64(0.3852813852813853), 1: np.float64(0.5223880597014925), 2: np.float64(0.5909090909090909), 3: np.float64(0.7064220183486238), 4: np.float64(0.4235294117647059)}
2026-06-07 05:20:56 - src.models.hmm_engine - INFO - StockHMM_sh.600036状态校准完成: {0: np.float64(0.34146341463414637), 1: np.float64(0.5153374233128835), 2: np.float64(0.31443298969072164), 3: np.float64(0.4652777777777778), 4: np.float64(0.7590361445783133)}
2026-06-07 05:21:00 - src.models.hmm_engine - INFO - StockHMM_sh.600276状态校准完成: {0: np.float64(0.4587628865979381), 1: np.float64(0.3151515151515151), 2: np.float64(0.73), 3: np.float64(0.48314606741573035), 4: np.float64(0.4491525423728814)}
2026-06-07 05:21:04 - src.models.hmm_engine - INFO - StockHMM_sh.601012状态校准完成: {0: np.float64(0.3924731182795699), 1: np.float64(0.4419889502762431), 2: np.float64(0.6447368421052632), 3: np.float64(0.29559748427672955), 4: np.float64(0.6875)}
2026-06-07 05:21:09 - src.models.hmm_engine - INFO - StockHMM_sh.600887状态校准完成: {0: np.float64(0.2879581151832461), 1: np.float64(0.6909090909090909), 2: np.float64(0.456), 3: np.float64(0.47186147186147187), 4: np.float64(0.5555555555555556)}
2026-06-07 05:21:13 - src.models.hmm_engine - INFO - StockHMM_sh.600900状态校准完成: {0: np.float64(0.45454545454545453), 1: np.float64(0.6778523489932886), 2: np.float64(0.3448275862068966), 3: np.float64(0.5638766519823789), 4: np.float64(0.5555555555555556)}
2026-06-07 05:21:17 - src.models.hmm_engine - INFO - StockHMM_sh.601166状态校准完成: {0: np.float64(0.2727272727272727), 1: np.float64(0.6444444444444445), 2: np.float64(0.38738738738738737), 3: np.float64(0.6031746031746031), 4: np.float64(0.4411764705882353)}
2026-06-07 05:21:22 - src.models.hmm_engine - INFO - StockHMM_sh.600809状态校准完成: {0: np.float64(0.3333333333333333), 1: np.float64(0.3556701030927835), 2: np.float64(0.5555555555555556), 3: np.float64(0.639344262295082), 4: np.float64(0.3058823529411765)}
2026-06-07 05:21:26 - src.models.hmm_engine - INFO - StockHMM_sh.601888状态校准完成: {0: np.float64(0.3188405797101449), 1: np.float64(0.5238095238095238), 2: np.float64(0.7727272727272727), 3: np.float64(0.17419354838709677), 4: np.float64(0.4111111111111111)}
2026-06-07 05:21:30 - src.models.hmm_engine - INFO - StockHMM_sz.000333状态校准完成: {0: np.float64(0.7432432432432432), 1: np.float64(0.567741935483871), 2: np.float64(0.2653061224489796), 3: np.float64(0.5232558139534884), 4: np.float64(0.41916167664670656)}
2026-06-07 05:21:35 - src.models.hmm_engine - INFO - StockHMM_sz.000858状态校准完成: {0: np.float64(0.3486590038314176), 1: np.float64(0.4431818181818182), 2: np.float64(0.8421052631578947), 3: np.float64(0.34959349593495936), 4: np.float64(0.36363636363636365)}
2026-06-07 05:21:39 - src.models.hmm_engine - INFO - StockHMM_sz.000568状态校准完成: {0: np.float64(0.5), 1: np.float64(0.2962962962962963), 2: np.float64(0.5337078651685393), 3: np.float64(0.6534653465346535), 4: np.float64(0.36363636363636365)}
2026-06-07 05:21:43 - src.models.hmm_engine - INFO - StockHMM_sz.002475状态校准完成: {0: np.float64(0.4074074074074074), 1: np.float64(0.4550561797752809), 2: np.float64(0.46153846153846156), 3: np.float64(0.367816091954023), 4: np.float64(0.8229166666666666)}
2026-06-07 05:21:48 - src.models.hmm_engine - INFO - StockHMM_sz.300750状态校准完成: {0: np.float64(0.34285714285714286), 1: np.float64(0.4619289340101523), 2: np.float64(0.6590909090909091), 3: np.float64(0.42105263157894735), 4: np.float64(0.4876847290640394)}
2026-06-07 05:21:52 - src.models.hmm_engine - INFO - StockHMM_sz.300059状态校准完成: {0: np.float64(0.3763837638376384), 1: np.float64(0.413953488372093), 2: np.float64(0.5882352941176471), 3: np.float64(0.5106382978723404), 4: np.float64(0.6379310344827587)}
2026-06-07 05:21:56 - src.models.hmm_engine - INFO - StockHMM_sz.002714状态校准完成: {0: np.float64(0.45145631067961167), 1: np.float64(0.43243243243243246), 2: np.float64(0.37719298245614036), 3: np.float64(0.7735849056603774), 4: np.float64(0.3448275862068966)}
2026-06-07 05:22:01 - src.models.hmm_engine - INFO - StockHMM_sz.000651状态校准完成: {0: np.float64(0.3490566037735849), 1: np.float64(0.5697674418604651), 2: np.float64(0.5888324873096447), 3: np.float64(0.3935483870967742), 4: np.float64(0.4098360655737705)}
2026-06-07 05:22:05 - src.models.hmm_engine - INFO - StockHMM_sz.002415状态校准完成: {0: np.float64(0.38461538461538464), 1: np.float64(0.9659090909090909), 2: np.float64(0.4025423728813559), 3: np.float64(0.35526315789473684), 4: np.float64(0.29333333333333333)}
2026-06-07 05:22:09 - src.models.hmm_engine - INFO - StockHMM_sz.300015状态校准完成: {0: np.float64(0.6382978723404256), 1: np.float64(0.296), 2: np.float64(0.5976331360946746), 3: np.float64(0.37037037037037035), 4: np.float64(0.5)}
2026-06-07 08:58:24 - src.models.hmm_engine - INFO - StockHMM_sh.600519状态校准完成: {0: np.float64(0.15789473684210525), 1: np.float64(0.42358078602620086), 2: np.float64(0.375), 3: np.float64(0.9206349206349206), 4: np.float64(0.39896373056994816)}
2026-06-07 08:58:24 - src.models.hmm_engine - INFO - StockHMM_sh.601318状态校准完成: {0: np.float64(0.45544554455445546), 1: np.float64(0.5294117647058824), 2: np.float64(0.42788461538461536), 3: np.float64(0.7), 4: np.float64(0.4264705882352941)}
2026-06-07 08:58:25 - src.models.hmm_engine - INFO - StockHMM_sh.600036状态校准完成: {0: np.float64(0.38071065989847713), 1: np.float64(0.6902654867256637), 2: np.float64(0.3581081081081081), 3: np.float64(0.47468354430379744), 4: np.float64(0.45098039215686275)}
2026-06-07 08:58:25 - src.models.hmm_engine - INFO - StockHMM_sh.600276状态校准完成: {0: np.float64(0.6578947368421053), 1: np.float64(0.4076923076923077), 2: np.float64(0.4461538461538462), 3: np.float64(0.38181818181818183), 4: np.float64(0.4765625)}
2026-06-07 08:58:25 - src.models.hmm_engine - INFO - StockHMM_sh.601012状态校准完成: {0: np.float64(0.32432432432432434), 1: np.float64(0.6183206106870229), 2: np.float64(0.5504587155963303), 3: np.float64(0.40718562874251496), 4: np.float64(0.0)}
2026-06-07 08:58:25 - src.models.hmm_engine - INFO - StockHMM_sh.600887状态校准完成: {0: np.float64(0.42152466367713004), 1: np.float64(0.568), 2: np.float64(0.75), 3: np.float64(0.4011627906976744), 4: np.float64(0.45454545454545453)}
2026-06-07 08:58:25 - src.models.hmm_engine - INFO - StockHMM_sh.600900状态校准完成: {0: np.float64(0.4669603524229075), 1: np.float64(0.5454545454545454), 2: np.float64(0.5125), 3: np.float64(1.0), 4: np.float64(0.5407407407407407)}
2026-06-07 08:58:25 - src.models.hmm_engine - INFO - StockHMM_sh.601166状态校准完成: {0: np.float64(0.43209876543209874), 1: np.float64(0.5238095238095238), 2: np.float64(0.46875), 3: np.float64(0.5148514851485149), 4: np.float64(0.5)}
2026-06-07 08:58:25 - src.models.hmm_engine - INFO - StockHMM_sh.600809状态校准完成: {0: np.float64(0.3515151515151515), 1: np.float64(0.9696969696969697), 2: np.float64(0.09375), 3: np.float64(0.37058823529411766), 4: np.float64(0.4378698224852071)}
2026-06-07 08:58:26 - src.models.hmm_engine - INFO - StockHMM_sh.601888状态校准完成: {0: np.float64(0.31125827814569534), 1: np.float64(0.3333333333333333), 2: np.float64(0.584070796460177), 3: np.float64(0.7727272727272727), 4: np.float64(0.2974137931034483)}
2026-06-07 08:58:26 - src.models.hmm_engine - INFO - StockHMM_sz.000333状态校准完成: {0: np.float64(0.5581395348837209), 1: np.float64(0.4973544973544973), 2: np.float64(0.49019607843137253), 3: np.float64(0.6666666666666666), 4: np.float64(0.43478260869565216)}
2026-06-07 08:58:26 - src.models.hmm_engine - INFO - StockHMM_sz.000858状态校准完成: {0: np.float64(0.2605633802816901), 1: np.float64(0.3858267716535433), 2: np.float64(0.45108695652173914), 3: np.float64(0.5310344827586206), 4: np.float64(0.7391304347826086)}
2026-06-07 08:58:26 - src.models.hmm_engine - INFO - StockHMM_sz.000568状态校准完成: {0: np.float64(0.36879432624113473), 1: np.float64(0.44508670520231214), 2: np.float64(0.4861111111111111), 3: np.float64(0.34265734265734266), 4: np.float64(0.7272727272727273)}
2026-06-07 08:58:26 - src.models.hmm_engine - INFO - StockHMM_sz.002475状态校准完成: {0: np.float64(0.7391304347826086), 1: np.float64(0.6936936936936937), 2: np.float64(0.3865979381443299), 3: np.float64(0.421875), 4: np.float64(0.44680851063829785)}
2026-06-07 08:58:27 - src.models.hmm_engine - INFO - StockHMM_sz.300750状态校准完成: {0: np.float64(0.45132743362831856), 1: np.float64(0.6666666666666666), 2: np.float64(0.5172413793103449), 3: np.float64(0.41935483870967744), 4: np.float64(0.425)}
2026-06-07 08:58:27 - src.models.hmm_engine - INFO - StockHMM_sz.300059状态校准完成: {0: np.float64(0.5433070866141733), 1: np.float64(0.453125), 2: np.float64(0.43790849673202614), 3: np.float64(0.3707865168539326), 4: np.float64(0.625)}
2026-06-07 08:58:27 - src.models.hmm_engine - INFO - StockHMM_sz.002714状态校准完成: {0: np.float64(0.391156462585034), 1: np.float64(0.3942307692307692), 2: np.float64(0.1111111111111111), 3: np.float64(0.9012345679012346), 4: np.float64(0.4472049689440994)}
2026-06-07 08:58:27 - src.models.hmm_engine - INFO - StockHMM_sz.000651状态校准完成: {0: np.float64(0.1568627450980392), 1: np.float64(0.396078431372549), 2: np.float64(0.9047619047619048), 3: np.float64(0.5588235294117647), 4: np.float64(0.4354066985645933)}
2026-06-07 08:58:27 - src.models.hmm_engine - INFO - StockHMM_sz.002415状态校准完成: {0: np.float64(0.43478260869565216), 1: np.float64(0.39487179487179486), 2: np.float64(0.39880952380952384), 3: np.float64(0.48322147651006714), 4: np.float64(0.6046511627906976)}
2026-06-07 08:58:27 - src.models.hmm_engine - INFO - StockHMM_sz.300015状态校准完成: {0: np.float64(0.5172413793103449), 1: np.float64(0.32550335570469796), 2: np.float64(0.46308724832214765), 3: np.float64(0.6447368421052632), 4: np.float64(0.5813953488372093)}
2026-06-07 08:58:27 - src.models.hmm_engine - INFO - StockHMM_sh.600519状态校准完成: {0: np.float64(0.15789473684210525), 1: np.float64(0.42358078602620086), 2: np.float64(0.375), 3: np.float64(0.9206349206349206), 4: np.float64(0.39896373056994816)}
2026-06-07 08:58:28 - src.models.hmm_engine - INFO - StockHMM_sh.601318状态校准完成: {0: np.float64(0.45544554455445546), 1: np.float64(0.5294117647058824), 2: np.float64(0.42788461538461536), 3: np.float64(0.7), 4: np.float64(0.4264705882352941)}
2026-06-07 08:58:28 - src.models.hmm_engine - INFO - StockHMM_sh.600036状态校准完成: {0: np.float64(0.38071065989847713), 1: np.float64(0.6902654867256637), 2: np.float64(0.3581081081081081), 3: np.float64(0.47468354430379744), 4: np.float64(0.45098039215686275)}
2026-06-07 08:58:29 - src.models.hmm_engine - INFO - StockHMM_sh.600276状态校准完成: {0: np.float64(0.6578947368421053), 1: np.float64(0.4076923076923077), 2: np.float64(0.4461538461538462), 3: np.float64(0.38181818181818183), 4: np.float64(0.4765625)}
2026-06-07 08:58:29 - src.models.hmm_engine - INFO - StockHMM_sh.601012状态校准完成: {0: np.float64(0.32432432432432434), 1: np.float64(0.6183206106870229), 2: np.float64(0.5504587155963303), 3: np.float64(0.40718562874251496), 4: np.float64(0.0)}
2026-06-07 08:58:30 - src.models.hmm_engine - INFO - StockHMM_sh.600887状态校准完成: {0: np.float64(0.42152466367713004), 1: np.float64(0.568), 2: np.float64(0.75), 3: np.float64(0.4011627906976744), 4: np.float64(0.45454545454545453)}
2026-06-07 08:58:30 - src.models.hmm_engine - INFO - StockHMM_sh.600900状态校准完成: {0: np.float64(0.4669603524229075), 1: np.float64(0.5454545454545454), 2: np.float64(0.5125), 3: np.float64(1.0), 4: np.float64(0.5407407407407407)}
2026-06-07 08:58:30 - src.models.hmm_engine - INFO - StockHMM_sh.601166状态校准完成: {0: np.float64(0.43209876543209874), 1: np.float64(0.5238095238095238), 2: np.float64(0.46875), 3: np.float64(0.5148514851485149), 4: np.float64(0.5)}
2026-06-07 08:58:30 - src.models.hmm_engine - INFO - StockHMM_sh.600809状态校准完成: {0: np.float64(0.3515151515151515), 1: np.float64(0.9696969696969697), 2: np.float64(0.09375), 3: np.float64(0.37058823529411766), 4: np.float64(0.4378698224852071)}
2026-06-07 08:58:31 - src.models.hmm_engine - INFO - StockHMM_sh.601888状态校准完成: {0: np.float64(0.31125827814569534), 1: np.float64(0.3333333333333333), 2: np.float64(0.584070796460177), 3: np.float64(0.7727272727272727), 4: np.float64(0.2974137931034483)}
2026-06-07 08:58:32 - src.models.hmm_engine - INFO - StockHMM_sz.000333状态校准完成: {0: np.float64(0.5581395348837209), 1: np.float64(0.4973544973544973), 2: np.float64(0.49019607843137253), 3: np.float64(0.6666666666666666), 4: np.float64(0.43478260869565216)}
2026-06-07 08:58:33 - src.models.hmm_engine - INFO - StockHMM_sz.000858状态校准完成: {0: np.float64(0.2605633802816901), 1: np.float64(0.3858267716535433), 2: np.float64(0.45108695652173914), 3: np.float64(0.5310344827586206), 4: np.float64(0.7391304347826086)}
2026-06-07 08:58:33 - src.models.hmm_engine - INFO - StockHMM_sz.000568状态校准完成: {0: np.float64(0.36879432624113473), 1: np.float64(0.44508670520231214), 2: np.float64(0.4861111111111111), 3: np.float64(0.34265734265734266), 4: np.float64(0.7272727272727273)}
2026-06-07 08:58:34 - src.models.hmm_engine - INFO - StockHMM_sz.002475状态校准完成: {0: np.float64(0.7391304347826086), 1: np.float64(0.6936936936936937), 2: np.float64(0.3865979381443299), 3: np.float64(0.421875), 4: np.float64(0.44680851063829785)}
2026-06-07 08:58:35 - src.models.hmm_engine - INFO - StockHMM_sz.300750状态校准完成: {0: np.float64(0.45132743362831856), 1: np.float64(0.6666666666666666), 2: np.float64(0.5172413793103449), 3: np.float64(0.41935483870967744), 4: np.float64(0.425)}
2026-06-07 08:58:35 - src.models.hmm_engine - INFO - StockHMM_sz.300059状态校准完成: {0: np.float64(0.5433070866141733), 1: np.float64(0.453125), 2: np.float64(0.43790849673202614), 3: np.float64(0.3707865168539326), 4: np.float64(0.625)}
2026-06-07 08:58:35 - src.models.hmm_engine - INFO - StockHMM_sz.002714状态校准完成: {0: np.float64(0.391156462585034), 1: np.float64(0.3942307692307692), 2: np.float64(0.1111111111111111), 3: np.float64(0.9012345679012346), 4: np.float64(0.4472049689440994)}
2026-06-07 08:58:35 - src.models.hmm_engine - INFO - StockHMM_sz.000651状态校准完成: {0: np.float64(0.1568627450980392), 1: np.float64(0.396078431372549), 2: np.float64(0.9047619047619048), 3: np.float64(0.5588235294117647), 4: np.float64(0.4354066985645933)}
2026-06-07 08:58:36 - src.models.hmm_engine - INFO - StockHMM_sz.002415状态校准完成: {0: np.float64(0.43478260869565216), 1: np.float64(0.39487179487179486), 2: np.float64(0.39880952380952384), 3: np.float64(0.48322147651006714), 4: np.float64(0.6046511627906976)}
2026-06-07 08:58:36 - src.models.hmm_engine - INFO - StockHMM_sz.300015状态校准完成: {0: np.float64(0.5172413793103449), 1: np.float64(0.32550335570469796), 2: np.float64(0.46308724832214765), 3: np.float64(0.6447368421052632), 4: np.float64(0.5813953488372093)}
2026-06-07 08:58:37 - src.models.hmm_engine - INFO - StockHMM_sh.600519状态校准完成: {0: np.float64(0.15789473684210525), 1: np.float64(0.42358078602620086), 2: np.float64(0.375), 3: np.float64(0.9206349206349206), 4: np.float64(0.39896373056994816)}
2026-06-07 08:58:37 - src.models.hmm_engine - INFO - StockHMM_sh.601318状态校准完成: {0: np.float64(0.45544554455445546), 1: np.float64(0.5294117647058824), 2: np.float64(0.42788461538461536), 3: np.float64(0.7), 4: np.float64(0.4264705882352941)}
2026-06-07 08:58:37 - src.models.hmm_engine - INFO - StockHMM_sh.600036状态校准完成: {0: np.float64(0.38071065989847713), 1: np.float64(0.6902654867256637), 2: np.float64(0.3581081081081081), 3: np.float64(0.47468354430379744), 4: np.float64(0.45098039215686275)}
2026-06-07 08:58:37 - src.models.hmm_engine - INFO - StockHMM_sh.600276状态校准完成: {0: np.float64(0.6578947368421053), 1: np.float64(0.4076923076923077), 2: np.float64(0.4461538461538462), 3: np.float64(0.38181818181818183), 4: np.float64(0.4765625)}
2026-06-07 08:58:38 - src.models.hmm_engine - INFO - StockHMM_sh.601012状态校准完成: {0: np.float64(0.32432432432432434), 1: np.float64(0.6183206106870229), 2: np.float64(0.5504587155963303), 3: np.float64(0.40718562874251496), 4: np.float64(0.0)}
2026-06-07 08:58:38 - src.models.hmm_engine - INFO - StockHMM_sh.600887状态校准完成: {0: np.float64(0.42152466367713004), 1: np.float64(0.568), 2: np.float64(0.75), 3: np.float64(0.4011627906976744), 4: np.float64(0.45454545454545453)}
2026-06-07 08:58:38 - src.models.hmm_engine - INFO - StockHMM_sh.600900状态校准完成: {0: np.float64(0.4669603524229075), 1: np.float64(0.5454545454545454), 2: np.float64(0.5125), 3: np.float64(1.0), 4: np.float64(0.5407407407407407)}
2026-06-07 08:58:38 - src.models.hmm_engine - INFO - StockHMM_sh.601166状态校准完成: {0: np.float64(0.43209876543209874), 1: np.float64(0.5238095238095238), 2: np.float64(0.46875), 3: np.float64(0.5148514851485149), 4: np.float64(0.5)}
2026-06-07 08:58:38 - src.models.hmm_engine - INFO - StockHMM_sh.600809状态校准完成: {0: np.float64(0.3515151515151515), 1: np.float64(0.9696969696969697), 2: np.float64(0.09375), 3: np.float64(0.37058823529411766), 4: np.float64(0.4378698224852071)}
2026-06-07 08:58:38 - src.models.hmm_engine - INFO - StockHMM_sh.601888状态校准完成: {0: np.float64(0.31125827814569534), 1: np.float64(0.3333333333333333), 2: np.float64(0.584070796460177), 3: np.float64(0.7727272727272727), 4: np.float64(0.2974137931034483)}
2026-06-07 08:58:38 - src.models.hmm_engine - INFO - StockHMM_sz.000333状态校准完成: {0: np.float64(0.5581395348837209), 1: np.float64(0.4973544973544973), 2: np.float64(0.49019607843137253), 3: np.float64(0.6666666666666666), 4: np.float64(0.43478260869565216)}
2026-06-07 08:58:39 - src.models.hmm_engine - INFO - StockHMM_sz.000858状态校准完成: {0: np.float64(0.2605633802816901), 1: np.float64(0.3858267716535433), 2: np.float64(0.45108695652173914), 3: np.float64(0.5310344827586206), 4: np.float64(0.7391304347826086)}
2026-06-07 08:58:39 - src.models.hmm_engine - INFO - StockHMM_sz.000568状态校准完成: {0: np.float64(0.36879432624113473), 1: np.float64(0.44508670520231214), 2: np.float64(0.4861111111111111), 3: np.float64(0.34265734265734266), 4: np.float64(0.7272727272727273)}
2026-06-07 08:58:39 - src.models.hmm_engine - INFO - StockHMM_sz.002475状态校准完成: {0: np.float64(0.7391304347826086), 1: np.float64(0.6936936936936937), 2: np.float64(0.3865979381443299), 3: np.float64(0.421875), 4: np.float64(0.44680851063829785)}
2026-06-07 08:58:39 - src.models.hmm_engine - INFO - StockHMM_sz.300750状态校准完成: {0: np.float64(0.45132743362831856), 1: np.float64(0.6666666666666666), 2: np.float64(0.5172413793103449), 3: np.float64(0.41935483870967744), 4: np.float64(0.425)}
2026-06-07 08:58:39 - src.models.hmm_engine - INFO - StockHMM_sz.300059状态校准完成: {0: np.float64(0.5433070866141733), 1: np.float64(0.453125), 2: np.float64(0.43790849673202614), 3: np.float64(0.3707865168539326), 4: np.float64(0.625)}
2026-06-07 08:58:40 - src.models.hmm_engine - INFO - StockHMM_sz.002714状态校准完成: {0: np.float64(0.391156462585034), 1: np.float64(0.3942307692307692), 2: np.float64(0.1111111111111111), 3: np.float64(0.9012345679012346), 4: np.float64(0.4472049689440994)}
2026-06-07 08:58:40 - src.models.hmm_engine - INFO - StockHMM_sz.000651状态校准完成: {0: np.float64(0.1568627450980392), 1: np.float64(0.396078431372549), 2: np.float64(0.9047619047619048), 3: np.float64(0.5588235294117647), 4: np.float64(0.4354066985645933)}
2026-06-07 08:58:40 - src.models.hmm_engine - INFO - StockHMM_sz.002415状态校准完成: {0: np.float64(0.43478260869565216), 1: np.float64(0.39487179487179486), 2: np.float64(0.39880952380952384), 3: np.float64(0.48322147651006714), 4: np.float64(0.6046511627906976)}
2026-06-07 08:58:40 - src.models.hmm_engine - INFO - StockHMM_sz.300015状态校准完成: {0: np.float64(0.5172413793103449), 1: np.float64(0.32550335570469796), 2: np.float64(0.46308724832214765), 3: np.float64(0.6447368421052632), 4: np.float64(0.5813953488372093)}
2026-06-07 08:58:40 - src.models.hmm_engine - INFO - StockHMM_sh.600519状态校准完成: {0: np.float64(0.38461538461538464), 1: np.float64(0.14285714285714285), 2: np.float64(0.8333333333333334), 3: np.float64(1.0), 4: np.float64(0.42105263157894735)}
2026-06-07 08:58:40 - src.models.hmm_engine - INFO - StockHMM_sh.601318状态校准完成: {0: np.float64(0.47058823529411764), 1: np.float64(0.4375), 2: np.float64(0.25), 3: np.float64(1.0), 4: np.float64(0.7777777777777778)}
2026-06-07 08:58:40 - src.models.hmm_engine - INFO - StockHMM_sh.600036状态校准完成: {0: np.float64(0.3125), 1: np.float64(0.14285714285714285), 2: np.float64(0.6666666666666666), 3: np.float64(0.0), 4: np.float64(1.0)}
2026-06-07 08:58:40 - src.models.hmm_engine - INFO - StockHMM_sh.600276状态校准完成: {0: np.float64(0.3157894736842105), 1: np.float64(1.0), 2: np.float64(0.7), 3: np.float64(0.16666666666666666), 4: np.float64(0.6470588235294118)}
2026-06-07 08:58:40 - src.models.hmm_engine - INFO - StockHMM_sh.601012状态校准完成: {0: np.float64(0.19047619047619047), 1: np.float64(0.2857142857142857), 2: np.float64(0.7777777777777778), 3: np.float64(1.0), 4: np.float64(0.7272727272727273)}
2026-06-07 08:58:40 - src.models.hmm_engine - INFO - StockHMM_sh.600887状态校准完成: {0: np.float64(0.0), 1: np.float64(0.4444444444444444), 2: np.float64(1.0), 3: np.float64(0.52), 4: np.float64(0.4)}
2026-06-07 08:58:40 - src.models.hmm_engine - INFO - StockHMM_sh.600900状态校准完成: {0: np.float64(0.75), 1: np.float64(0.18181818181818182), 2: np.float64(0.5714285714285714), 3: np.float64(1.0), 4: np.float64(0.0)}
2026-06-07 08:58:40 - src.models.hmm_engine - INFO - StockHMM_sh.601166状态校准完成: {0: np.float64(0.42857142857142855), 1: np.float64(0.6153846153846154), 2: np.float64(0.5714285714285714), 3: np.float64(0.0), 4: np.float64(0.75)}
2026-06-07 08:58:41 - src.models.hmm_engine - INFO - StockHMM_sh.600809状态校准完成: {0: np.float64(0.2), 1: np.float64(1.0), 2: np.float64(0.3333333333333333), 3: np.float64(0.6), 4: np.float64(0.3684210526315789)}
2026-06-07 08:58:41 - src.models.hmm_engine - INFO - StockHMM_sh.601888状态校准完成: {0: np.float64(0.3157894736842105), 1: np.float64(0.24), 2: np.float64(0.6666666666666666), 3: np.float64(0.6666666666666666), 4: np.float64(0.0)}
2026-06-07 08:58:41 - src.models.hmm_engine - INFO - StockHMM_sz.000333状态校准完成: {0: np.float64(0.5), 1: np.float64(0.47619047619047616), 2: np.float64(1.0), 3: np.float64(0.0), 4: np.float64(0.8)}
2026-06-07 08:58:41 - src.models.hmm_engine - INFO - StockHMM_sz.000858状态校准完成: {0: np.float64(0.4), 1: np.float64(0.4666666666666667), 2: np.float64(1.0), 3: np.float64(0.4375), 4: np.float64(0.42857142857142855)}
2026-06-07 08:58:41 - src.models.hmm_engine - INFO - StockHMM_sz.000568状态校准完成: {0: np.float64(0.5), 1: np.float64(1.0), 2: np.float64(0.2727272727272727), 3: np.float64(0.18181818181818182), 4: np.float64(0.6470588235294118)}
2026-06-07 08:58:41 - src.models.hmm_engine - INFO - StockHMM_sz.002475状态校准完成: {0: np.float64(0.45), 1: np.float64(0.3333333333333333), 2: np.float64(0.875), 3: np.float64(0.6), 4: np.float64(0.0)}
2026-06-07 08:58:41 - src.models.hmm_engine - INFO - StockHMM_sz.300750状态校准完成: {0: np.float64(0.4782608695652174), 1: np.float64(0.2), 2: np.float64(0.55), 3: np.float64(1.0), 4: np.float64(1.0)}
2026-06-07 08:58:41 - src.models.hmm_engine - INFO - StockHMM_sz.300059状态校准完成: {0: np.float64(0.4117647058823529), 1: np.float64(0.4090909090909091), 2: np.float64(0.7), 3: np.float64(0.0), 4: np.float64(0.875)}
2026-06-07 08:58:41 - src.models.hmm_engine - INFO - StockHMM_sz.002714状态校准完成: {0: np.float64(1.0), 1: np.float64(0.5882352941176471), 2: np.float64(0.42105263157894735), 3: np.float64(0.0), 4: np.float64(0.9090909090909091)}
2026-06-07 08:58:41 - src.models.hmm_engine - INFO - StockHMM_sz.000651状态校准完成: {0: np.float64(0.7), 1: np.float64(1.0), 2: np.float64(0.47368421052631576), 3: np.float64(0.7), 4: np.float64(0.21428571428571427)}
2026-06-07 08:58:41 - src.models.hmm_engine - INFO - StockHMM_sz.002415状态校准完成: {0: np.float64(0.6428571428571429), 1: np.float64(1.0), 2: np.float64(0.25), 3: np.float64(0.5), 4: np.float64(0.36363636363636365)}
2026-06-07 08:58:41 - src.models.hmm_engine - INFO - StockHMM_sz.300015状态校准完成: {0: np.float64(1.0), 1: np.float64(0.47368421052631576), 2: np.float64(0.4444444444444444), 3: np.float64(0.6666666666666666), 4: np.float64(0.2222222222222222)}
2026-06-07 08:58:41 - src.models.hmm_engine - INFO - StockHMM_sh.600519状态校准完成: {0: np.float64(0.38461538461538464), 1: np.float64(0.8333333333333334), 2: np.float64(0.5454545454545454), 3: np.float64(0.16666666666666666), 4: np.float64(0.75)}
2026-06-07 08:58:41 - src.models.hmm_engine - INFO - StockHMM_sh.601318状态校准完成: {0: np.float64(0.25), 1: np.float64(0.5172413793103449), 2: np.float64(0.625), 3: np.float64(0.8888888888888888), 4: np.float64(0.0)}
2026-06-07 08:58:41 - src.models.hmm_engine - INFO - StockHMM_sh.600036状态校准完成: {0: np.float64(1.0), 1: np.float64(0.7333333333333333), 2: np.float64(0.6), 3: np.float64(0.7777777777777778), 4: np.float64(0.30434782608695654)}
2026-06-07 08:58:41 - src.models.hmm_engine - INFO - StockHMM_sh.600276状态校准完成: {0: np.float64(0.3333333333333333), 1: np.float64(0.07692307692307693), 2: np.float64(0.5), 3: np.float64(1.0), 4: np.float64(0.9)}
2026-06-07 08:58:41 - src.models.hmm_engine - INFO - StockHMM_sh.601012状态校准完成: {0: np.float64(0.25), 1: np.float64(0.28), 2: np.float64(1.0), 3: np.float64(0.75), 4: np.float64(0.0)}
2026-06-07 08:58:41 - src.models.hmm_engine - INFO - StockHMM_sh.600887状态校准完成: {0: np.float64(0.25), 1: np.float64(0.22727272727272727), 2: np.float64(0.7692307692307693), 3: np.float64(0.7142857142857143), 4: np.float64(1.0)}
2026-06-07 08:58:41 - src.models.hmm_engine - INFO - StockHMM_sh.600900状态校准完成: {0: np.float64(0.625), 1: np.float64(0.4666666666666667), 2: np.float64(0.9), 3: np.float64(0.4583333333333333), 4: np.float64(0.0)}
2026-06-07 08:58:41 - src.models.hmm_engine - INFO - StockHMM_sh.601166状态校准完成: {0: np.float64(0.5), 1: np.float64(0.375), 2: np.float64(1.0), 3: np.float64(0.46153846153846156), 4: np.float64(0.7333333333333333)}
2026-06-07 08:58:41 - src.models.hmm_engine - INFO - StockHMM_sh.600809状态校准完成: {0: np.float64(0.3125), 1: np.float64(1.0), 2: np.float64(0.3333333333333333), 3: np.float64(0.42105263157894735), 4: np.float64(0.9)}
2026-06-07 08:58:41 - src.models.hmm_engine - INFO - StockHMM_sh.601888状态校准完成: {0: np.float64(0.23529411764705882), 1: np.float64(0.8571428571428571), 2: np.float64(0.0), 3: np.float64(0.6363636363636364), 4: np.float64(0.8333333333333334)}
2026-06-07 08:58:41 - src.models.hmm_engine - INFO - StockHMM_sz.000333状态校准完成: {0: np.float64(0.75), 1: np.float64(0.5), 2: np.float64(0.6), 3: np.float64(0.8571428571428571), 4: np.float64(0.0)}
2026-06-07 08:58:41 - src.models.hmm_engine - INFO - StockHMM_sz.000858状态校准完成: {0: np.float64(0.5714285714285714), 1: np.float64(0.6923076923076923), 2: np.float64(0.8571428571428571), 3: np.float64(0.22727272727272727), 4: np.float64(1.0)}
2026-06-07 08:58:42 - src.models.hmm_engine - INFO - StockHMM_sz.000568状态校准完成: {0: np.float64(0.42857142857142855), 1: np.float64(0.38095238095238093), 2: np.float64(0.3333333333333333), 3: np.float64(0.8571428571428571), 4: np.float64(1.0)}
2026-06-07 08:58:42 - src.models.hmm_engine - INFO - StockHMM_sz.002475状态校准完成: {0: np.float64(0.2), 1: np.float64(0.5161290322580645), 2: np.float64(0.25), 3: np.float64(0.125), 4: np.float64(1.0)}
2026-06-07 08:58:42 - src.models.hmm_engine - INFO - StockHMM_sz.300750状态校准完成: {0: np.float64(0.5333333333333333), 1: np.float64(0.5), 2: np.float64(1.0), 3: np.float64(1.0), 4: np.float64(0.38461538461538464)}
2026-06-07 08:58:42 - src.models.hmm_engine - INFO - StockHMM_sz.300059状态校准完成: {0: np.float64(0.06666666666666667), 1: np.float64(0.375), 2: np.float64(1.0), 3: np.float64(0.16666666666666666), 4: np.float64(0.9090909090909091)}
2026-06-07 08:58:42 - src.models.hmm_engine - INFO - StockHMM_sz.002714状态校准完成: {0: np.float64(0.45454545454545453), 1: np.float64(0.3), 2: np.float64(0.0), 3: np.float64(0.5217391304347826), 4: np.float64(1.0)}
2026-06-07 08:58:42 - src.models.hmm_engine - INFO - StockHMM_sz.000651状态校准完成: {0: np.float64(0.5625), 1: np.float64(0.5263157894736842), 2: np.float64(0.9411764705882353), 3: np.float64(0.0), 4: np.float64(1.0)}
2026-06-07 08:58:42 - src.models.hmm_engine - INFO - StockHMM_sz.002415状态校准完成: {0: np.float64(0.8333333333333334), 1: np.float64(0.35294117647058826), 2: np.float64(0.6111111111111112), 3: np.float64(0.5), 4: np.float64(0.0)}
2026-06-07 08:58:42 - src.models.hmm_engine - INFO - StockHMM_sz.300015状态校准完成: {0: np.float64(0.06666666666666667), 1: np.float64(0.5384615384615384), 2: np.float64(1.0), 3: np.float64(0.25), 4: np.float64(0.35294117647058826)}
2026-06-07 08:58:42 - src.models.hmm_engine - INFO - StockHMM_sh.600519状态校准完成: {0: np.float64(0.15789473684210525), 1: np.float64(0.42358078602620086), 2: np.float64(0.375), 3: np.float64(0.9206349206349206), 4: np.float64(0.39896373056994816)}
2026-06-07 08:58:42 - src.models.hmm_engine - INFO - StockHMM_sh.601318状态校准完成: {0: np.float64(0.45544554455445546), 1: np.float64(0.5294117647058824), 2: np.float64(0.42788461538461536), 3: np.float64(0.7), 4: np.float64(0.4264705882352941)}
2026-06-07 08:58:43 - src.models.hmm_engine - INFO - StockHMM_sh.600036状态校准完成: {0: np.float64(0.38071065989847713), 1: np.float64(0.6902654867256637), 2: np.float64(0.3581081081081081), 3: np.float64(0.47468354430379744), 4: np.float64(0.45098039215686275)}
2026-06-07 08:58:43 - src.models.hmm_engine - INFO - StockHMM_sh.600276状态校准完成: {0: np.float64(0.6578947368421053), 1: np.float64(0.4076923076923077), 2: np.float64(0.4461538461538462), 3: np.float64(0.38181818181818183), 4: np.float64(0.4765625)}
2026-06-07 08:58:43 - src.models.hmm_engine - INFO - StockHMM_sh.601012状态校准完成: {0: np.float64(0.32432432432432434), 1: np.float64(0.6183206106870229), 2: np.float64(0.5504587155963303), 3: np.float64(0.40718562874251496), 4: np.float64(0.0)}
2026-06-07 08:58:44 - src.models.hmm_engine - INFO - StockHMM_sh.600887状态校准完成: {0: np.float64(0.42152466367713004), 1: np.float64(0.568), 2: np.float64(0.75), 3: np.float64(0.4011627906976744), 4: np.float64(0.45454545454545453)}
2026-06-07 08:58:44 - src.models.hmm_engine - INFO - StockHMM_sh.600900状态校准完成: {0: np.float64(0.4669603524229075), 1: np.float64(0.5454545454545454), 2: np.float64(0.5125), 3: np.float64(1.0), 4: np.float64(0.5407407407407407)}
2026-06-07 08:58:44 - src.models.hmm_engine - INFO - StockHMM_sh.601166状态校准完成: {0: np.float64(0.43209876543209874), 1: np.float64(0.5238095238095238), 2: np.float64(0.46875), 3: np.float64(0.5148514851485149), 4: np.float64(0.5)}
2026-06-07 08:58:44 - src.models.hmm_engine - INFO - StockHMM_sh.600809状态校准完成: {0: np.float64(0.3515151515151515), 1: np.float64(0.9696969696969697), 2: np.float64(0.09375), 3: np.float64(0.37058823529411766), 4: np.float64(0.4378698224852071)}
2026-06-07 08:58:45 - src.models.hmm_engine - INFO - StockHMM_sh.601888状态校准完成: {0: np.float64(0.31125827814569534), 1: np.float64(0.3333333333333333), 2: np.float64(0.584070796460177), 3: np.float64(0.7727272727272727), 4: np.float64(0.2974137931034483)}
2026-06-07 08:58:46 - src.models.hmm_engine - INFO - StockHMM_sz.000333状态校准完成: {0: np.float64(0.5581395348837209), 1: np.float64(0.4973544973544973), 2: np.float64(0.49019607843137253), 3: np.float64(0.6666666666666666), 4: np.float64(0.43478260869565216)}
2026-06-07 08:58:47 - src.models.hmm_engine - INFO - StockHMM_sz.000858状态校准完成: {0: np.float64(0.2605633802816901), 1: np.float64(0.3858267716535433), 2: np.float64(0.45108695652173914), 3: np.float64(0.5310344827586206), 4: np.float64(0.7391304347826086)}
2026-06-07 08:58:47 - src.models.hmm_engine - INFO - StockHMM_sz.000568状态校准完成: {0: np.float64(0.36879432624113473), 1: np.float64(0.44508670520231214), 2: np.float64(0.4861111111111111), 3: np.float64(0.34265734265734266), 4: np.float64(0.7272727272727273)}
2026-06-07 08:58:48 - src.models.hmm_engine - INFO - StockHMM_sz.002475状态校准完成: {0: np.float64(0.7391304347826086), 1: np.float64(0.6936936936936937), 2: np.float64(0.3865979381443299), 3: np.float64(0.421875), 4: np.float64(0.44680851063829785)}
2026-06-07 08:58:48 - src.models.hmm_engine - INFO - StockHMM_sz.300750状态校准完成: {0: np.float64(0.45132743362831856), 1: np.float64(0.6666666666666666), 2: np.float64(0.5172413793103449), 3: np.float64(0.41935483870967744), 4: np.float64(0.425)}
2026-06-07 08:58:49 - src.models.hmm_engine - INFO - StockHMM_sz.300059状态校准完成: {0: np.float64(0.5433070866141733), 1: np.float64(0.453125), 2: np.float64(0.43790849673202614), 3: np.float64(0.3707865168539326), 4: np.float64(0.625)}
2026-06-07 08:58:49 - src.models.hmm_engine - INFO - StockHMM_sz.002714状态校准完成: {0: np.float64(0.391156462585034), 1: np.float64(0.3942307692307692), 2: np.float64(0.1111111111111111), 3: np.float64(0.9012345679012346), 4: np.float64(0.4472049689440994)}
2026-06-07 08:58:49 - src.models.hmm_engine - INFO - StockHMM_sz.000651状态校准完成: {0: np.float64(0.1568627450980392), 1: np.float64(0.396078431372549), 2: np.float64(0.9047619047619048), 3: np.float64(0.5588235294117647), 4: np.float64(0.4354066985645933)}
2026-06-07 08:58:50 - src.models.hmm_engine - INFO - StockHMM_sz.002415状态校准完成: {0: np.float64(0.43478260869565216), 1: np.float64(0.39487179487179486), 2: np.float64(0.39880952380952384), 3: np.float64(0.48322147651006714), 4: np.float64(0.6046511627906976)}
2026-06-07 08:58:50 - src.models.hmm_engine - INFO - StockHMM_sz.300015状态校准完成: {0: np.float64(0.5172413793103449), 1: np.float64(0.32550335570469796), 2: np.float64(0.46308724832214765), 3: np.float64(0.6447368421052632), 4: np.float64(0.5813953488372093)}
2026-06-07 09:00:37 - src.models.hmm_engine - INFO - StockHMM_temp状态校准完成: {0: np.float64(0.15789473684210525), 1: np.float64(0.42358078602620086), 2: np.float64(0.375), 3: np.float64(0.9206349206349206), 4: np.float64(0.39896373056994816)}
2026-06-07 09:00:37 - src.models.hmm_engine - INFO - StockHMM_temp状态校准完成: {0: np.float64(0.45544554455445546), 1: np.float64(0.5294117647058824), 2: np.float64(0.42788461538461536), 3: np.float64(0.7), 4: np.float64(0.4264705882352941)}
2026-06-07 09:00:37 - src.models.hmm_engine - INFO - StockHMM_temp状态校准完成: {0: np.float64(0.38071065989847713), 1: np.float64(0.6902654867256637), 2: np.float64(0.3581081081081081), 3: np.float64(0.47468354430379744), 4: np.float64(0.45098039215686275)}
2026-06-07 09:00:37 - src.models.hmm_engine - INFO - StockHMM_temp状态校准完成: {0: np.float64(0.6578947368421053), 1: np.float64(0.4076923076923077), 2: np.float64(0.4461538461538462), 3: np.float64(0.38181818181818183), 4: np.float64(0.4765625)}
2026-06-07 09:00:37 - src.models.hmm_engine - INFO - StockHMM_temp状态校准完成: {0: np.float64(0.32432432432432434), 1: np.float64(0.6183206106870229), 2: np.float64(0.5504587155963303), 3: np.float64(0.40718562874251496), 4: np.float64(0.0)}
2026-06-07 09:00:37 - src.models.hmm_engine - INFO - StockHMM_temp状态校准完成: {0: np.float64(0.42152466367713004), 1: np.float64(0.568), 2: np.float64(0.75), 3: np.float64(0.4011627906976744), 4: np.float64(0.45454545454545453)}
2026-06-07 09:00:38 - src.models.hmm_engine - INFO - StockHMM_temp状态校准完成: {0: np.float64(0.4669603524229075), 1: np.float64(0.5454545454545454), 2: np.float64(0.5125), 3: np.float64(1.0), 4: np.float64(0.5407407407407407)}
2026-06-07 09:00:38 - src.models.hmm_engine - INFO - StockHMM_temp状态校准完成: {0: np.float64(0.43209876543209874), 1: np.float64(0.5238095238095238), 2: np.float64(0.46875), 3: np.float64(0.5148514851485149), 4: np.float64(0.5)}
2026-06-07 09:00:38 - src.models.hmm_engine - INFO - StockHMM_temp状态校准完成: {0: np.float64(0.3515151515151515), 1: np.float64(0.9696969696969697), 2: np.float64(0.09375), 3: np.float64(0.37058823529411766), 4: np.float64(0.4378698224852071)}
2026-06-07 09:00:38 - src.models.hmm_engine - INFO - StockHMM_temp状态校准完成: {0: np.float64(0.31125827814569534), 1: np.float64(0.3333333333333333), 2: np.float64(0.584070796460177), 3: np.float64(0.7727272727272727), 4: np.float64(0.2974137931034483)}
2026-06-07 09:00:38 - src.models.hmm_engine - INFO - StockHMM_temp状态校准完成: {0: np.float64(0.5581395348837209), 1: np.float64(0.4973544973544973), 2: np.float64(0.49019607843137253), 3: np.float64(0.6666666666666666), 4: np.float64(0.43478260869565216)}
2026-06-07 09:00:38 - src.models.hmm_engine - INFO - StockHMM_temp状态校准完成: {0: np.float64(0.2605633802816901), 1: np.float64(0.3858267716535433), 2: np.float64(0.45108695652173914), 3: np.float64(0.5310344827586206), 4: np.float64(0.7391304347826086)}
2026-06-07 09:00:39 - src.models.hmm_engine - INFO - StockHMM_temp状态校准完成: {0: np.float64(0.36879432624113473), 1: np.float64(0.44508670520231214), 2: np.float64(0.4861111111111111), 3: np.float64(0.34265734265734266), 4: np.float64(0.7272727272727273)}
2026-06-07 09:00:39 - src.models.hmm_engine - INFO - StockHMM_temp状态校准完成: {0: np.float64(0.7391304347826086), 1: np.float64(0.6936936936936937), 2: np.float64(0.3865979381443299), 3: np.float64(0.421875), 4: np.float64(0.44680851063829785)}
2026-06-07 09:00:39 - src.models.hmm_engine - INFO - StockHMM_temp状态校准完成: {0: np.float64(0.45132743362831856), 1: np.float64(0.6666666666666666), 2: np.float64(0.5172413793103449), 3: np.float64(0.41935483870967744), 4: np.float64(0.425)}
2026-06-07 09:00:39 - src.models.hmm_engine - INFO - StockHMM_temp状态校准完成: {0: np.float64(0.5433070866141733), 1: np.float64(0.453125), 2: np.float64(0.43790849673202614), 3: np.float64(0.3707865168539326), 4: np.float64(0.625)}
2026-06-07 09:00:39 - src.models.hmm_engine - INFO - StockHMM_temp状态校准完成: {0: np.float64(0.391156462585034), 1: np.float64(0.3942307692307692), 2: np.float64(0.1111111111111111), 3: np.float64(0.9012345679012346), 4: np.float64(0.4472049689440994)}
2026-06-07 09:00:39 - src.models.hmm_engine - INFO - StockHMM_temp状态校准完成: {0: np.float64(0.1568627450980392), 1: np.float64(0.396078431372549), 2: np.float64(0.9047619047619048), 3: np.float64(0.5588235294117647), 4: np.float64(0.4354066985645933)}
2026-06-07 09:00:40 - src.models.hmm_engine - INFO - StockHMM_temp状态校准完成: {0: np.float64(0.43478260869565216), 1: np.float64(0.39487179487179486), 2: np.float64(0.39880952380952384), 3: np.float64(0.48322147651006714), 4: np.float64(0.6046511627906976)}
2026-06-07 09:00:40 - src.models.hmm_engine - INFO - StockHMM_temp状态校准完成: {0: np.float64(0.5172413793103449), 1: np.float64(0.32550335570469796), 2: np.float64(0.46308724832214765), 3: np.float64(0.6447368421052632), 4: np.float64(0.5813953488372093)}
2026-06-07 09:00:40 - src.models.hmm_engine - INFO - StockHMM_temp状态校准完成: {0: np.float64(0.15789473684210525), 1: np.float64(0.42358078602620086), 2: np.float64(0.375), 3: np.float64(0.9206349206349206), 4: np.float64(0.39896373056994816)}
2026-06-07 09:00:40 - src.models.hmm_engine - INFO - StockHMM_temp状态校准完成: {0: np.float64(0.45544554455445546), 1: np.float64(0.5294117647058824), 2: np.float64(0.42788461538461536), 3: np.float64(0.7), 4: np.float64(0.4264705882352941)}
2026-06-07 09:00:41 - src.models.hmm_engine - INFO - StockHMM_temp状态校准完成: {0: np.float64(0.38071065989847713), 1: np.float64(0.6902654867256637), 2: np.float64(0.3581081081081081), 3: np.float64(0.47468354430379744), 4: np.float64(0.45098039215686275)}
2026-06-07 09:00:41 - src.models.hmm_engine - INFO - StockHMM_temp状态校准完成: {0: np.float64(0.6578947368421053), 1: np.float64(0.4076923076923077), 2: np.float64(0.4461538461538462), 3: np.float64(0.38181818181818183), 4: np.float64(0.4765625)}
2026-06-07 09:00:42 - src.models.hmm_engine - INFO - StockHMM_temp状态校准完成: {0: np.float64(0.32432432432432434), 1: np.float64(0.6183206106870229), 2: np.float64(0.5504587155963303), 3: np.float64(0.40718562874251496), 4: np.float64(0.0)}
2026-06-07 09:00:42 - src.models.hmm_engine - INFO - StockHMM_temp状态校准完成: {0: np.float64(0.42152466367713004), 1: np.float64(0.568), 2: np.float64(0.75), 3: np.float64(0.4011627906976744), 4: np.float64(0.45454545454545453)}
2026-06-07 09:00:42 - src.models.hmm_engine - INFO - StockHMM_temp状态校准完成: {0: np.float64(0.4669603524229075), 1: np.float64(0.5454545454545454), 2: np.float64(0.5125), 3: np.float64(1.0), 4: np.float64(0.5407407407407407)}
2026-06-07 09:00:43 - src.models.hmm_engine - INFO - StockHMM_temp状态校准完成: {0: np.float64(0.43209876543209874), 1: np.float64(0.5238095238095238), 2: np.float64(0.46875), 3: np.float64(0.5148514851485149), 4: np.float64(0.5)}
2026-06-07 09:00:43 - src.models.hmm_engine - INFO - StockHMM_temp状态校准完成: {0: np.float64(0.3515151515151515), 1: np.float64(0.9696969696969697), 2: np.float64(0.09375), 3: np.float64(0.37058823529411766), 4: np.float64(0.4378698224852071)}
2026-06-07 09:00:43 - src.models.hmm_engine - INFO - StockHMM_temp状态校准完成: {0: np.float64(0.31125827814569534), 1: np.float64(0.3333333333333333), 2: np.float64(0.584070796460177), 3: np.float64(0.7727272727272727), 4: np.float64(0.2974137931034483)}
2026-06-07 09:00:45 - src.models.hmm_engine - INFO - StockHMM_temp状态校准完成: {0: np.float64(0.5581395348837209), 1: np.float64(0.4973544973544973), 2: np.float64(0.49019607843137253), 3: np.float64(0.6666666666666666), 4: np.float64(0.43478260869565216)}
2026-06-07 09:00:45 - src.models.hmm_engine - INFO - StockHMM_temp状态校准完成: {0: np.float64(0.2605633802816901), 1: np.float64(0.3858267716535433), 2: np.float64(0.45108695652173914), 3: np.float64(0.5310344827586206), 4: np.float64(0.7391304347826086)}
2026-06-07 09:00:46 - src.models.hmm_engine - INFO - StockHMM_temp状态校准完成: {0: np.float64(0.36879432624113473), 1: np.float64(0.44508670520231214), 2: np.float64(0.4861111111111111), 3: np.float64(0.34265734265734266), 4: np.float64(0.7272727272727273)}
2026-06-07 09:00:46 - src.models.hmm_engine - INFO - StockHMM_temp状态校准完成: {0: np.float64(0.7391304347826086), 1: np.float64(0.6936936936936937), 2: np.float64(0.3865979381443299), 3: np.float64(0.421875), 4: np.float64(0.44680851063829785)}
2026-06-07 09:00:47 - src.models.hmm_engine - INFO - StockHMM_temp状态校准完成: {0: np.float64(0.45132743362831856), 1: np.float64(0.6666666666666666), 2: np.float64(0.5172413793103449), 3: np.float64(0.41935483870967744), 4: np.float64(0.425)}
2026-06-07 09:00:47 - src.models.hmm_engine - INFO - StockHMM_temp状态校准完成: {0: np.float64(0.5433070866141733), 1: np.float64(0.453125), 2: np.float64(0.43790849673202614), 3: np.float64(0.3707865168539326), 4: np.float64(0.625)}
2026-06-07 09:00:47 - src.models.hmm_engine - INFO - StockHMM_temp状态校准完成: {0: np.float64(0.391156462585034), 1: np.float64(0.3942307692307692), 2: np.float64(0.1111111111111111), 3: np.float64(0.9012345679012346), 4: np.float64(0.4472049689440994)}
2026-06-07 09:00:48 - src.models.hmm_engine - INFO - StockHMM_temp状态校准完成: {0: np.float64(0.1568627450980392), 1: np.float64(0.396078431372549), 2: np.float64(0.9047619047619048), 3: np.float64(0.5588235294117647), 4: np.float64(0.4354066985645933)}
2026-06-07 09:00:48 - src.models.hmm_engine - INFO - StockHMM_temp状态校准完成: {0: np.float64(0.43478260869565216), 1: np.float64(0.39487179487179486), 2: np.float64(0.39880952380952384), 3: np.float64(0.48322147651006714), 4: np.float64(0.6046511627906976)}
2026-06-07 09:00:48 - src.models.hmm_engine - INFO - StockHMM_temp状态校准完成: {0: np.float64(0.5172413793103449), 1: np.float64(0.32550335570469796), 2: np.float64(0.46308724832214765), 3: np.float64(0.6447368421052632), 4: np.float64(0.5813953488372093)}
2026-06-07 09:00:49 - src.models.hmm_engine - INFO - StockHMM_temp状态校准完成: {0: np.float64(0.15789473684210525), 1: np.float64(0.42358078602620086), 2: np.float64(0.375), 3: np.float64(0.9206349206349206), 4: np.float64(0.39896373056994816)}
2026-06-07 09:00:49 - src.models.hmm_engine - INFO - StockHMM_temp状态校准完成: {0: np.float64(0.45544554455445546), 1: np.float64(0.5294117647058824), 2: np.float64(0.42788461538461536), 3: np.float64(0.7), 4: np.float64(0.4264705882352941)}
2026-06-07 09:00:50 - src.models.hmm_engine - INFO - StockHMM_temp状态校准完成: {0: np.float64(0.38071065989847713), 1: np.float64(0.6902654867256637), 2: np.float64(0.3581081081081081), 3: np.float64(0.47468354430379744), 4: np.float64(0.45098039215686275)}
2026-06-07 09:00:50 - src.models.hmm_engine - INFO - StockHMM_temp状态校准完成: {0: np.float64(0.6578947368421053), 1: np.float64(0.4076923076923077), 2: np.float64(0.4461538461538462), 3: np.float64(0.38181818181818183), 4: np.float64(0.4765625)}
2026-06-07 09:00:50 - src.models.hmm_engine - INFO - StockHMM_temp状态校准完成: {0: np.float64(0.32432432432432434), 1: np.float64(0.6183206106870229), 2: np.float64(0.5504587155963303), 3: np.float64(0.40718562874251496), 4: np.float64(0.0)}
2026-06-07 09:00:50 - src.models.hmm_engine - INFO - StockHMM_temp状态校准完成: {0: np.float64(0.42152466367713004), 1: np.float64(0.568), 2: np.float64(0.75), 3: np.float64(0.4011627906976744), 4: np.float64(0.45454545454545453)}
2026-06-07 09:00:50 - src.models.hmm_engine - INFO - StockHMM_temp状态校准完成: {0: np.float64(0.4669603524229075), 1: np.float64(0.5454545454545454), 2: np.float64(0.5125), 3: np.float64(1.0), 4: np.float64(0.5407407407407407)}
2026-06-07 09:00:50 - src.models.hmm_engine - INFO - StockHMM_temp状态校准完成: {0: np.float64(0.43209876543209874), 1: np.float64(0.5238095238095238), 2: np.float64(0.46875), 3: np.float64(0.5148514851485149), 4: np.float64(0.5)}
2026-06-07 09:00:51 - src.models.hmm_engine - INFO - StockHMM_temp状态校准完成: {0: np.float64(0.3515151515151515), 1: np.float64(0.9696969696969697), 2: np.float64(0.09375), 3: np.float64(0.37058823529411766), 4: np.float64(0.4378698224852071)}
2026-06-07 09:00:51 - src.models.hmm_engine - INFO - StockHMM_temp状态校准完成: {0: np.float64(0.31125827814569534), 1: np.float64(0.3333333333333333), 2: np.float64(0.584070796460177), 3: np.float64(0.7727272727272727), 4: np.float64(0.2974137931034483)}
2026-06-07 09:00:51 - src.models.hmm_engine - INFO - StockHMM_temp状态校准完成: {0: np.float64(0.5581395348837209), 1: np.float64(0.4973544973544973), 2: np.float64(0.49019607843137253), 3: np.float64(0.6666666666666666), 4: np.float64(0.43478260869565216)}
2026-06-07 09:00:51 - src.models.hmm_engine - INFO - StockHMM_temp状态校准完成: {0: np.float64(0.2605633802816901), 1: np.float64(0.3858267716535433), 2: np.float64(0.45108695652173914), 3: np.float64(0.5310344827586206), 4: np.float64(0.7391304347826086)}
2026-06-07 09:00:51 - src.models.hmm_engine - INFO - StockHMM_temp状态校准完成: {0: np.float64(0.36879432624113473), 1: np.float64(0.44508670520231214), 2: np.float64(0.4861111111111111), 3: np.float64(0.34265734265734266), 4: np.float64(0.7272727272727273)}
2026-06-07 09:00:51 - src.models.hmm_engine - INFO - StockHMM_temp状态校准完成: {0: np.float64(0.7391304347826086), 1: np.float64(0.6936936936936937), 2: np.float64(0.3865979381443299), 3: np.float64(0.421875), 4: np.float64(0.44680851063829785)}
2026-06-07 09:00:52 - src.models.hmm_engine - INFO - StockHMM_temp状态校准完成: {0: np.float64(0.45132743362831856), 1: np.float64(0.6666666666666666), 2: np.float64(0.5172413793103449), 3: np.float64(0.41935483870967744), 4: np.float64(0.425)}
2026-06-07 09:00:52 - src.models.hmm_engine - INFO - StockHMM_temp状态校准完成: {0: np.float64(0.5433070866141733), 1: np.float64(0.453125), 2: np.float64(0.43790849673202614), 3: np.float64(0.3707865168539326), 4: np.float64(0.625)}
2026-06-07 09:00:52 - src.models.hmm_engine - INFO - StockHMM_temp状态校准完成: {0: np.float64(0.391156462585034), 1: np.float64(0.3942307692307692), 2: np.float64(0.1111111111111111), 3: np.float64(0.9012345679012346), 4: np.float64(0.4472049689440994)}
2026-06-07 09:00:52 - src.models.hmm_engine - INFO - StockHMM_temp状态校准完成: {0: np.float64(0.1568627450980392), 1: np.float64(0.396078431372549), 2: np.float64(0.9047619047619048), 3: np.float64(0.5588235294117647), 4: np.float64(0.4354066985645933)}
2026-06-07 09:00:52 - src.models.hmm_engine - INFO - StockHMM_temp状态校准完成: {0: np.float64(0.43478260869565216), 1: np.float64(0.39487179487179486), 2: np.float64(0.39880952380952384), 3: np.float64(0.48322147651006714), 4: np.float64(0.6046511627906976)}
2026-06-07 09:00:52 - src.models.hmm_engine - INFO - StockHMM_temp状态校准完成: {0: np.float64(0.5172413793103449), 1: np.float64(0.32550335570469796), 2: np.float64(0.46308724832214765), 3: np.float64(0.6447368421052632), 4: np.float64(0.5813953488372093)}
2026-06-07 09:00:53 - src.models.hmm_engine - INFO - StockHMM_temp状态校准完成: {0: np.float64(0.15789473684210525), 1: np.float64(0.42358078602620086), 2: np.float64(0.375), 3: np.float64(0.9206349206349206), 4: np.float64(0.39896373056994816)}
2026-06-07 09:00:54 - src.models.hmm_engine - INFO - StockHMM_temp状态校准完成: {0: np.float64(0.45544554455445546), 1: np.float64(0.5294117647058824), 2: np.float64(0.42788461538461536), 3: np.float64(0.7), 4: np.float64(0.4264705882352941)}
2026-06-07 09:00:54 - src.models.hmm_engine - INFO - StockHMM_temp状态校准完成: {0: np.float64(0.38071065989847713), 1: np.float64(0.6902654867256637), 2: np.float64(0.3581081081081081), 3: np.float64(0.47468354430379744), 4: np.float64(0.45098039215686275)}
2026-06-07 09:00:54 - src.models.hmm_engine - INFO - StockHMM_temp状态校准完成: {0: np.float64(0.6578947368421053), 1: np.float64(0.4076923076923077), 2: np.float64(0.4461538461538462), 3: np.float64(0.38181818181818183), 4: np.float64(0.4765625)}
2026-06-07 09:00:54 - src.models.hmm_engine - INFO - StockHMM_temp状态校准完成: {0: np.float64(0.32432432432432434), 1: np.float64(0.6183206106870229), 2: np.float64(0.5504587155963303), 3: np.float64(0.40718562874251496), 4: np.float64(0.0)}
2026-06-07 09:00:55 - src.models.hmm_engine - INFO - StockHMM_temp状态校准完成: {0: np.float64(0.42152466367713004), 1: np.float64(0.568), 2: np.float64(0.75), 3: np.float64(0.4011627906976744), 4: np.float64(0.45454545454545453)}
2026-06-07 09:00:55 - src.models.hmm_engine - INFO - StockHMM_temp状态校准完成: {0: np.float64(0.4669603524229075), 1: np.float64(0.5454545454545454), 2: np.float64(0.5125), 3: np.float64(1.0), 4: np.float64(0.5407407407407407)}
2026-06-07 09:00:55 - src.models.hmm_engine - INFO - StockHMM_temp状态校准完成: {0: np.float64(0.43209876543209874), 1: np.float64(0.5238095238095238), 2: np.float64(0.46875), 3: np.float64(0.5148514851485149), 4: np.float64(0.5)}
2026-06-07 09:00:55 - src.models.hmm_engine - INFO - StockHMM_temp状态校准完成: {0: np.float64(0.3515151515151515), 1: np.float64(0.9696969696969697), 2: np.float64(0.09375), 3: np.float64(0.37058823529411766), 4: np.float64(0.4378698224852071)}
2026-06-07 09:00:56 - src.models.hmm_engine - INFO - StockHMM_temp状态校准完成: {0: np.float64(0.31125827814569534), 1: np.float64(0.3333333333333333), 2: np.float64(0.584070796460177), 3: np.float64(0.7727272727272727), 4: np.float64(0.2974137931034483)}
2026-06-07 09:00:57 - src.models.hmm_engine - INFO - StockHMM_temp状态校准完成: {0: np.float64(0.5581395348837209), 1: np.float64(0.4973544973544973), 2: np.float64(0.49019607843137253), 3: np.float64(0.6666666666666666), 4: np.float64(0.43478260869565216)}
2026-06-07 09:00:57 - src.models.hmm_engine - INFO - StockHMM_temp状态校准完成: {0: np.float64(0.2605633802816901), 1: np.float64(0.3858267716535433), 2: np.float64(0.45108695652173914), 3: np.float64(0.5310344827586206), 4: np.float64(0.7391304347826086)}
2026-06-07 09:00:58 - src.models.hmm_engine - INFO - StockHMM_temp状态校准完成: {0: np.float64(0.36879432624113473), 1: np.float64(0.44508670520231214), 2: np.float64(0.4861111111111111), 3: np.float64(0.34265734265734266), 4: np.float64(0.7272727272727273)}
2026-06-07 09:00:58 - src.models.hmm_engine - INFO - StockHMM_temp状态校准完成: {0: np.float64(0.7391304347826086), 1: np.float64(0.6936936936936937), 2: np.float64(0.3865979381443299), 3: np.float64(0.421875), 4: np.float64(0.44680851063829785)}
2026-06-07 09:00:58 - src.models.hmm_engine - INFO - StockHMM_temp状态校准完成: {0: np.float64(0.45132743362831856), 1: np.float64(0.6666666666666666), 2: np.float64(0.5172413793103449), 3: np.float64(0.41935483870967744), 4: np.float64(0.425)}
2026-06-07 09:00:58 - src.models.hmm_engine - INFO - StockHMM_temp状态校准完成: {0: np.float64(0.5433070866141733), 1: np.float64(0.453125), 2: np.float64(0.43790849673202614), 3: np.float64(0.3707865168539326), 4: np.float64(0.625)}
2026-06-07 09:00:58 - src.models.hmm_engine - INFO - StockHMM_temp状态校准完成: {0: np.float64(0.391156462585034), 1: np.float64(0.3942307692307692), 2: np.float64(0.1111111111111111), 3: np.float64(0.9012345679012346), 4: np.float64(0.4472049689440994)}
2026-06-07 09:00:59 - src.models.hmm_engine - INFO - StockHMM_temp状态校准完成: {0: np.float64(0.1568627450980392), 1: np.float64(0.396078431372549), 2: np.float64(0.9047619047619048), 3: np.float64(0.5588235294117647), 4: np.float64(0.4354066985645933)}
2026-06-07 09:00:59 - src.models.hmm_engine - INFO - StockHMM_temp状态校准完成: {0: np.float64(0.43478260869565216), 1: np.float64(0.39487179487179486), 2: np.float64(0.39880952380952384), 3: np.float64(0.48322147651006714), 4: np.float64(0.6046511627906976)}
2026-06-07 09:00:59 - src.models.hmm_engine - INFO - StockHMM_temp状态校准完成: {0: np.float64(0.5172413793103449), 1: np.float64(0.32550335570469796), 2: np.float64(0.46308724832214765), 3: np.float64(0.6447368421052632), 4: np.float64(0.5813953488372093)}
2026-06-07 09:06:50 - src.models.hmm_engine - INFO - StockHMM_sh.600519状态校准完成: {0: np.float64(0.43790849673202614), 1: np.float64(0.43283582089552236), 2: np.float64(0.48314606741573035), 3: np.float64(0.42857142857142855), 4: np.float64(0.45161290322580644)}
2026-06-07 09:06:51 - src.models.hmm_engine - INFO - StockHMM_sh.601318状态校准完成: {0: np.float64(0.5), 1: np.float64(0.5757575757575758), 2: np.float64(0.4375), 3: np.float64(0.4411764705882353), 4: np.float64(0.5806451612903226)}
2026-06-07 09:06:51 - src.models.hmm_engine - INFO - StockHMM_sh.600036状态校准完成: {0: np.float64(0.4787234042553192), 1: np.float64(0.4271356783919598), 2: np.float64(0.45604395604395603), 3: np.float64(0.4861111111111111), 4: np.float64(0.5416666666666666)}
2026-06-07 09:06:51 - src.models.hmm_engine - INFO - StockHMM_sh.600276状态校准完成: {0: np.float64(0.4708994708994709), 1: np.float64(0.5), 2: np.float64(0.47398843930635837), 3: np.float64(0.48148148148148145), 4: np.float64(0.4315068493150685)}
2026-06-07 09:06:51 - src.models.hmm_engine - INFO - StockHMM_sh.601012状态校准完成: {0: np.float64(0.48), 1: np.float64(0.46368715083798884), 2: np.float64(0.40540540540540543), 3: np.float64(0.42857142857142855), 4: np.float64(0.375)}
2026-06-07 09:06:51 - src.models.hmm_engine - INFO - StockHMM_sh.600887状态校准完成: {0: np.float64(0.375), 1: np.float64(0.4606741573033708), 2: np.float64(0.4439461883408072), 3: np.float64(0.4444444444444444), 4: np.float64(0.4609375)}
2026-06-07 09:06:51 - src.models.hmm_engine - INFO - StockHMM_sh.600900状态校准完成: {0: np.float64(0.4240506329113924), 1: np.float64(0.44886363636363635), 2: np.float64(0.4838709677419355), 3: np.float64(0.5337078651685393), 4: np.float64(0.5901639344262295)}
2026-06-07 09:06:52 - src.models.hmm_engine - INFO - StockHMM_sh.601166状态校准完成: {0: np.float64(0.45454545454545453), 1: np.float64(0.4785714285714286), 2: np.float64(0.45685279187817257), 3: np.float64(0.5225225225225225), 4: np.float64(0.46296296296296297)}
2026-06-07 09:06:52 - src.models.hmm_engine - INFO - StockHMM_sh.600809状态校准完成: {0: np.float64(0.6190476190476191), 1: np.float64(0.4632352941176471), 2: np.float64(0.42408376963350786), 3: np.float64(0.4258373205741627), 4: np.float64(0.4909090909090909)}
2026-06-07 09:06:52 - src.models.hmm_engine - INFO - StockHMM_sh.601888状态校准完成: {0: np.float64(0.40540540540540543), 1: np.float64(0.4372093023255814), 2: np.float64(0.43283582089552236), 3: np.float64(0.3645320197044335), 4: np.float64(0.47586206896551725)}
2026-06-07 09:06:52 - src.models.hmm_engine - INFO - StockHMM_sz.000333状态校准完成: {0: np.float64(0.4180327868852459), 1: np.float64(0.4632768361581921), 2: np.float64(0.5503355704697986), 3: np.float64(0.5066666666666667), 4: np.float64(0.5)}
2026-06-07 09:06:52 - src.models.hmm_engine - INFO - StockHMM_sz.000858状态校准完成: {0: np.float64(0.4224137931034483), 1: np.float64(0.55), 2: np.float64(0.4576271186440678), 3: np.float64(0.43783783783783786), 4: np.float64(0.4342105263157895)}
2026-06-07 09:06:52 - src.models.hmm_engine - INFO - StockHMM_sz.000568状态校准完成: {0: np.float64(0.48484848484848486), 1: np.float64(0.4143646408839779), 2: np.float64(0.44242424242424244), 3: np.float64(0.4088669950738916), 4: np.float64(0.5263157894736842)}
2026-06-07 09:06:53 - src.models.hmm_engine - INFO - StockHMM_sz.002475状态校准完成: {0: np.float64(0.32926829268292684), 1: np.float64(0.4621212121212121), 2: np.float64(0.5), 3: np.float64(0.49107142857142855), 4: np.float64(0.49700598802395207)}
2026-06-07 09:06:53 - src.models.hmm_engine - INFO - StockHMM_sz.300750状态校准完成: {0: np.float64(0.4180790960451977), 1: np.float64(0.4489795918367347), 2: np.float64(0.6), 3: np.float64(0.45555555555555555), 4: np.float64(0.42857142857142855)}
2026-06-07 09:06:53 - src.models.hmm_engine - INFO - StockHMM_sz.300059状态校准完成: {0: np.float64(0.44518272425249167), 1: np.float64(0.45714285714285713), 2: np.float64(0.42592592592592593), 3: np.float64(0.8), 4: np.float64(0.425)}
2026-06-07 09:06:53 - src.models.hmm_engine - INFO - StockHMM_sz.002714状态校准完成: {0: np.float64(0.4), 1: np.float64(0.4492753623188406), 2: np.float64(0.45408163265306123), 3: np.float64(0.5135135135135135), 4: np.float64(0.4418604651162791)}
2026-06-07 09:06:53 - src.models.hmm_engine - INFO - StockHMM_sz.000651状态校准完成: {0: np.float64(0.45751633986928103), 1: np.float64(0.47572815533980584), 2: np.float64(0.5), 3: np.float64(0.44041450777202074), 4: np.float64(0.47101449275362317)}
2026-06-07 09:06:53 - src.models.hmm_engine - INFO - StockHMM_sz.002415状态校准完成: {0: np.float64(0.47804878048780486), 1: np.float64(0.5), 2: np.float64(0.45161290322580644), 3: np.float64(0.5172413793103449), 4: np.float64(0.4906832298136646)}
2026-06-07 09:06:54 - src.models.hmm_engine - INFO - StockHMM_sz.300015状态校准完成: {0: np.float64(0.375), 1: np.float64(0.4155251141552511), 2: np.float64(0.44021739130434784), 3: np.float64(0.34782608695652173), 4: np.float64(0.44761904761904764)}
2026-06-07 09:07:20 - src.models.hmm_engine - INFO - StockHMM_sh.600036状态校准完成: {0: np.float64(0.5), 1: np.float64(0.4482758620689655), 2: np.float64(0.3684210526315789), 3: np.float64(0.35294117647058826), 4: np.float64(0.45)}
2026-06-07 09:07:20 - src.models.hmm_engine - INFO - StockHMM_sh.600276状态校准完成: {0: np.float64(0.5833333333333334), 1: np.float64(0.5185185185185185), 2: np.float64(0.5909090909090909), 3: np.float64(0.43137254901960786), 4: np.float64(0.4067796610169492)}
2026-06-07 09:07:20 - src.models.hmm_engine - INFO - StockHMM_sh.600519状态校准完成: {0: np.float64(0.48148148148148145), 1: np.float64(0.5357142857142857), 2: np.float64(0.125), 3: np.float64(0.5), 4: np.float64(0.4473684210526316)}
2026-06-07 09:07:20 - src.models.hmm_engine - INFO - StockHMM_sh.600809状态校准完成: {0: np.float64(0.46511627906976744), 1: np.float64(0.4583333333333333), 2: np.float64(0.43478260869565216), 3: np.float64(0.47058823529411764), 4: np.float64(0.5555555555555556)}
2026-06-07 09:07:20 - src.models.hmm_engine - INFO - StockHMM_sh.600887状态校准完成: {0: np.float64(0.5510204081632653), 1: np.float64(0.45161290322580644), 2: np.float64(0.36363636363636365), 3: np.float64(0.4782608695652174), 4: np.float64(0.4)}
2026-06-07 09:07:20 - src.models.hmm_engine - INFO - StockHMM_sh.600900状态校准完成: {0: np.float64(0.4666666666666667), 1: np.float64(0.4), 2: np.float64(0.6086956521739131), 3: np.float64(0.38636363636363635), 4: np.float64(0.45454545454545453)}
2026-06-07 09:07:21 - src.models.hmm_engine - INFO - StockHMM_sh.601012状态校准完成: {0: np.float64(0.37142857142857144), 1: np.float64(0.5238095238095238), 2: np.float64(0.5), 3: np.float64(0.6388888888888888), 4: np.float64(0.4722222222222222)}
2026-06-07 09:07:21 - src.models.hmm_engine - INFO - StockHMM_sh.601166状态校准完成: {0: np.float64(0.4935064935064935), 1: np.float64(0.41935483870967744), 2: np.float64(0.25), 3: np.float64(0.5238095238095238), 4: np.float64(0.42105263157894735)}
2026-06-07 09:07:21 - src.models.hmm_engine - INFO - StockHMM_sh.601318状态校准完成: {0: np.float64(0.3953488372093023), 1: np.float64(0.5428571428571428), 2: np.float64(0.40816326530612246), 3: np.float64(0.5116279069767442), 4: np.float64(0.6153846153846154)}
2026-06-07 09:07:21 - src.models.hmm_engine - INFO - StockHMM_sh.601888状态校准完成: {0: np.float64(0.5714285714285714), 1: np.float64(0.4888888888888889), 2: np.float64(0.5), 3: np.float64(0.6818181818181818), 4: np.float64(0.43478260869565216)}
2026-06-07 09:07:21 - src.models.hmm_engine - INFO - StockHMM_sz.000333状态校准完成: {0: np.float64(0.4166666666666667), 1: np.float64(0.423728813559322), 2: np.float64(0.5384615384615384), 3: np.float64(0.41509433962264153), 4: np.float64(0.47058823529411764)}
2026-06-07 09:07:21 - src.models.hmm_engine - INFO - StockHMM_sz.000568状态校准完成: {0: np.float64(0.46153846153846156), 1: np.float64(0.5131578947368421), 2: np.float64(0.42105263157894735), 3: np.float64(0.375), 4: np.float64(0.5581395348837209)}
2026-06-07 09:07:21 - src.models.hmm_engine - INFO - StockHMM_sz.000651状态校准完成: {0: np.float64(0.5), 1: np.float64(0.4666666666666667), 2: np.float64(0.4090909090909091), 3: np.float64(0.42857142857142855), 4: np.float64(0.6111111111111112)}
2026-06-07 09:07:21 - src.models.hmm_engine - INFO - StockHMM_sz.000858状态校准完成: {0: np.float64(0.38461538461538464), 1: np.float64(0.46938775510204084), 2: np.float64(0.5), 3: np.float64(0.5609756097560976), 4: np.float64(0.5208333333333334)}
2026-06-07 09:07:21 - src.models.hmm_engine - INFO - StockHMM_sz.002415状态校准完成: {0: np.float64(0.5675675675675675), 1: np.float64(0.5079365079365079), 2: np.float64(0.391304347826087), 3: np.float64(0.45454545454545453), 4: np.float64(0.5918367346938775)}
2026-06-07 09:07:21 - src.models.hmm_engine - INFO - StockHMM_sz.002475状态校准完成: {0: np.float64(0.4791666666666667), 1: np.float64(0.3611111111111111), 2: np.float64(0.5), 3: np.float64(0.42105263157894735), 4: np.float64(0.36585365853658536)}
2026-06-07 09:07:21 - src.models.hmm_engine - INFO - StockHMM_sz.002714状态校准完成: {0: np.float64(0.5), 1: np.float64(0.47058823529411764), 2: np.float64(0.38235294117647056), 3: np.float64(0.4603174603174603), 4: np.float64(0.47619047619047616)}
2026-06-07 09:07:21 - src.models.hmm_engine - INFO - StockHMM_sz.300015状态校准完成: {0: np.float64(0.5), 1: np.float64(0.4827586206896552), 2: np.float64(0.3333333333333333), 3: np.float64(0.37142857142857144), 4: np.float64(0.5357142857142857)}
2026-06-07 09:07:21 - src.models.hmm_engine - INFO - StockHMM_sz.300059状态校准完成: {0: np.float64(0.4358974358974359), 1: np.float64(0.5), 2: np.float64(0.5263157894736842), 3: np.float64(0.3684210526315789), 4: np.float64(0.5)}
2026-06-07 09:07:21 - src.models.hmm_engine - INFO - StockHMM_sz.300750状态校准完成: {0: np.float64(0.43478260869565216), 1: np.float64(0.39344262295081966), 2: np.float64(0.525), 3: np.float64(0.47058823529411764), 4: np.float64(0.40476190476190477)}
2026-06-07 09:07:22 - src.models.hmm_engine - INFO - StockHMM_sh.600036状态校准完成: {0: np.float64(0.5111111111111111), 1: np.float64(0.4), 2: np.float64(0.4473684210526316), 3: np.float64(0.35), 4: np.float64(0.5625)}
2026-06-07 09:07:22 - src.models.hmm_engine - INFO - StockHMM_sh.600276状态校准完成: {0: np.float64(0.43478260869565216), 1: np.float64(0.49019607843137253), 2: np.float64(0.4791666666666667), 3: np.float64(0.4838709677419355), 4: np.float64(0.4444444444444444)}
2026-06-07 09:07:22 - src.models.hmm_engine - INFO - StockHMM_sh.600519状态校准完成: {0: np.float64(0.125), 1: np.float64(0.3939393939393939), 2: np.float64(0.4722222222222222), 3: np.float64(0.6), 4: np.float64(0.5714285714285714)}
2026-06-07 09:07:22 - src.models.hmm_engine - INFO - StockHMM_sh.600809状态校准完成: {0: np.float64(0.4642857142857143), 1: np.float64(0.43478260869565216), 2: np.float64(0.5333333333333333), 3: np.float64(0.5882352941176471), 4: np.float64(0.46153846153846156)}
2026-06-07 09:07:22 - src.models.hmm_engine - INFO - StockHMM_sh.600887状态校准完成: {0: np.float64(0.45098039215686275), 1: np.float64(0.5652173913043478), 2: np.float64(0.46774193548387094), 3: np.float64(0.5), 4: np.float64(0.3076923076923077)}
2026-06-07 09:07:22 - src.models.hmm_engine - INFO - StockHMM_sh.600900状态校准完成: {0: np.float64(0.4), 1: np.float64(0.42028985507246375), 2: np.float64(0.37254901960784315), 3: np.float64(0.4375), 4: np.float64(0.5454545454545454)}
2026-06-07 09:07:22 - src.models.hmm_engine - INFO - StockHMM_sh.601012状态校准完成: {0: np.float64(0.48717948717948717), 1: np.float64(0.6666666666666666), 2: np.float64(0.4634146341463415), 3: np.float64(0.4722222222222222), 4: np.float64(0.42857142857142855)}
2026-06-07 09:07:22 - src.models.hmm_engine - INFO - StockHMM_sh.601166状态校准完成: {0: np.float64(0.5), 1: np.float64(0.49122807017543857), 2: np.float64(0.4666666666666667), 3: np.float64(0.4), 4: np.float64(0.44)}
2026-06-07 09:07:22 - src.models.hmm_engine - INFO - StockHMM_sh.601318状态校准完成: {0: np.float64(0.53125), 1: np.float64(0.3902439024390244), 2: np.float64(0.75), 3: np.float64(0.4482758620689655), 4: np.float64(0.5405405405405406)}
2026-06-07 09:07:22 - src.models.hmm_engine - INFO - StockHMM_sh.601888状态校准完成: {0: np.float64(0.43478260869565216), 1: np.float64(0.5833333333333334), 2: np.float64(0.5238095238095238), 3: np.float64(0.5), 4: np.float64(0.5)}
2026-06-07 09:07:22 - src.models.hmm_engine - INFO - StockHMM_sz.000333状态校准完成: {0: np.float64(0.425531914893617), 1: np.float64(0.52), 2: np.float64(0.64), 3: np.float64(0.3333333333333333), 4: np.float64(0.32432432432432434)}
2026-06-07 09:07:22 - src.models.hmm_engine - INFO - StockHMM_sz.000568状态校准完成: {0: np.float64(0.4090909090909091), 1: np.float64(0.49122807017543857), 2: np.float64(0.3888888888888889), 3: np.float64(0.5818181818181818), 4: np.float64(0.5)}
2026-06-07 09:07:23 - src.models.hmm_engine - INFO - StockHMM_sz.000651状态校准完成: {0: np.float64(0.5), 1: np.float64(0.4791666666666667), 2: np.float64(0.47619047619047616), 3: np.float64(0.4423076923076923), 4: np.float64(0.47619047619047616)}
2026-06-07 09:07:23 - src.models.hmm_engine - INFO - StockHMM_sz.000858状态校准完成: {0: np.float64(0.5172413793103449), 1: np.float64(0.5), 2: np.float64(0.4117647058823529), 3: np.float64(0.47058823529411764), 4: np.float64(0.5918367346938775)}
2026-06-07 09:07:23 - src.models.hmm_engine - INFO - StockHMM_sz.002415状态校准完成: {0: np.float64(0.47619047619047616), 1: np.float64(0.5625), 2: np.float64(0.4444444444444444), 3: np.float64(0.5526315789473685), 4: np.float64(0.515625)}
2026-06-07 09:07:23 - src.models.hmm_engine - INFO - StockHMM_sz.002475状态校准完成: {0: np.float64(0.49019607843137253), 1: np.float64(0.4), 2: np.float64(0.4), 3: np.float64(0.2), 4: np.float64(0.4897959183673469)}
2026-06-07 09:07:23 - src.models.hmm_engine - INFO - StockHMM_sz.002714状态校准完成: {0: np.float64(0.4307692307692308), 1: np.float64(0.5217391304347826), 2: np.float64(0.45), 3: np.float64(0.2857142857142857), 4: np.float64(0.5)}
2026-06-07 09:07:23 - src.models.hmm_engine - INFO - StockHMM_sz.300015状态校准完成: {0: np.float64(0.3), 1: np.float64(0.35294117647058826), 2: np.float64(0.6046511627906976), 3: np.float64(0.45161290322580644), 4: np.float64(0.5454545454545454)}
2026-06-07 09:07:23 - src.models.hmm_engine - INFO - StockHMM_sz.300059状态校准完成: {0: np.float64(0.5306122448979592), 1: np.float64(0.40476190476190477), 2: np.float64(0.5087719298245614), 3: np.float64(0.4090909090909091), 4: np.float64(0.5)}
2026-06-07 09:07:23 - src.models.hmm_engine - INFO - StockHMM_sz.300750状态校准完成: {0: np.float64(0.48148148148148145), 1: np.float64(0.3684210526315789), 2: np.float64(0.5172413793103449), 3: np.float64(0.43902439024390244), 4: np.float64(0.6153846153846154)}
2026-06-07 09:07:23 - src.models.hmm_engine - INFO - StockHMM_sh.600036状态校准完成: {0: np.float64(0.5882352941176471), 1: np.float64(0.4), 2: np.float64(0.35185185185185186), 3: np.float64(0.546875), 4: np.float64(0.4482758620689655)}
2026-06-07 09:07:24 - src.models.hmm_engine - INFO - StockHMM_sh.600276状态校准完成: {0: np.float64(0.5), 1: np.float64(0.41025641025641024), 2: np.float64(0.4406779661016949), 3: np.float64(0.65), 4: np.float64(0.45652173913043476)}
2026-06-07 09:07:24 - src.models.hmm_engine - INFO - StockHMM_sh.600519状态校准完成: {0: np.float64(0.125), 1: np.float64(0.4090909090909091), 2: np.float64(0.5869565217391305), 3: np.float64(0.43333333333333335), 4: np.float64(0.6)}
2026-06-07 09:07:24 - src.models.hmm_engine - INFO - StockHMM_sh.600809状态校准完成: {0: np.float64(0.4666666666666667), 1: np.float64(0.46153846153846156), 2: np.float64(0.375), 3: np.float64(0.6), 4: np.float64(0.5245901639344263)}
2026-06-07 09:07:24 - src.models.hmm_engine - INFO - StockHMM_sh.600887状态校准完成: {0: np.float64(0.4716981132075472), 1: np.float64(0.4375), 2: np.float64(0.4444444444444444), 3: np.float64(0.36363636363636365), 4: np.float64(0.44680851063829785)}
2026-06-07 09:07:24 - src.models.hmm_engine - INFO - StockHMM_sh.600900状态校准完成: {0: np.float64(0.5), 1: np.float64(0.47368421052631576), 2: np.float64(0.39622641509433965), 3: np.float64(0.3698630136986301), 4: np.float64(0.6)}
2026-06-07 09:07:24 - src.models.hmm_engine - INFO - StockHMM_sh.601012状态校准完成: {0: np.float64(0.6111111111111112), 1: np.float64(0.36923076923076925), 2: np.float64(0.46), 3: np.float64(0.5), 4: np.float64(0.2857142857142857)}
2026-06-07 09:07:24 - src.models.hmm_engine - INFO - StockHMM_sh.601166状态校准完成: {0: np.float64(0.5), 1: np.float64(0.5272727272727272), 2: np.float64(0.48), 3: np.float64(0.4166666666666667), 4: np.float64(0.38461538461538464)}
2026-06-07 09:07:24 - src.models.hmm_engine - INFO - StockHMM_sh.601318状态校准完成: {0: np.float64(0.3142857142857143), 1: np.float64(0.5555555555555556), 2: np.float64(0.4074074074074074), 3: np.float64(0.75), 4: np.float64(0.5526315789473685)}
2026-06-07 09:07:24 - src.models.hmm_engine - INFO - StockHMM_sh.601888状态校准完成: {0: np.float64(0.5111111111111111), 1: np.float64(0.5283018867924528), 2: np.float64(0.4444444444444444), 3: np.float64(0.631578947368421), 4: np.float64(0.3673469387755102)}
2026-06-07 09:07:24 - src.models.hmm_engine - INFO - StockHMM_sz.000333状态校准完成: {0: np.float64(0.43333333333333335), 1: np.float64(0.43902439024390244), 2: np.float64(0.41304347826086957), 3: np.float64(0.43478260869565216), 4: np.float64(0.6666666666666666)}
2026-06-07 09:07:24 - src.models.hmm_engine - INFO - StockHMM_sz.000568状态校准完成: {0: np.float64(0.42857142857142855), 1: np.float64(0.47540983606557374), 2: np.float64(0.42105263157894735), 3: np.float64(0.52), 4: np.float64(0.5384615384615384)}
2026-06-07 09:07:24 - src.models.hmm_engine - INFO - StockHMM_sz.000651状态校准完成: {0: np.float64(0.5789473684210527), 1: np.float64(0.4897959183673469), 2: np.float64(0.5), 3: np.float64(0.4634146341463415), 4: np.float64(0.4358974358974359)}
2026-06-07 09:07:24 - src.models.hmm_engine - INFO - StockHMM_sz.000858状态校准完成: {0: np.float64(0.4878048780487805), 1: np.float64(0.45), 2: np.float64(0.3684210526315789), 3: np.float64(0.5961538461538461), 4: np.float64(0.4807692307692308)}
2026-06-07 09:07:24 - src.models.hmm_engine - INFO - StockHMM_sz.002415状态校准完成: {0: np.float64(0.5), 1: np.float64(0.5476190476190477), 2: np.float64(0.5576923076923077), 3: np.float64(0.4482758620689655), 4: np.float64(0.75)}
2026-06-07 09:07:24 - src.models.hmm_engine - INFO - StockHMM_sz.002475状态校准完成: {0: np.float64(0.5116279069767442), 1: np.float64(0.52), 2: np.float64(0.25), 3: np.float64(0.3333333333333333), 4: np.float64(0.4153846153846154)}
2026-06-07 09:07:24 - src.models.hmm_engine - INFO - StockHMM_sz.002714状态校准完成: {0: np.float64(0.5333333333333333), 1: np.float64(0.421875), 2: np.float64(0.5), 3: np.float64(0.375), 4: np.float64(0.4888888888888889)}
2026-06-07 09:07:24 - src.models.hmm_engine - INFO - StockHMM_sz.300015状态校准完成: {0: np.float64(0.2727272727272727), 1: np.float64(0.35), 2: np.float64(0.509090909090909), 3: np.float64(0.5555555555555556), 4: np.float64(0.4827586206896552)}
2026-06-07 09:07:25 - src.models.hmm_engine - INFO - StockHMM_sz.300059状态校准完成: {0: np.float64(0.3953488372093023), 1: np.float64(0.42857142857142855), 2: np.float64(0.5), 3: np.float64(0.49122807017543857), 4: np.float64(0.5094339622641509)}
2026-06-07 09:07:25 - src.models.hmm_engine - INFO - StockHMM_sz.300750状态校准完成: {0: np.float64(0.5185185185185185), 1: np.float64(0.42105263157894735), 2: np.float64(0.4090909090909091), 3: np.float64(0.48484848484848486), 4: np.float64(0.42857142857142855)}
2026-06-07 09:07:25 - src.models.hmm_engine - INFO - StockHMM_sh.600036状态校准完成: {0: np.float64(0.43478260869565216), 1: np.float64(0.4), 2: np.float64(0.54), 3: np.float64(0.38461538461538464), 4: np.float64(0.35)}
2026-06-07 09:07:25 - src.models.hmm_engine - INFO - StockHMM_sh.600276状态校准完成: {0: np.float64(0.43478260869565216), 1: np.float64(0.42857142857142855), 2: np.float64(0.23076923076923078), 3: np.float64(0.525), 4: np.float64(0.3333333333333333)}
2026-06-07 09:07:25 - src.models.hmm_engine - INFO - StockHMM_sh.600519状态校准完成: {0: np.float64(0.5178571428571429), 1: np.float64(0.3148148148148148), 2: np.float64(0.125), 3: np.float64(0.5208333333333334), 4: np.float64(0.6)}
2026-06-07 09:07:25 - src.models.hmm_engine - INFO - StockHMM_sh.600809状态校准完成: {0: np.float64(0.40816326530612246), 1: np.float64(0.5227272727272727), 2: np.float64(0.3333333333333333), 3: np.float64(0.48148148148148145), 4: np.float64(0.6153846153846154)}
2026-06-07 09:07:25 - src.models.hmm_engine - INFO - StockHMM_sh.600887状态校准完成: {0: np.float64(0.36363636363636365), 1: np.float64(0.4444444444444444), 2: np.float64(0.41935483870967744), 3: np.float64(0.3974358974358974), 4: np.float64(0.4727272727272727)}
2026-06-07 09:07:25 - src.models.hmm_engine - INFO - StockHMM_sh.600900状态校准完成: {0: np.float64(0.4), 1: np.float64(0.5333333333333333), 2: np.float64(0.35802469135802467), 3: np.float64(0.37735849056603776), 4: np.float64(0.5555555555555556)}
2026-06-07 09:07:25 - src.models.hmm_engine - INFO - StockHMM_sh.601012状态校准完成: {0: np.float64(0.36363636363636365), 1: np.float64(0.5806451612903226), 2: np.float64(0.4), 3: np.float64(0.3333333333333333), 4: np.float64(0.16666666666666666)}
2026-06-07 09:07:26 - src.models.hmm_engine - INFO - StockHMM_sh.601166状态校准完成: {0: np.float64(0.5714285714285714), 1: np.float64(0.509090909090909), 2: np.float64(0.45454545454545453), 3: np.float64(0.43478260869565216), 4: np.float64(0.29411764705882354)}
2026-06-07 09:07:26 - src.models.hmm_engine - INFO - StockHMM_sh.601318状态校准完成: {0: np.float64(0.5517241379310345), 1: np.float64(0.40350877192982454), 2: np.float64(0.5454545454545454), 3: np.float64(0.3695652173913043), 4: np.float64(0.6)}
2026-06-07 09:07:26 - src.models.hmm_engine - INFO - StockHMM_sh.601888状态校准完成: {0: np.float64(0.4090909090909091), 1: np.float64(0.3709677419354839), 2: np.float64(0.7), 3: np.float64(0.48717948717948717), 4: np.float64(0.4482758620689655)}
2026-06-07 09:07:26 - src.models.hmm_engine - INFO - StockHMM_sz.000333状态校准完成: {0: np.float64(0.4418604651162791), 1: np.float64(0.3783783783783784), 2: np.float64(0.46), 3: np.float64(0.65), 4: np.float64(0.4411764705882353)}
2026-06-07 09:07:26 - src.models.hmm_engine - INFO - StockHMM_sz.000568状态校准完成: {0: np.float64(0.45454545454545453), 1: np.float64(0.49019607843137253), 2: np.float64(0.46835443037974683), 3: np.float64(0.4375), 4: np.float64(0.48148148148148145)}
2026-06-07 09:07:26 - src.models.hmm_engine - INFO - StockHMM_sz.000651状态校准完成: {0: np.float64(0.46153846153846156), 1: np.float64(0.4883720930232558), 2: np.float64(0.41935483870967744), 3: np.float64(0.46938775510204084), 4: np.float64(0.5454545454545454)}
2026-06-07 09:07:26 - src.models.hmm_engine - INFO - StockHMM_sz.000858状态校准完成: {0: np.float64(0.4666666666666667), 1: np.float64(0.4117647058823529), 2: np.float64(0.4032258064516129), 3: np.float64(0.45454545454545453), 4: np.float64(0.5428571428571428)}
2026-06-07 09:07:26 - src.models.hmm_engine - INFO - StockHMM_sz.002415状态校准完成: {0: np.float64(0.5384615384615384), 1: np.float64(0.5686274509803921), 2: np.float64(0.43478260869565216), 3: np.float64(0.5714285714285714), 4: np.float64(0.3333333333333333)}
2026-06-07 09:07:26 - src.models.hmm_engine - INFO - StockHMM_sz.002475状态校准完成: {0: np.float64(0.3269230769230769), 1: np.float64(0.5192307692307693), 2: np.float64(0.47619047619047616), 3: np.float64(0.17647058823529413), 4: np.float64(0.40476190476190477)}
2026-06-07 09:07:26 - src.models.hmm_engine - INFO - StockHMM_sz.002714状态校准完成: {0: np.float64(0.4444444444444444), 1: np.float64(0.4155844155844156), 2: np.float64(0.5), 3: np.float64(0.4461538461538462), 4: np.float64(0.5652173913043478)}
2026-06-07 09:07:26 - src.models.hmm_engine - INFO - StockHMM_sz.300015状态校准完成: {0: np.float64(0.46875), 1: np.float64(0.4489795918367347), 2: np.float64(0.4406779661016949), 3: np.float64(0.35294117647058826), 4: np.float64(0.5)}
2026-06-07 09:07:26 - src.models.hmm_engine - INFO - StockHMM_sz.300059状态校准完成: {0: np.float64(0.5333333333333333), 1: np.float64(0.43478260869565216), 2: np.float64(0.46875), 3: np.float64(0.45454545454545453), 4: np.float64(0.3333333333333333)}
2026-06-07 09:07:26 - src.models.hmm_engine - INFO - StockHMM_sz.300750状态校准完成: {0: np.float64(0.25), 1: np.float64(0.5084745762711864), 2: np.float64(0.40625), 3: np.float64(0.40384615384615385), 4: np.float64(0.48)}
2026-06-07 09:07:27 - src.models.hmm_engine - INFO - StockHMM_sh.600036状态校准完成: {0: np.float64(0.4375), 1: np.float64(0.3888888888888889), 2: np.float64(0.4262295081967213), 3: np.float64(0.5714285714285714), 4: np.float64(0.5384615384615384)}
2026-06-07 09:07:27 - src.models.hmm_engine - INFO - StockHMM_sh.600276状态校准完成: {0: np.float64(0.4230769230769231), 1: np.float64(0.4230769230769231), 2: np.float64(0.42), 3: np.float64(0.4444444444444444), 4: np.float64(0.55)}
2026-06-07 09:07:27 - src.models.hmm_engine - INFO - StockHMM_sh.600519状态校准完成: {0: np.float64(0.38666666666666666), 1: np.float64(0.5294117647058824), 2: np.float64(0.14285714285714285), 3: np.float64(0.5277777777777778), 4: np.float64(0.5)}
2026-06-07 09:07:27 - src.models.hmm_engine - INFO - StockHMM_sh.600809状态校准完成: {0: np.float64(0.625), 1: np.float64(0.46551724137931033), 2: np.float64(0.45), 3: np.float64(0.4925373134328358), 4: np.float64(0.3548387096774194)}
2026-06-07 09:07:27 - src.models.hmm_engine - INFO - StockHMM_sh.600887状态校准完成: {0: np.float64(0.42857142857142855), 1: np.float64(0.3333333333333333), 2: np.float64(0.43478260869565216), 3: np.float64(0.44), 4: np.float64(0.41379310344827586)}
2026-06-07 09:07:27 - src.models.hmm_engine - INFO - StockHMM_sh.600900状态校准完成: {0: np.float64(0.359375), 1: np.float64(0.3968253968253968), 2: np.float64(0.47619047619047616), 3: np.float64(0.5882352941176471), 4: np.float64(0.3888888888888889)}
2026-06-07 09:07:27 - src.models.hmm_engine - INFO - StockHMM_sh.601012状态校准完成: {0: np.float64(0.44680851063829785), 1: np.float64(0.40425531914893614), 2: np.float64(0.45714285714285713), 3: np.float64(0.21428571428571427), 4: np.float64(0.4878048780487805)}
2026-06-07 09:07:27 - src.models.hmm_engine - INFO - StockHMM_sh.601166状态校准完成: {0: np.float64(0.6), 1: np.float64(0.4090909090909091), 2: np.float64(0.4745762711864407), 3: np.float64(0.42857142857142855), 4: np.float64(0.5272727272727272)}
2026-06-07 09:07:27 - src.models.hmm_engine - INFO - StockHMM_sh.601318状态校准完成: {0: np.float64(0.5483870967741935), 1: np.float64(0.39473684210526316), 2: np.float64(0.4666666666666667), 3: np.float64(0.7058823529411765), 4: np.float64(0.4411764705882353)}
2026-06-07 09:07:27 - src.models.hmm_engine - INFO - StockHMM_sh.601888状态校准完成: {0: np.float64(0.46153846153846156), 1: np.float64(0.34), 2: np.float64(0.5227272727272727), 3: np.float64(0.7), 4: np.float64(0.3148148148148148)}
2026-06-07 09:07:27 - src.models.hmm_engine - INFO - StockHMM_sz.000333状态校准完成: {0: np.float64(0.5428571428571428), 1: np.float64(0.5161290322580645), 2: np.float64(0.45161290322580644), 3: np.float64(0.39285714285714285), 4: np.float64(0.42857142857142855)}
2026-06-07 09:07:28 - src.models.hmm_engine - INFO - StockHMM_sz.000568状态校准完成: {0: np.float64(0.4782608695652174), 1: np.float64(0.49206349206349204), 2: np.float64(0.4), 3: np.float64(0.4375), 4: np.float64(0.5)}
2026-06-07 09:07:28 - src.models.hmm_engine - INFO - StockHMM_sz.000651状态校准完成: {0: np.float64(0.4166666666666667), 1: np.float64(0.4358974358974359), 2: np.float64(0.4772727272727273), 3: np.float64(0.5111111111111111), 4: np.float64(0.5)}
2026-06-07 09:07:28 - src.models.hmm_engine - INFO - StockHMM_sz.000858状态校准完成: {0: np.float64(0.4444444444444444), 1: np.float64(0.4117647058823529), 2: np.float64(0.40384615384615385), 3: np.float64(0.6060606060606061), 4: np.float64(0.3333333333333333)}
2026-06-07 09:07:28 - src.models.hmm_engine - INFO - StockHMM_sz.002415状态校准完成: {0: np.float64(0.5121951219512195), 1: np.float64(0.3888888888888889), 2: np.float64(0.5510204081632653), 3: np.float64(0.37037037037037035), 4: np.float64(0.5161290322580645)}
2026-06-07 09:07:28 - src.models.hmm_engine - INFO - StockHMM_sz.002475状态校准完成: {0: np.float64(0.3333333333333333), 1: np.float64(0.4), 2: np.float64(0.40540540540540543), 3: np.float64(0.30434782608695654), 4: np.float64(0.575)}
2026-06-07 09:07:28 - src.models.hmm_engine - INFO - StockHMM_sz.002714状态校准完成: {0: np.float64(0.5), 1: np.float64(0.42105263157894735), 2: np.float64(0.2), 3: np.float64(0.48), 4: np.float64(0.41818181818181815)}
2026-06-07 09:07:28 - src.models.hmm_engine - INFO - StockHMM_sz.300015状态校准完成: {0: np.float64(0.5384615384615384), 1: np.float64(0.36666666666666664), 2: np.float64(0.2727272727272727), 3: np.float64(0.4358974358974359), 4: np.float64(0.5666666666666667)}
2026-06-07 09:07:28 - src.models.hmm_engine - INFO - StockHMM_sz.300059状态校准完成: {0: np.float64(0.3076923076923077), 1: np.float64(0.5084745762711864), 2: np.float64(0.43478260869565216), 3: np.float64(0.4528301886792453), 4: np.float64(0.4722222222222222)}
2026-06-07 09:07:28 - src.models.hmm_engine - INFO - StockHMM_sz.300750状态校准完成: {0: np.float64(0.3888888888888889), 1: np.float64(0.5081967213114754), 2: np.float64(0.3333333333333333), 3: np.float64(0.44), 4: np.float64(0.3902439024390244)}
2026-06-07 09:07:29 - src.models.hmm_engine - INFO - StockHMM_sh.600036状态校准完成: {0: np.float64(0.48148148148148145), 1: np.float64(0.36585365853658536), 2: np.float64(0.48148148148148145), 3: np.float64(0.4444444444444444), 4: np.float64(0.5555555555555556)}
2026-06-07 09:07:29 - src.models.hmm_engine - INFO - StockHMM_sh.600276状态校准完成: {0: np.float64(0.49056603773584906), 1: np.float64(0.43548387096774194), 2: np.float64(0.42857142857142855), 3: np.float64(0.5714285714285714), 4: np.float64(0.39285714285714285)}
2026-06-07 09:07:29 - src.models.hmm_engine - INFO - StockHMM_sh.600519状态校准完成: {0: np.float64(0.5), 1: np.float64(0.3442622950819672), 2: np.float64(0.5625), 3: np.float64(0.125), 4: np.float64(0.5)}
2026-06-07 09:07:29 - src.models.hmm_engine - INFO - StockHMM_sh.600809状态校准完成: {0: np.float64(0.2962962962962963), 1: np.float64(0.484375), 2: np.float64(0.5357142857142857), 3: np.float64(0.42857142857142855), 4: np.float64(0.4222222222222222)}
2026-06-07 09:07:29 - src.models.hmm_engine - INFO - StockHMM_sh.600887状态校准完成: {0: np.float64(0.35714285714285715), 1: np.float64(0.4444444444444444), 2: np.float64(0.3978494623655914), 3: np.float64(0.4117647058823529), 4: np.float64(0.5)}
2026-06-07 09:07:29 - src.models.hmm_engine - INFO - StockHMM_sh.600900状态校准完成: {0: np.float64(0.4318181818181818), 1: np.float64(0.36363636363636365), 2: np.float64(0.5476190476190477), 3: np.float64(0.45454545454545453), 4: np.float64(0.4)}
2026-06-07 09:07:29 - src.models.hmm_engine - INFO - StockHMM_sh.601012状态校准完成: {0: np.float64(0.5), 1: np.float64(0.3684210526315789), 2: np.float64(0.4583333333333333), 3: np.float64(0.3956043956043956), 4: np.float64(0.2727272727272727)}
2026-06-07 09:07:29 - src.models.hmm_engine - INFO - StockHMM_sh.601166状态校准完成: {0: np.float64(0.6666666666666666), 1: np.float64(0.4222222222222222), 2: np.float64(0.42857142857142855), 3: np.float64(0.39215686274509803), 4: np.float64(0.5227272727272727)}
2026-06-07 09:07:29 - src.models.hmm_engine - INFO - StockHMM_sh.601318状态校准完成: {0: np.float64(0.3333333333333333), 1: np.float64(0.75), 2: np.float64(0.4142857142857143), 3: np.float64(0.5365853658536586), 4: np.float64(0.4838709677419355)}
2026-06-07 09:07:29 - src.models.hmm_engine - INFO - StockHMM_sh.601888状态校准完成: {0: np.float64(0.5), 1: np.float64(0.2923076923076923), 2: np.float64(0.4444444444444444), 3: np.float64(0.6153846153846154), 4: np.float64(0.34782608695652173)}
2026-06-07 09:07:29 - src.models.hmm_engine - INFO - StockHMM_sz.000333状态校准完成: {0: np.float64(0.38461538461538464), 1: np.float64(0.38461538461538464), 2: np.float64(0.5), 3: np.float64(0.5555555555555556), 4: np.float64(0.5094339622641509)}
2026-06-07 09:07:29 - src.models.hmm_engine - INFO - StockHMM_sz.000568状态校准完成: {0: np.float64(0.35714285714285715), 1: np.float64(0.43478260869565216), 2: np.float64(0.4090909090909091), 3: np.float64(0.52), 4: np.float64(0.5454545454545454)}
2026-06-07 09:07:29 - src.models.hmm_engine - INFO - StockHMM_sz.000651状态校准完成: {0: np.float64(0.3333333333333333), 1: np.float64(0.47540983606557374), 2: np.float64(0.46153846153846156), 3: np.float64(0.5), 4: np.float64(0.4745762711864407)}
2026-06-07 09:07:29 - src.models.hmm_engine - INFO - StockHMM_sz.000858状态校准完成: {0: np.float64(0.425), 1: np.float64(0.5757575757575758), 2: np.float64(0.4), 3: np.float64(0.375), 4: np.float64(0.43902439024390244)}
2026-06-07 09:07:29 - src.models.hmm_engine - INFO - StockHMM_sz.002415状态校准完成: {0: np.float64(0.5), 1: np.float64(0.46875), 2: np.float64(0.35135135135135137), 3: np.float64(0.5555555555555556), 4: np.float64(0.4444444444444444)}
2026-06-07 09:07:29 - src.models.hmm_engine - INFO - StockHMM_sz.002475状态校准完成: {0: np.float64(0.391304347826087), 1: np.float64(0.43333333333333335), 2: np.float64(0.2972972972972973), 3: np.float64(0.45454545454545453), 4: np.float64(0.4642857142857143)}
2026-06-07 09:07:30 - src.models.hmm_engine - INFO - StockHMM_sz.002714状态校准完成: {0: np.float64(0.36538461538461536), 1: np.float64(0.4482758620689655), 2: np.float64(0.4444444444444444), 3: np.float64(0.4), 4: np.float64(0.41304347826086957)}
2026-06-07 09:07:30 - src.models.hmm_engine - INFO - StockHMM_sz.300015状态校准完成: {0: np.float64(0.48717948717948717), 1: np.float64(0.5), 2: np.float64(0.5), 3: np.float64(0.42857142857142855), 4: np.float64(0.15789473684210525)}
2026-06-07 09:07:30 - src.models.hmm_engine - INFO - StockHMM_sz.300059状态校准完成: {0: np.float64(0.47368421052631576), 1: np.float64(0.3), 2: np.float64(0.5405405405405406), 3: np.float64(0.4074074074074074), 4: np.float64(0.49206349206349204)}
2026-06-07 09:07:30 - src.models.hmm_engine - INFO - StockHMM_sz.300750状态校准完成: {0: np.float64(0.4032258064516129), 1: np.float64(0.46875), 2: np.float64(0.4), 3: np.float64(0.6), 4: np.float64(0.41025641025641024)}
2026-06-07 09:07:30 - src.models.hmm_engine - INFO - StockHMM_sh.600036状态校准完成: {0: np.float64(0.38636363636363635), 1: np.float64(0.4666666666666667), 2: np.float64(0.38095238095238093), 3: np.float64(0.5853658536585366), 4: np.float64(0.5)}
2026-06-07 09:07:30 - src.models.hmm_engine - INFO - StockHMM_sh.600276状态校准完成: {0: np.float64(0.39285714285714285), 1: np.float64(0.4411764705882353), 2: np.float64(0.46875), 3: np.float64(0.5294117647058824), 4: np.float64(0.5714285714285714)}
2026-06-07 09:07:30 - src.models.hmm_engine - INFO - StockHMM_sh.600519状态校准完成: {0: np.float64(0.34), 1: np.float64(0.4909090909090909), 2: np.float64(0.2631578947368421), 3: np.float64(0.5), 4: np.float64(0.5384615384615384)}
2026-06-07 09:07:30 - src.models.hmm_engine - INFO - StockHMM_sh.600809状态校准完成: {0: np.float64(0.5405405405405406), 1: np.float64(0.35), 2: np.float64(0.37037037037037035), 3: np.float64(0.35294117647058826), 4: np.float64(0.4782608695652174)}
2026-06-07 09:07:30 - src.models.hmm_engine - INFO - StockHMM_sh.600887状态校准完成: {0: np.float64(0.4444444444444444), 1: np.float64(0.40404040404040403), 2: np.float64(0.4583333333333333), 3: np.float64(0.36363636363636365), 4: np.float64(0.3902439024390244)}
2026-06-07 09:07:31 - src.models.hmm_engine - INFO - StockHMM_sh.600900状态校准完成: {0: np.float64(0.5116279069767442), 1: np.float64(0.5555555555555556), 2: np.float64(0.3968253968253968), 3: np.float64(0.4), 4: np.float64(0.41379310344827586)}
2026-06-07 09:07:31 - src.models.hmm_engine - INFO - StockHMM_sh.601012状态校准完成: {0: np.float64(0.4583333333333333), 1: np.float64(0.36363636363636365), 2: np.float64(0.43478260869565216), 3: np.float64(0.425), 4: np.float64(0.29411764705882354)}
2026-06-07 09:07:31 - src.models.hmm_engine - INFO - StockHMM_sh.601166状态校准完成: {0: np.float64(0.42857142857142855), 1: np.float64(0.6170212765957447), 2: np.float64(0.45454545454545453), 3: np.float64(0.45454545454545453), 4: np.float64(0.4)}
2026-06-07 09:07:31 - src.models.hmm_engine - INFO - StockHMM_sh.601318状态校准完成: {0: np.float64(0.42857142857142855), 1: np.float64(0.4), 2: np.float64(0.5357142857142857), 3: np.float64(0.47761194029850745), 4: np.float64(0.8181818181818182)}
2026-06-07 09:07:31 - src.models.hmm_engine - INFO - StockHMM_sh.601888状态校准完成: {0: np.float64(0.45454545454545453), 1: np.float64(0.32653061224489793), 2: np.float64(0.7272727272727273), 3: np.float64(0.52), 4: np.float64(0.3246753246753247)}
2026-06-07 09:07:31 - src.models.hmm_engine - INFO - StockHMM_sz.000333状态校准完成: {0: np.float64(0.6153846153846154), 1: np.float64(0.52), 2: np.float64(0.39285714285714285), 3: np.float64(0.48148148148148145), 4: np.float64(0.48717948717948717)}
2026-06-07 09:07:31 - src.models.hmm_engine - INFO - StockHMM_sz.000568状态校准完成: {0: np.float64(0.43859649122807015), 1: np.float64(0.5128205128205128), 2: np.float64(0.3684210526315789), 3: np.float64(0.39285714285714285), 4: np.float64(0.46153846153846156)}
2026-06-07 09:07:31 - src.models.hmm_engine - INFO - StockHMM_sz.000651状态校准完成: {0: np.float64(0.44), 1: np.float64(0.4782608695652174), 2: np.float64(0.4444444444444444), 3: np.float64(0.3333333333333333), 4: np.float64(0.49295774647887325)}
2026-06-07 09:07:31 - src.models.hmm_engine - INFO - StockHMM_sz.000858状态校准完成: {0: np.float64(0.375), 1: np.float64(0.5641025641025641), 2: np.float64(0.4594594594594595), 3: np.float64(0.4375), 4: np.float64(0.36363636363636365)}
2026-06-07 09:07:31 - src.models.hmm_engine - INFO - StockHMM_sz.002415状态校准完成: {0: np.float64(0.43137254901960786), 1: np.float64(0.5), 2: np.float64(0.46511627906976744), 3: np.float64(0.5), 4: np.float64(0.4)}
2026-06-07 09:07:31 - src.models.hmm_engine - INFO - StockHMM_sz.002475状态校准完成: {0: np.float64(0.42), 1: np.float64(0.4666666666666667), 2: np.float64(0.4883720930232558), 3: np.float64(0.3181818181818182), 4: np.float64(0.5)}
2026-06-07 09:07:31 - src.models.hmm_engine - INFO - StockHMM_sz.002714状态校准完成: {0: np.float64(0.4), 1: np.float64(0.41379310344827586), 2: np.float64(0.39344262295081966), 3: np.float64(0.5555555555555556), 4: np.float64(0.4838709677419355)}
2026-06-07 09:07:31 - src.models.hmm_engine - INFO - StockHMM_sz.300015状态校准完成: {0: np.float64(0.43478260869565216), 1: np.float64(0.4583333333333333), 2: np.float64(0.4583333333333333), 3: np.float64(0.5), 4: np.float64(0.1)}
2026-06-07 09:07:31 - src.models.hmm_engine - INFO - StockHMM_sz.300059状态校准完成: {0: np.float64(0.48), 1: np.float64(0.4642857142857143), 2: np.float64(0.4909090909090909), 3: np.float64(0.4482758620689655), 4: np.float64(0.45454545454545453)}
2026-06-07 09:07:31 - src.models.hmm_engine - INFO - StockHMM_sz.300750状态校准完成: {0: np.float64(0.5), 1: np.float64(0.34285714285714286), 2: np.float64(0.6), 3: np.float64(0.4), 4: np.float64(0.4915254237288136)}
2026-06-07 09:07:32 - src.models.hmm_engine - INFO - StockHMM_sh.600036状态校准完成: {0: np.float64(0.5666666666666667), 1: np.float64(0.4666666666666667), 2: np.float64(0.6153846153846154), 3: np.float64(0.43103448275862066), 4: np.float64(0.47619047619047616)}
2026-06-07 09:07:32 - src.models.hmm_engine - INFO - StockHMM_sh.600276状态校准完成: {0: np.float64(0.44), 1: np.float64(0.47692307692307695), 2: np.float64(0.5116279069767442), 3: np.float64(0.4583333333333333), 4: np.float64(0.5)}
2026-06-07 09:07:32 - src.models.hmm_engine - INFO - StockHMM_sh.600519状态校准完成: {0: np.float64(0.5277777777777778), 1: np.float64(0.48), 2: np.float64(0.5121951219512195), 3: np.float64(0.5), 4: np.float64(0.4583333333333333)}
2026-06-07 09:07:32 - src.models.hmm_engine - INFO - StockHMM_sh.600809状态校准完成: {0: np.float64(0.375), 1: np.float64(0.5263157894736842), 2: np.float64(0.5769230769230769), 3: np.float64(0.6153846153846154), 4: np.float64(0.4166666666666667)}
2026-06-07 09:07:32 - src.models.hmm_engine - INFO - StockHMM_sh.600887状态校准完成: {0: np.float64(0.375), 1: np.float64(0.43243243243243246), 2: np.float64(0.5), 3: np.float64(0.4411764705882353), 4: np.float64(0.423728813559322)}
2026-06-07 09:07:32 - src.models.hmm_engine - INFO - StockHMM_sh.600900状态校准完成: {0: np.float64(0.5517241379310345), 1: np.float64(0.4230769230769231), 2: np.float64(0.42857142857142855), 3: np.float64(0.5263157894736842), 4: np.float64(0.42105263157894735)}
2026-06-07 09:07:32 - src.models.hmm_engine - INFO - StockHMM_sh.601012状态校准完成: {0: np.float64(0.4375), 1: np.float64(0.41025641025641024), 2: np.float64(0.42), 3: np.float64(0.42857142857142855), 4: np.float64(0.3333333333333333)}
2026-06-07 09:07:32 - src.models.hmm_engine - INFO - StockHMM_sh.601166状态校准完成: {0: np.float64(0.5636363636363636), 1: np.float64(0.43478260869565216), 2: np.float64(0.375), 3: np.float64(0.42857142857142855), 4: np.float64(0.5102040816326531)}
2026-06-07 09:07:32 - src.models.hmm_engine - INFO - StockHMM_sh.601318状态校准完成: {0: np.float64(0.45454545454545453), 1: np.float64(0.5172413793103449), 2: np.float64(0.7692307692307693), 3: np.float64(0.48), 4: np.float64(0.5098039215686274)}
2026-06-07 09:07:33 - src.models.hmm_engine - INFO - StockHMM_sh.601888状态校准完成: {0: np.float64(0.52), 1: np.float64(0.323943661971831), 2: np.float64(0.5185185185185185), 3: np.float64(0.5384615384615384), 4: np.float64(0.3333333333333333)}
2026-06-07 09:07:33 - src.models.hmm_engine - INFO - StockHMM_sz.000333状态校准完成: {0: np.float64(0.5), 1: np.float64(0.5625), 2: np.float64(0.5370370370370371), 3: np.float64(0.5517241379310345), 4: np.float64(0.42857142857142855)}
2026-06-07 09:07:33 - src.models.hmm_engine - INFO - StockHMM_sz.000568状态校准完成: {0: np.float64(0.4418604651162791), 1: np.float64(0.6136363636363636), 2: np.float64(0.425), 3: np.float64(0.5333333333333333), 4: np.float64(0.30952380952380953)}
2026-06-07 09:07:33 - src.models.hmm_engine - INFO - StockHMM_sz.000651状态校准完成: {0: np.float64(0.5), 1: np.float64(0.55), 2: np.float64(0.5147058823529411), 3: np.float64(0.4375), 4: np.float64(0.3333333333333333)}
2026-06-07 09:07:33 - src.models.hmm_engine - INFO - StockHMM_sz.000858状态校准完成: {0: np.float64(0.45714285714285713), 1: np.float64(0.4), 2: np.float64(0.48717948717948717), 3: np.float64(0.4444444444444444), 4: np.float64(0.55)}
2026-06-07 09:07:33 - src.models.hmm_engine - INFO - StockHMM_sz.002415状态校准完成: {0: np.float64(0.42857142857142855), 1: np.float64(0.4166666666666667), 2: np.float64(0.46153846153846156), 3: np.float64(0.3888888888888889), 4: np.float64(0.6666666666666666)}
2026-06-07 09:07:33 - src.models.hmm_engine - INFO - StockHMM_sz.002475状态校准完成: {0: np.float64(0.4583333333333333), 1: np.float64(0.5161290322580645), 2: np.float64(0.46938775510204084), 3: np.float64(0.4), 4: np.float64(0.5161290322580645)}
2026-06-07 09:07:33 - src.models.hmm_engine - INFO - StockHMM_sz.002714状态校准完成: {0: np.float64(0.5), 1: np.float64(0.4230769230769231), 2: np.float64(0.42857142857142855), 3: np.float64(0.43478260869565216), 4: np.float64(0.48936170212765956)}
2026-06-07 09:07:33 - src.models.hmm_engine - INFO - StockHMM_sz.300015状态校准完成: {0: np.float64(0.26666666666666666), 1: np.float64(0.4864864864864865), 2: np.float64(0.4444444444444444), 3: np.float64(0.6666666666666666), 4: np.float64(0.4857142857142857)}
2026-06-07 09:07:33 - src.models.hmm_engine - INFO - StockHMM_sz.300059状态校准完成: {0: np.float64(0.5), 1: np.float64(0.48936170212765956), 2: np.float64(0.4), 3: np.float64(0.26666666666666666), 4: np.float64(0.4714285714285714)}
2026-06-07 09:07:33 - src.models.hmm_engine - INFO - StockHMM_sz.300750状态校准完成: {0: np.float64(0.4166666666666667), 1: np.float64(0.6), 2: np.float64(0.5238095238095238), 3: np.float64(0.4), 4: np.float64(0.4878048780487805)}
2026-06-07 09:07:34 - src.models.hmm_engine - INFO - StockHMM_sh.600036状态校准完成: {0: np.float64(0.5476190476190477), 1: np.float64(0.525), 2: np.float64(0.30303030303030304), 3: np.float64(0.45454545454545453), 4: np.float64(0.46808510638297873)}
2026-06-07 09:07:34 - src.models.hmm_engine - INFO - StockHMM_sh.600276状态校准完成: {0: np.float64(0.55), 1: np.float64(0.5161290322580645), 2: np.float64(0.3684210526315789), 3: np.float64(0.4305555555555556), 4: np.float64(0.36363636363636365)}
2026-06-07 09:07:34 - src.models.hmm_engine - INFO - StockHMM_sh.600519状态校准完成: {0: np.float64(0.5), 1: np.float64(0.5925925925925926), 2: np.float64(0.5238095238095238), 3: np.float64(0.4482758620689655), 4: np.float64(0.4230769230769231)}
2026-06-07 09:07:34 - src.models.hmm_engine - INFO - StockHMM_sh.600809状态校准完成: {0: np.float64(0.6), 1: np.float64(0.5185185185185185), 2: np.float64(0.5), 3: np.float64(0.4090909090909091), 4: np.float64(0.37142857142857144)}
2026-06-07 09:07:34 - src.models.hmm_engine - INFO - StockHMM_sh.600887状态校准完成: {0: np.float64(0.42105263157894735), 1: np.float64(0.4), 2: np.float64(0.44), 3: np.float64(0.38), 4: np.float64(0.37777777777777777)}
2026-06-07 09:07:34 - src.models.hmm_engine - INFO - StockHMM_sh.600900状态校准完成: {0: np.float64(0.46153846153846156), 1: np.float64(0.4722222222222222), 2: np.float64(0.5), 3: np.float64(0.33962264150943394), 4: np.float64(0.5192307692307693)}
2026-06-07 09:07:34 - src.models.hmm_engine - INFO - StockHMM_sh.601012状态校准完成: {0: np.float64(0.3541666666666667), 1: np.float64(0.38461538461538464), 2: np.float64(0.38461538461538464), 3: np.float64(0.425531914893617), 4: np.float64(0.38)}
2026-06-07 09:07:34 - src.models.hmm_engine - INFO - StockHMM_sh.601166状态校准完成: {0: np.float64(0.5), 1: np.float64(0.45652173913043476), 2: np.float64(0.5), 3: np.float64(0.4444444444444444), 4: np.float64(0.4)}
2026-06-07 09:07:34 - src.models.hmm_engine - INFO - StockHMM_sh.601318状态校准完成: {0: np.float64(0.5), 1: np.float64(0.34615384615384615), 2: np.float64(0.7), 3: np.float64(0.4605263157894737), 4: np.float64(0.5666666666666667)}
2026-06-07 09:07:34 - src.models.hmm_engine - INFO - StockHMM_sh.601888状态校准完成: {0: np.float64(0.3333333333333333), 1: np.float64(0.5333333333333333), 2: np.float64(0.34545454545454546), 3: np.float64(0.30434782608695654), 4: np.float64(0.47058823529411764)}
2026-06-07 09:07:34 - src.models.hmm_engine - INFO - StockHMM_sz.000333状态校准完成: {0: np.float64(0.45652173913043476), 1: np.float64(0.5416666666666666), 2: np.float64(0.5833333333333334), 3: np.float64(0.4411764705882353), 4: np.float64(0.5227272727272727)}
2026-06-07 09:07:34 - src.models.hmm_engine - INFO - StockHMM_sz.000568状态校准完成: {0: np.float64(0.5), 1: np.float64(0.35555555555555557), 2: np.float64(0.3333333333333333), 3: np.float64(0.5), 4: np.float64(0.4406779661016949)}
2026-06-07 09:07:34 - src.models.hmm_engine - INFO - StockHMM_sz.000651状态校准完成: {0: np.float64(0.47540983606557374), 1: np.float64(0.4375), 2: np.float64(0.42857142857142855), 3: np.float64(0.46551724137931033), 4: np.float64(0.2)}
2026-06-07 09:07:34 - src.models.hmm_engine - INFO - StockHMM_sz.000858状态校准完成: {0: np.float64(0.35555555555555557), 1: np.float64(0.5405405405405406), 2: np.float64(0.4375), 3: np.float64(0.3076923076923077), 4: np.float64(0.3902439024390244)}
2026-06-07 09:07:35 - src.models.hmm_engine - INFO - StockHMM_sz.002415状态校准完成: {0: np.float64(0.4576271186440678), 1: np.float64(0.4090909090909091), 2: np.float64(0.4146341463414634), 3: np.float64(0.3333333333333333), 4: np.float64(0.5526315789473685)}
2026-06-07 09:07:35 - src.models.hmm_engine - INFO - StockHMM_sz.002475状态校准完成: {0: np.float64(0.4074074074074074), 1: np.float64(0.5652173913043478), 2: np.float64(0.4318181818181818), 3: np.float64(0.59375), 4: np.float64(0.4482758620689655)}
2026-06-07 09:07:35 - src.models.hmm_engine - INFO - StockHMM_sz.002714状态校准完成: {0: np.float64(0.5), 1: np.float64(0.42105263157894735), 2: np.float64(0.45714285714285713), 3: np.float64(0.391304347826087), 4: np.float64(0.42105263157894735)}
2026-06-07 09:07:35 - src.models.hmm_engine - INFO - StockHMM_sz.300015状态校准完成: {0: np.float64(0.48936170212765956), 1: np.float64(0.42424242424242425), 2: np.float64(0.6), 3: np.float64(0.26666666666666666), 4: np.float64(0.45098039215686275)}
2026-06-07 09:07:35 - src.models.hmm_engine - INFO - StockHMM_sz.300059状态校准完成: {0: np.float64(0.38636363636363635), 1: np.float64(0.4520547945205479), 2: np.float64(0.4), 3: np.float64(0.4883720930232558), 4: np.float64(0.5)}
2026-06-07 09:07:35 - src.models.hmm_engine - INFO - StockHMM_sz.300750状态校准完成: {0: np.float64(0.6), 1: np.float64(0.4533333333333333), 2: np.float64(0.5), 3: np.float64(0.4), 4: np.float64(0.46153846153846156)}
2026-06-07 09:07:35 - src.models.hmm_engine - INFO - StockHMM_sh.600036状态校准完成: {0: np.float64(0.5686274509803921), 1: np.float64(0.3076923076923077), 2: np.float64(0.43243243243243246), 3: np.float64(0.5), 4: np.float64(0.45454545454545453)}
2026-06-07 09:07:35 - src.models.hmm_engine - INFO - StockHMM_sh.600276状态校准完成: {0: np.float64(0.4791666666666667), 1: np.float64(0.36666666666666664), 2: np.float64(0.5319148936170213), 3: np.float64(0.44680851063829785), 4: np.float64(0.36363636363636365)}
2026-06-07 09:07:36 - src.models.hmm_engine - INFO - StockHMM_sh.600519状态校准完成: {0: np.float64(0.4772727272727273), 1: np.float64(0.4375), 2: np.float64(0.4878048780487805), 3: np.float64(0.42105263157894735), 4: np.float64(0.41935483870967744)}
2026-06-07 09:07:36 - src.models.hmm_engine - INFO - StockHMM_sh.600809状态校准完成: {0: np.float64(0.4), 1: np.float64(0.48484848484848486), 2: np.float64(0.5555555555555556), 3: np.float64(0.5), 4: np.float64(0.3469387755102041)}
2026-06-07 09:07:36 - src.models.hmm_engine - INFO - StockHMM_sh.600887状态校准完成: {0: np.float64(0.2857142857142857), 1: np.float64(0.3793103448275862), 2: np.float64(0.3888888888888889), 3: np.float64(0.4264705882352941), 4: np.float64(0.5384615384615384)}
2026-06-07 09:07:36 - src.models.hmm_engine - INFO - StockHMM_sh.600900状态校准完成: {0: np.float64(0.4772727272727273), 1: np.float64(0.4142857142857143), 2: np.float64(0.4444444444444444), 3: np.float64(0.52), 4: np.float64(0.48)}
2026-06-07 09:07:36 - src.models.hmm_engine - INFO - StockHMM_sh.601012状态校准完成: {0: np.float64(0.4318181818181818), 1: np.float64(0.4153846153846154), 2: np.float64(0.4), 3: np.float64(0.358974358974359), 4: np.float64(0.3333333333333333)}
2026-06-07 09:07:36 - src.models.hmm_engine - INFO - StockHMM_sh.601166状态校准完成: {0: np.float64(0.4888888888888889), 1: np.float64(0.45), 2: np.float64(0.4), 3: np.float64(0.4523809523809524), 4: np.float64(0.5161290322580645)}
2026-06-07 09:07:36 - src.models.hmm_engine - INFO - StockHMM_sh.601318状态校准完成: {0: np.float64(0.30434782608695654), 1: np.float64(0.45454545454545453), 2: np.float64(0.5483870967741935), 3: np.float64(0.4878048780487805), 4: np.float64(0.5454545454545454)}
2026-06-07 09:07:36 - src.models.hmm_engine - INFO - StockHMM_sh.601888状态校准完成: {0: np.float64(0.40816326530612246), 1: np.float64(0.3404255319148936), 2: np.float64(0.3333333333333333), 3: np.float64(0.22727272727272727), 4: np.float64(0.34210526315789475)}
2026-06-07 09:07:36 - src.models.hmm_engine - INFO - StockHMM_sz.000333状态校准完成: {0: np.float64(0.4722222222222222), 1: np.float64(0.36363636363636365), 2: np.float64(0.48), 3: np.float64(0.8571428571428571), 4: np.float64(0.49122807017543857)}
2026-06-07 09:07:36 - src.models.hmm_engine - INFO - StockHMM_sz.000568状态校准完成: {0: np.float64(0.43137254901960786), 1: np.float64(0.45), 2: np.float64(0.3793103448275862), 3: np.float64(0.3783783783783784), 4: np.float64(0.41304347826086957)}
2026-06-07 09:07:36 - src.models.hmm_engine - INFO - StockHMM_sz.000651状态校准完成: {0: np.float64(0.43478260869565216), 1: np.float64(0.4406779661016949), 2: np.float64(0.2), 3: np.float64(0.453125), 4: np.float64(0.4375)}
2026-06-07 09:07:36 - src.models.hmm_engine - INFO - StockHMM_sz.000858状态校准完成: {0: np.float64(0.41025641025641024), 1: np.float64(0.48148148148148145), 2: np.float64(0.40384615384615385), 3: np.float64(0.32727272727272727), 4: np.float64(0.3)}
2026-06-07 09:07:36 - src.models.hmm_engine - INFO - StockHMM_sz.002415状态校准完成: {0: np.float64(0.5121951219512195), 1: np.float64(0.3953488372093023), 2: np.float64(0.4074074074074074), 3: np.float64(0.36), 4: np.float64(0.44680851063829785)}
2026-06-07 09:07:36 - src.models.hmm_engine - INFO - StockHMM_sz.002475状态校准完成: {0: np.float64(0.5185185185185185), 1: np.float64(0.4857142857142857), 2: np.float64(0.40476190476190477), 3: np.float64(0.4807692307692308), 4: np.float64(0.4074074074074074)}
2026-06-07 09:07:36 - src.models.hmm_engine - INFO - StockHMM_sz.002714状态校准完成: {0: np.float64(0.3488372093023256), 1: np.float64(0.4222222222222222), 2: np.float64(0.46774193548387094), 3: np.float64(0.3793103448275862), 4: np.float64(0.5)}
2026-06-07 09:07:37 - src.models.hmm_engine - INFO - StockHMM_sz.300015状态校准完成: {0: np.float64(0.26666666666666666), 1: np.float64(0.6), 2: np.float64(0.4186046511627907), 3: np.float64(0.44), 4: np.float64(0.4444444444444444)}
2026-06-07 09:07:37 - src.models.hmm_engine - INFO - StockHMM_sz.300059状态校准完成: {0: np.float64(0.5111111111111111), 1: np.float64(0.35714285714285715), 2: np.float64(0.4266666666666667), 3: np.float64(0.4), 4: np.float64(0.4)}
2026-06-07 09:07:37 - src.models.hmm_engine - INFO - StockHMM_sz.300750状态校准完成: {0: np.float64(0.45454545454545453), 1: np.float64(0.421875), 2: np.float64(1.0), 3: np.float64(0.5), 4: np.float64(0.4)}
2026-06-07 09:07:37 - src.models.hmm_engine - INFO - StockHMM_sh.600036状态校准完成: {0: np.float64(0.5454545454545454), 1: np.float64(0.3076923076923077), 2: np.float64(0.48), 3: np.float64(0.3333333333333333), 4: np.float64(0.42105263157894735)}
2026-06-07 09:07:37 - src.models.hmm_engine - INFO - StockHMM_sh.600276状态校准完成: {0: np.float64(0.45454545454545453), 1: np.float64(0.41818181818181815), 2: np.float64(0.525), 3: np.float64(0.36363636363636365), 4: np.float64(0.5294117647058824)}
2026-06-07 09:07:37 - src.models.hmm_engine - INFO - StockHMM_sh.600519状态校准完成: {0: np.float64(0.45098039215686275), 1: np.float64(0.44155844155844154), 2: np.float64(0.3888888888888889), 3: np.float64(0.6), 4: np.float64(0.4642857142857143)}
2026-06-07 09:07:37 - src.models.hmm_engine - INFO - StockHMM_sh.600809状态校准完成: {0: np.float64(0.4230769230769231), 1: np.float64(0.5555555555555556), 2: np.float64(0.5454545454545454), 3: np.float64(0.4722222222222222), 4: np.float64(0.3111111111111111)}
2026-06-07 09:07:37 - src.models.hmm_engine - INFO - StockHMM_sh.600887状态校准完成: {0: np.float64(0.4507042253521127), 1: np.float64(0.3492063492063492), 2: np.float64(0.25), 3: np.float64(0.38461538461538464), 4: np.float64(0.5714285714285714)}
2026-06-07 09:07:37 - src.models.hmm_engine - INFO - StockHMM_sh.600900状态校准完成: {0: np.float64(0.47058823529411764), 1: np.float64(0.4807692307692308), 2: np.float64(0.48), 3: np.float64(0.5555555555555556), 4: np.float64(0.44642857142857145)}
2026-06-07 09:07:37 - src.models.hmm_engine - INFO - StockHMM_sh.601012状态校准完成: {0: np.float64(0.36363636363636365), 1: np.float64(0.36363636363636365), 2: np.float64(0.42857142857142855), 3: np.float64(0.25), 4: np.float64(0.391304347826087)}
2026-06-07 09:07:38 - src.models.hmm_engine - INFO - StockHMM_sh.601166状态校准完成: {0: np.float64(0.3877551020408163), 1: np.float64(0.42857142857142855), 2: np.float64(0.4375), 3: np.float64(0.3333333333333333), 4: np.float64(0.5434782608695652)}
2026-06-07 09:07:38 - src.models.hmm_engine - INFO - StockHMM_sh.601318状态校准完成: {0: np.float64(0.3076923076923077), 1: np.float64(0.40350877192982454), 2: np.float64(0.5185185185185185), 3: np.float64(0.47619047619047616), 4: np.float64(0.5094339622641509)}
2026-06-07 09:07:38 - src.models.hmm_engine - INFO - StockHMM_sh.601888状态校准完成: {0: np.float64(0.3448275862068966), 1: np.float64(0.2222222222222222), 2: np.float64(0.36507936507936506), 3: np.float64(0.3181818181818182), 4: np.float64(0.391304347826087)}
2026-06-07 09:07:38 - src.models.hmm_engine - INFO - StockHMM_sz.000333状态校准完成: {0: np.float64(0.5102040816326531), 1: np.float64(0.4666666666666667), 2: np.float64(0.6666666666666666), 3: np.float64(0.4528301886792453), 4: np.float64(0.35714285714285715)}
2026-06-07 09:07:38 - src.models.hmm_engine - INFO - StockHMM_sz.000568状态校准完成: {0: np.float64(0.40350877192982454), 1: np.float64(0.375), 2: np.float64(0.38461538461538464), 3: np.float64(0.375), 4: np.float64(0.5172413793103449)}
2026-06-07 09:07:38 - src.models.hmm_engine - INFO - StockHMM_sz.000651状态校准完成: {0: np.float64(0.34782608695652173), 1: np.float64(0.4722222222222222), 2: np.float64(0.4375), 3: np.float64(0.4), 4: np.float64(0.5)}
2026-06-07 09:07:38 - src.models.hmm_engine - INFO - StockHMM_sz.000858状态校准完成: {0: np.float64(0.42857142857142855), 1: np.float64(0.32432432432432434), 2: np.float64(0.4074074074074074), 3: np.float64(0.3076923076923077), 4: np.float64(0.4444444444444444)}
2026-06-07 09:07:38 - src.models.hmm_engine - INFO - StockHMM_sz.002415状态校准完成: {0: np.float64(0.5333333333333333), 1: np.float64(0.4), 2: np.float64(0.4074074074074074), 3: np.float64(0.3902439024390244), 4: np.float64(0.43478260869565216)}
2026-06-07 09:07:38 - src.models.hmm_engine - INFO - StockHMM_sz.002475状态校准完成: {0: np.float64(0.5714285714285714), 1: np.float64(0.4418604651162791), 2: np.float64(0.4), 3: np.float64(0.41935483870967744), 4: np.float64(0.4222222222222222)}
2026-06-07 09:07:38 - src.models.hmm_engine - INFO - StockHMM_sz.002714状态校准完成: {0: np.float64(0.39622641509433965), 1: np.float64(0.4482758620689655), 2: np.float64(0.3972602739726027), 3: np.float64(0.4), 4: np.float64(0.4166666666666667)}
2026-06-07 09:07:38 - src.models.hmm_engine - INFO - StockHMM_sz.300015状态校准完成: {0: np.float64(0.45161290322580644), 1: np.float64(0.4426229508196721), 2: np.float64(0.4305555555555556), 3: np.float64(0.6), 4: np.float64(0.26666666666666666)}
2026-06-07 09:07:38 - src.models.hmm_engine - INFO - StockHMM_sz.300059状态校准完成: {0: np.float64(0.5), 1: np.float64(0.3333333333333333), 2: np.float64(0.38095238095238093), 3: np.float64(0.4177215189873418), 4: np.float64(0.4)}
2026-06-07 09:07:38 - src.models.hmm_engine - INFO - StockHMM_sz.300750状态校准完成: {0: np.float64(0.41025641025641024), 1: np.float64(0.6), 2: np.float64(0.4), 3: np.float64(0.4626865671641791), 4: np.float64(0.39655172413793105)}
2026-06-07 09:07:39 - src.models.hmm_engine - INFO - StockHMM_sh.600036状态校准完成: {0: np.float64(0.3181818181818182), 1: np.float64(0.47619047619047616), 2: np.float64(0.46), 3: np.float64(0.5), 4: np.float64(0.42105263157894735)}
2026-06-07 09:07:39 - src.models.hmm_engine - INFO - StockHMM_sh.600276状态校准完成: {0: np.float64(0.425), 1: np.float64(0.5625), 2: np.float64(0.5), 3: np.float64(0.43478260869565216), 4: np.float64(0.36363636363636365)}
2026-06-07 09:07:39 - src.models.hmm_engine - INFO - StockHMM_sh.600519状态校准完成: {0: np.float64(0.5128205128205128), 1: np.float64(0.47368421052631576), 2: np.float64(0.5294117647058824), 3: np.float64(0.43243243243243246), 4: np.float64(0.4)}
2026-06-07 09:07:39 - src.models.hmm_engine - INFO - StockHMM_sh.600809状态校准完成: {0: np.float64(0.42592592592592593), 1: np.float64(0.4857142857142857), 2: np.float64(0.35), 3: np.float64(0.5882352941176471), 4: np.float64(0.5)}
2026-06-07 09:07:39 - src.models.hmm_engine - INFO - StockHMM_sh.600887状态校准完成: {0: np.float64(0.46551724137931033), 1: np.float64(0.3684210526315789), 2: np.float64(0.5), 3: np.float64(0.6666666666666666), 4: np.float64(0.36486486486486486)}
2026-06-07 09:07:39 - src.models.hmm_engine - INFO - StockHMM_sh.600900状态校准完成: {0: np.float64(0.421875), 1: np.float64(0.47368421052631576), 2: np.float64(0.6), 3: np.float64(0.48), 4: np.float64(0.5303030303030303)}
2026-06-07 09:07:39 - src.models.hmm_engine - INFO - StockHMM_sh.601012状态校准完成: {0: np.float64(0.2682926829268293), 1: np.float64(0.36), 2: np.float64(0.3191489361702128), 3: np.float64(0.36363636363636365), 4: np.float64(0.5428571428571428)}
2026-06-07 09:07:39 - src.models.hmm_engine - INFO - StockHMM_sh.601166状态校准完成: {0: np.float64(0.5714285714285714), 1: np.float64(0.45454545454545453), 2: np.float64(0.3620689655172414), 3: np.float64(0.4878048780487805), 4: np.float64(0.4117647058823529)}
2026-06-07 09:07:39 - src.models.hmm_engine - INFO - StockHMM_sh.601318状态校准完成: {0: np.float64(0.32), 1: np.float64(0.5), 2: np.float64(0.4117647058823529), 3: np.float64(0.5833333333333334), 4: np.float64(0.4)}
2026-06-07 09:07:39 - src.models.hmm_engine - INFO - StockHMM_sh.601888状态校准完成: {0: np.float64(0.3333333333333333), 1: np.float64(0.2647058823529412), 2: np.float64(0.3684210526315789), 3: np.float64(0.3888888888888889), 4: np.float64(0.42857142857142855)}
2026-06-07 09:07:39 - src.models.hmm_engine - INFO - StockHMM_sz.000333状态校准完成: {0: np.float64(0.6666666666666666), 1: np.float64(0.29545454545454547), 2: np.float64(0.5098039215686274), 3: np.float64(0.5675675675675675), 4: np.float64(0.46511627906976744)}
2026-06-07 09:07:40 - src.models.hmm_engine - INFO - StockHMM_sz.000568状态校准完成: {0: np.float64(0.4230769230769231), 1: np.float64(0.4146341463414634), 2: np.float64(0.4482758620689655), 3: np.float64(0.32142857142857145), 4: np.float64(0.4)}
2026-06-07 09:07:40 - src.models.hmm_engine - INFO - StockHMM_sz.000651状态校准完成: {0: np.float64(0.2), 1: np.float64(0.4230769230769231), 2: np.float64(0.4507042253521127), 3: np.float64(0.41304347826086957), 4: np.float64(0.4)}
2026-06-07 09:07:40 - src.models.hmm_engine - INFO - StockHMM_sz.000858状态校准完成: {0: np.float64(0.38095238095238093), 1: np.float64(0.4032258064516129), 2: np.float64(0.36), 3: np.float64(0.38235294117647056), 4: np.float64(0.35294117647058826)}
2026-06-07 09:07:40 - src.models.hmm_engine - INFO - StockHMM_sz.002415状态校准完成: {0: np.float64(0.4074074074074074), 1: np.float64(0.4), 2: np.float64(0.375), 3: np.float64(0.5581395348837209), 4: np.float64(0.38)}
2026-06-07 09:07:40 - src.models.hmm_engine - INFO - StockHMM_sz.002475状态校准完成: {0: np.float64(0.3157894736842105), 1: np.float64(0.4634146341463415), 2: np.float64(0.43548387096774194), 3: np.float64(0.6333333333333333), 4: np.float64(0.40625)}
2026-06-07 09:07:40 - src.models.hmm_engine - INFO - StockHMM_sz.002714状态校准完成: {0: np.float64(0.36486486486486486), 1: np.float64(0.4492753623188406), 2: np.float64(0.42857142857142855), 3: np.float64(0.5714285714285714), 4: np.float64(0.5)}
2026-06-07 09:07:40 - src.models.hmm_engine - INFO - StockHMM_sz.300015状态校准完成: {0: np.float64(0.26666666666666666), 1: np.float64(0.4634146341463415), 2: np.float64(0.4153846153846154), 3: np.float64(0.6), 4: np.float64(0.43103448275862066)}
2026-06-07 09:07:40 - src.models.hmm_engine - INFO - StockHMM_sz.300059状态校准完成: {0: np.float64(0.3333333333333333), 1: np.float64(0.38095238095238093), 2: np.float64(0.4), 3: np.float64(0.48148148148148145), 4: np.float64(0.3333333333333333)}
2026-06-07 09:07:40 - src.models.hmm_engine - INFO - StockHMM_sz.300750状态校准完成: {0: np.float64(0.6), 1: np.float64(0.44), 2: np.float64(0.43820224719101125), 3: np.float64(0.6), 4: np.float64(0.3)}
2026-06-07 09:07:41 - src.models.hmm_engine - INFO - StockHMM_sh.600036状态校准完成: {0: np.float64(0.4918032786885246), 1: np.float64(0.3684210526315789), 2: np.float64(0.3076923076923077), 3: np.float64(0.5), 4: np.float64(0.5)}
2026-06-07 09:07:41 - src.models.hmm_engine - INFO - StockHMM_sh.600276状态校准完成: {0: np.float64(0.5535714285714286), 1: np.float64(0.4444444444444444), 2: np.float64(0.36363636363636365), 3: np.float64(0.46938775510204084), 4: np.float64(0.5)}
2026-06-07 09:07:41 - src.models.hmm_engine - INFO - StockHMM_sh.600519状态校准完成: {0: np.float64(0.5), 1: np.float64(0.4), 2: np.float64(0.4772727272727273), 3: np.float64(0.4927536231884058), 4: np.float64(0.4583333333333333)}
2026-06-07 09:07:41 - src.models.hmm_engine - INFO - StockHMM_sh.600809状态校准完成: {0: np.float64(0.5), 1: np.float64(0.4666666666666667), 2: np.float64(0.3488372093023256), 3: np.float64(0.6153846153846154), 4: np.float64(0.5348837209302325)}
2026-06-07 09:07:41 - src.models.hmm_engine - INFO - StockHMM_sh.600887状态校准完成: {0: np.float64(0.4827586206896552), 1: np.float64(0.3888888888888889), 2: np.float64(0.39622641509433965), 3: np.float64(0.5), 4: np.float64(0.42857142857142855)}
2026-06-07 09:07:41 - src.models.hmm_engine - INFO - StockHMM_sh.600900状态校准完成: {0: np.float64(0.4117647058823529), 1: np.float64(0.46153846153846156), 2: np.float64(0.5777777777777777), 3: np.float64(0.5384615384615384), 4: np.float64(0.47058823529411764)}
2026-06-07 09:07:41 - src.models.hmm_engine - INFO - StockHMM_sh.601012状态校准完成: {0: np.float64(0.3333333333333333), 1: np.float64(0.23076923076923078), 2: np.float64(0.4), 3: np.float64(0.4642857142857143), 4: np.float64(0.36)}
2026-06-07 09:07:41 - src.models.hmm_engine - INFO - StockHMM_sh.601166状态校准完成: {0: np.float64(0.41379310344827586), 1: np.float64(0.0), 2: np.float64(0.42857142857142855), 3: np.float64(0.43636363636363634), 4: np.float64(0.42857142857142855)}
2026-06-07 09:07:41 - src.models.hmm_engine - INFO - StockHMM_sh.601318状态校准完成: {0: np.float64(0.4666666666666667), 1: np.float64(0.4852941176470588), 2: np.float64(0.7142857142857143), 3: np.float64(0.45), 4: np.float64(0.2727272727272727)}
2026-06-07 09:07:41 - src.models.hmm_engine - INFO - StockHMM_sh.601888状态校准完成: {0: np.float64(0.3114754098360656), 1: np.float64(0.4), 2: np.float64(0.4067796610169492), 3: np.float64(0.25925925925925924), 4: np.float64(0.36363636363636365)}
2026-06-07 09:07:41 - src.models.hmm_engine - INFO - StockHMM_sz.000333状态校准完成: {0: np.float64(0.5142857142857142), 1: np.float64(0.463768115942029), 2: np.float64(0.5714285714285714), 3: np.float64(0.5), 4: np.float64(0.38461538461538464)}
2026-06-07 09:07:41 - src.models.hmm_engine - INFO - StockHMM_sz.000568状态校准完成: {0: np.float64(0.42857142857142855), 1: np.float64(0.4857142857142857), 2: np.float64(0.39473684210526316), 3: np.float64(0.3442622950819672), 4: np.float64(0.35714285714285715)}
2026-06-07 09:07:41 - src.models.hmm_engine - INFO - StockHMM_sz.000651状态校准完成: {0: np.float64(0.6), 1: np.float64(0.46511627906976744), 2: np.float64(0.42592592592592593), 3: np.float64(0.40425531914893614), 4: np.float64(0.38235294117647056)}
2026-06-07 09:07:41 - src.models.hmm_engine - INFO - StockHMM_sz.000858状态校准完成: {0: np.float64(0.45), 1: np.float64(0.4444444444444444), 2: np.float64(0.3888888888888889), 3: np.float64(0.3181818181818182), 4: np.float64(0.3448275862068966)}
2026-06-07 09:07:41 - src.models.hmm_engine - INFO - StockHMM_sz.002415状态校准完成: {0: np.float64(0.36666666666666664), 1: np.float64(0.4444444444444444), 2: np.float64(0.45454545454545453), 3: np.float64(0.41935483870967744), 4: np.float64(0.3939393939393939)}
2026-06-07 09:07:42 - src.models.hmm_engine - INFO - StockHMM_sz.002475状态校准完成: {0: np.float64(0.4489795918367347), 1: np.float64(0.46153846153846156), 2: np.float64(0.4230769230769231), 3: np.float64(0.6111111111111112), 4: np.float64(0.36363636363636365)}
2026-06-07 09:07:42 - src.models.hmm_engine - INFO - StockHMM_sz.002714状态校准完成: {0: np.float64(0.4), 1: np.float64(0.38666666666666666), 2: np.float64(0.45161290322580644), 3: np.float64(0.45454545454545453), 4: np.float64(0.5)}
2026-06-07 09:07:42 - src.models.hmm_engine - INFO - StockHMM_sz.300015状态校准完成: {0: np.float64(0.3333333333333333), 1: np.float64(0.4189189189189189), 2: np.float64(0.6), 3: np.float64(0.26666666666666666), 4: np.float64(0.4189189189189189)}
2026-06-07 09:07:42 - src.models.hmm_engine - INFO - StockHMM_sz.300059状态校准完成: {0: np.float64(0.25), 1: np.float64(0.3392857142857143), 2: np.float64(0.44086021505376344), 3: np.float64(0.4), 4: np.float64(0.4)}
2026-06-07 09:07:42 - src.models.hmm_engine - INFO - StockHMM_sz.300750状态校准完成: {0: np.float64(0.3), 1: np.float64(0.42857142857142855), 2: np.float64(0.6), 3: np.float64(0.6), 4: np.float64(0.4444444444444444)}
2026-06-07 09:07:42 - src.models.hmm_engine - INFO - StockHMM_sh.600036状态校准完成: {0: np.float64(0.3684210526315789), 1: np.float64(0.4166666666666667), 2: np.float64(0.5833333333333334), 3: np.float64(0.5106382978723404), 4: np.float64(0.48214285714285715)}
2026-06-07 09:07:42 - src.models.hmm_engine - INFO - StockHMM_sh.600276状态校准完成: {0: np.float64(0.4473684210526316), 1: np.float64(0.5), 2: np.float64(0.4117647058823529), 3: np.float64(0.4838709677419355), 4: np.float64(0.4411764705882353)}
2026-06-07 09:07:42 - src.models.hmm_engine - INFO - StockHMM_sh.600519状态校准完成: {0: np.float64(0.4642857142857143), 1: np.float64(0.4305555555555556), 2: np.float64(0.5294117647058824), 3: np.float64(0.39285714285714285), 4: np.float64(0.5681818181818182)}
2026-06-07 09:07:42 - src.models.hmm_engine - INFO - StockHMM_sh.600809状态校准完成: {0: np.float64(0.3541666666666667), 1: np.float64(0.5), 2: np.float64(0.45454545454545453), 3: np.float64(0.52), 4: np.float64(0.5294117647058824)}
2026-06-07 09:07:42 - src.models.hmm_engine - INFO - StockHMM_sh.600887状态校准完成: {0: np.float64(0.4222222222222222), 1: np.float64(0.4576271186440678), 2: np.float64(0.4444444444444444), 3: np.float64(0.5), 4: np.float64(0.48214285714285715)}
2026-06-07 09:07:43 - src.models.hmm_engine - INFO - StockHMM_sh.600900状态校准完成: {0: np.float64(0.46153846153846156), 1: np.float64(0.5), 2: np.float64(0.43333333333333335), 3: np.float64(0.56), 4: np.float64(0.6111111111111112)}
2026-06-07 09:07:43 - src.models.hmm_engine - INFO - StockHMM_sh.601012状态校准完成: {0: np.float64(0.3333333333333333), 1: np.float64(0.4772727272727273), 2: np.float64(0.41304347826086957), 3: np.float64(0.2), 4: np.float64(0.3125)}
2026-06-07 09:07:43 - src.models.hmm_engine - INFO - StockHMM_sh.601166状态校准完成: {0: np.float64(0.5142857142857142), 1: np.float64(0.391304347826087), 2: np.float64(0.4444444444444444), 3: np.float64(0.0), 4: np.float64(0.44)}
2026-06-07 09:07:43 - src.models.hmm_engine - INFO - StockHMM_sh.601318状态校准完成: {0: np.float64(0.36), 1: np.float64(0.3888888888888889), 2: np.float64(0.5538461538461539), 3: np.float64(0.5555555555555556), 4: np.float64(0.4482758620689655)}
2026-06-07 09:07:43 - src.models.hmm_engine - INFO - StockHMM_sh.601888状态校准完成: {0: np.float64(0.23076923076923078), 1: np.float64(0.3064516129032258), 2: np.float64(0.44642857142857145), 3: np.float64(0.47058823529411764), 4: np.float64(0.35714285714285715)}
2026-06-07 09:07:43 - src.models.hmm_engine - INFO - StockHMM_sz.000333状态校准完成: {0: np.float64(0.46808510638297873), 1: np.float64(0.3111111111111111), 2: np.float64(0.5384615384615384), 3: np.float64(0.7777777777777778), 4: np.float64(0.5555555555555556)}
2026-06-07 09:07:43 - src.models.hmm_engine - INFO - StockHMM_sz.000568状态校准完成: {0: np.float64(0.44), 1: np.float64(0.38461538461538464), 2: np.float64(0.39285714285714285), 3: np.float64(0.35), 4: np.float64(0.38095238095238093)}
2026-06-07 09:07:43 - src.models.hmm_engine - INFO - StockHMM_sz.000651状态校准完成: {0: np.float64(0.4339622641509434), 1: np.float64(0.4666666666666667), 2: np.float64(0.3333333333333333), 3: np.float64(0.44680851063829785), 4: np.float64(0.42105263157894735)}
2026-06-07 09:07:43 - src.models.hmm_engine - INFO - StockHMM_sz.000858状态校准完成: {0: np.float64(0.39215686274509803), 1: np.float64(0.4915254237288136), 2: np.float64(0.35), 3: np.float64(0.3076923076923077), 4: np.float64(0.4)}
2026-06-07 09:07:43 - src.models.hmm_engine - INFO - StockHMM_sz.002415状态校准完成: {0: np.float64(0.358974358974359), 1: np.float64(0.42857142857142855), 2: np.float64(0.5), 3: np.float64(0.5142857142857142), 4: np.float64(0.3870967741935484)}
2026-06-07 09:07:43 - src.models.hmm_engine - INFO - StockHMM_sz.002475状态校准完成: {0: np.float64(0.4444444444444444), 1: np.float64(0.5636363636363636), 2: np.float64(0.5135135135135135), 3: np.float64(0.3870967741935484), 4: np.float64(0.3333333333333333)}
2026-06-07 09:07:43 - src.models.hmm_engine - INFO - StockHMM_sz.002714状态校准完成: {0: np.float64(0.45454545454545453), 1: np.float64(0.4090909090909091), 2: np.float64(0.4375), 3: np.float64(0.5), 4: np.float64(0.5)}
2026-06-07 09:07:43 - src.models.hmm_engine - INFO - StockHMM_sz.300015状态校准完成: {0: np.float64(0.2857142857142857), 1: np.float64(0.26666666666666666), 2: np.float64(0.6), 3: np.float64(0.36470588235294116), 4: np.float64(0.42857142857142855)}
2026-06-07 09:07:43 - src.models.hmm_engine - INFO - StockHMM_sz.300059状态校准完成: {0: np.float64(0.38095238095238093), 1: np.float64(0.2916666666666667), 2: np.float64(0.6666666666666666), 3: np.float64(0.34782608695652173), 4: np.float64(0.43956043956043955)}
2026-06-07 09:07:43 - src.models.hmm_engine - INFO - StockHMM_sz.300750状态校准完成: {0: np.float64(0.5), 1: np.float64(0.3888888888888889), 2: np.float64(0.4), 3: np.float64(0.6), 4: np.float64(0.4225352112676056)}
2026-06-07 09:07:44 - src.models.hmm_engine - INFO - StockHMM_sh.600036状态校准完成: {0: np.float64(0.23076923076923078), 1: np.float64(0.49122807017543857), 2: np.float64(0.4418604651162791), 3: np.float64(0.475), 4: np.float64(0.5806451612903226)}
2026-06-07 09:07:44 - src.models.hmm_engine - INFO - StockHMM_sh.600276状态校准完成: {0: np.float64(0.4918032786885246), 1: np.float64(0.41025641025641024), 2: np.float64(0.3888888888888889), 3: np.float64(0.6956521739130435), 4: np.float64(0.4186046511627907)}
2026-06-07 09:07:44 - src.models.hmm_engine - INFO - StockHMM_sh.600519状态校准完成: {0: np.float64(0.5681818181818182), 1: np.float64(0.44642857142857145), 2: np.float64(0.42105263157894735), 3: np.float64(0.55), 4: np.float64(0.4230769230769231)}
2026-06-07 09:07:44 - src.models.hmm_engine - INFO - StockHMM_sh.600809状态校准完成: {0: np.float64(0.631578947368421), 1: np.float64(0.3333333333333333), 2: np.float64(0.5111111111111111), 3: np.float64(0.5294117647058824), 4: np.float64(0.4090909090909091)}
2026-06-07 09:07:44 - src.models.hmm_engine - INFO - StockHMM_sh.600887状态校准完成: {0: np.float64(0.46), 1: np.float64(0.5), 2: np.float64(0.47058823529411764), 3: np.float64(0.5588235294117647), 4: np.float64(0.38095238095238093)}
2026-06-07 09:07:44 - src.models.hmm_engine - INFO - StockHMM_sh.600900状态校准完成: {0: np.float64(0.41509433962264153), 1: np.float64(0.4782608695652174), 2: np.float64(0.6111111111111112), 3: np.float64(0.525), 4: np.float64(0.54)}
2026-06-07 09:07:44 - src.models.hmm_engine - INFO - StockHMM_sh.601012状态校准完成: {0: np.float64(0.5333333333333333), 1: np.float64(0.42857142857142855), 2: np.float64(0.37254901960784315), 3: np.float64(0.2), 4: np.float64(0.39344262295081966)}
2026-06-07 09:07:44 - src.models.hmm_engine - INFO - StockHMM_sh.601166状态校准完成: {0: np.float64(0.5), 1: np.float64(0.6666666666666666), 2: np.float64(0.36585365853658536), 3: np.float64(0.4117647058823529), 4: np.float64(0.4166666666666667)}
2026-06-07 09:07:44 - src.models.hmm_engine - INFO - StockHMM_sh.601318状态校准完成: {0: np.float64(0.6875), 1: np.float64(0.42), 2: np.float64(0.45454545454545453), 3: np.float64(0.5384615384615384), 4: np.float64(0.3333333333333333)}
2026-06-07 09:07:45 - src.models.hmm_engine - INFO - StockHMM_sh.601888状态校准完成: {0: np.float64(0.5238095238095238), 1: np.float64(0.4107142857142857), 2: np.float64(0.41379310344827586), 3: np.float64(0.38636363636363635), 4: np.float64(0.35294117647058826)}
2026-06-07 09:07:45 - src.models.hmm_engine - INFO - StockHMM_sz.000333状态校准完成: {0: np.float64(0.5), 1: np.float64(0.5483870967741935), 2: np.float64(0.75), 3: np.float64(0.4067796610169492), 4: np.float64(0.5161290322580645)}
2026-06-07 09:07:45 - src.models.hmm_engine - INFO - StockHMM_sz.000568状态校准完成: {0: np.float64(0.43478260869565216), 1: np.float64(0.4230769230769231), 2: np.float64(0.375), 3: np.float64(0.3958333333333333), 4: np.float64(0.5135135135135135)}
2026-06-07 09:07:45 - src.models.hmm_engine - INFO - StockHMM_sz.000651状态校准完成: {0: np.float64(0.3684210526315789), 1: np.float64(0.41818181818181815), 2: np.float64(0.5208333333333334), 3: np.float64(0.5), 4: np.float64(0.5121951219512195)}
2026-06-07 09:07:45 - src.models.hmm_engine - INFO - StockHMM_sz.000858状态校准完成: {0: np.float64(0.4375), 1: np.float64(0.5), 2: np.float64(0.4067796610169492), 3: np.float64(0.30434782608695654), 4: np.float64(0.425)}
2026-06-07 09:07:45 - src.models.hmm_engine - INFO - StockHMM_sz.002415状态校准完成: {0: np.float64(0.5128205128205128), 1: np.float64(0.38461538461538464), 2: np.float64(0.5), 3: np.float64(0.5), 4: np.float64(0.4375)}
2026-06-07 09:07:45 - src.models.hmm_engine - INFO - StockHMM_sz.002475状态校准完成: {0: np.float64(0.5), 1: np.float64(0.358974358974359), 2: np.float64(0.5), 3: np.float64(0.5862068965517241), 4: np.float64(0.45)}
2026-06-07 09:07:45 - src.models.hmm_engine - INFO - StockHMM_sz.002714状态校准完成: {0: np.float64(0.5087719298245614), 1: np.float64(0.4791666666666667), 2: np.float64(0.6), 3: np.float64(0.39622641509433965), 4: np.float64(0.47619047619047616)}
2026-06-07 09:07:45 - src.models.hmm_engine - INFO - StockHMM_sz.300015状态校准完成: {0: np.float64(0.42857142857142855), 1: np.float64(0.26666666666666666), 2: np.float64(0.34146341463414637), 3: np.float64(0.6), 4: np.float64(0.417910447761194)}
2026-06-07 09:07:45 - src.models.hmm_engine - INFO - StockHMM_sz.300059状态校准完成: {0: np.float64(0.36), 1: np.float64(0.4444444444444444), 2: np.float64(0.4), 3: np.float64(0.4444444444444444), 4: np.float64(0.38235294117647056)}
2026-06-07 09:07:45 - src.models.hmm_engine - INFO - StockHMM_sz.300750状态校准完成: {0: np.float64(0.4444444444444444), 1: np.float64(0.5217391304347826), 2: np.float64(0.4642857142857143), 3: np.float64(0.38), 4: np.float64(0.40425531914893614)}
2026-06-07 09:07:46 - src.models.hmm_engine - INFO - StockHMM_sh.600036状态校准完成: {0: np.float64(0.5), 1: np.float64(0.5526315789473685), 2: np.float64(0.47368421052631576), 3: np.float64(0.21428571428571427), 4: np.float64(0.44642857142857145)}
2026-06-07 09:07:46 - src.models.hmm_engine - INFO - StockHMM_sh.600276状态校准完成: {0: np.float64(0.48484848484848486), 1: np.float64(0.3076923076923077), 2: np.float64(0.4666666666666667), 3: np.float64(0.4666666666666667), 4: np.float64(0.5483870967741935)}
2026-06-07 09:07:46 - src.models.hmm_engine - INFO - StockHMM_sh.600519状态校准完成: {0: np.float64(0.41379310344827586), 1: np.float64(0.5), 2: np.float64(0.5405405405405406), 3: np.float64(0.4852941176470588), 4: np.float64(0.375)}
2026-06-07 09:07:46 - src.models.hmm_engine - INFO - StockHMM_sh.600809状态校准完成: {0: np.float64(0.6060606060606061), 1: np.float64(0.325), 2: np.float64(0.5102040816326531), 3: np.float64(0.5555555555555556), 4: np.float64(0.4583333333333333)}
2026-06-07 09:07:46 - src.models.hmm_engine - INFO - StockHMM_sh.600887状态校准完成: {0: np.float64(0.5454545454545454), 1: np.float64(0.4888888888888889), 2: np.float64(0.5151515151515151), 3: np.float64(0.3333333333333333), 4: np.float64(0.4666666666666667)}
2026-06-07 09:07:46 - src.models.hmm_engine - INFO - StockHMM_sh.600900状态校准完成: {0: np.float64(0.42424242424242425), 1: np.float64(0.509090909090909), 2: np.float64(0.5263157894736842), 3: np.float64(0.6470588235294118), 4: np.float64(0.5128205128205128)}
2026-06-07 09:07:46 - src.models.hmm_engine - INFO - StockHMM_sh.601012状态校准完成: {0: np.float64(0.4166666666666667), 1: np.float64(0.3870967741935484), 2: np.float64(0.4), 3: np.float64(0.4090909090909091), 4: np.float64(0.2)}
2026-06-07 09:07:46 - src.models.hmm_engine - INFO - StockHMM_sh.601166状态校准完成: {0: np.float64(0.47540983606557374), 1: np.float64(0.0), 2: np.float64(0.2), 3: np.float64(0.5625), 4: np.float64(0.373134328358209)}
2026-06-07 09:07:46 - src.models.hmm_engine - INFO - StockHMM_sh.601318状态校准完成: {0: np.float64(0.3333333333333333), 1: np.float64(0.3793103448275862), 2: np.float64(0.5142857142857142), 3: np.float64(0.5), 4: np.float64(0.6428571428571429)}
2026-06-07 09:07:46 - src.models.hmm_engine - INFO - StockHMM_sh.601888状态校准完成: {0: np.float64(0.40540540540540543), 1: np.float64(0.3333333333333333), 2: np.float64(0.37142857142857144), 3: np.float64(0.47368421052631576), 4: np.float64(0.4444444444444444)}
2026-06-07 09:07:46 - src.models.hmm_engine - INFO - StockHMM_sz.000333状态校准完成: {0: np.float64(0.52), 1: np.float64(0.46511627906976744), 2: np.float64(0.5714285714285714), 3: np.float64(0.4074074074074074), 4: np.float64(0.4444444444444444)}
2026-06-07 09:07:46 - src.models.hmm_engine - INFO - StockHMM_sz.000568状态校准完成: {0: np.float64(0.45161290322580644), 1: np.float64(0.4146341463414634), 2: np.float64(0.40384615384615385), 3: np.float64(0.4473684210526316), 4: np.float64(0.5)}
2026-06-07 09:07:46 - src.models.hmm_engine - INFO - StockHMM_sz.000651状态校准完成: {0: np.float64(0.45454545454545453), 1: np.float64(0.37142857142857144), 2: np.float64(0.4230769230769231), 3: np.float64(0.5333333333333333), 4: np.float64(0.5128205128205128)}
2026-06-07 09:07:47 - src.models.hmm_engine - INFO - StockHMM_sz.000858状态校准完成: {0: np.float64(0.4888888888888889), 1: np.float64(0.5), 2: np.float64(0.3076923076923077), 3: np.float64(0.3870967741935484), 4: np.float64(0.4067796610169492)}
2026-06-07 09:07:47 - src.models.hmm_engine - INFO - StockHMM_sz.002415状态校准完成: {0: np.float64(0.40476190476190477), 1: np.float64(0.5128205128205128), 2: np.float64(0.55), 3: np.float64(0.425531914893617), 4: np.float64(0.4411764705882353)}
2026-06-07 09:07:47 - src.models.hmm_engine - INFO - StockHMM_sz.002475状态校准完成: {0: np.float64(0.5102040816326531), 1: np.float64(0.4864864864864865), 2: np.float64(0.3611111111111111), 3: np.float64(0.43478260869565216), 4: np.float64(0.5675675675675675)}
2026-06-07 09:07:47 - src.models.hmm_engine - INFO - StockHMM_sz.002714状态校准完成: {0: np.float64(0.47058823529411764), 1: np.float64(0.38461538461538464), 2: np.float64(0.5), 3: np.float64(0.5), 4: np.float64(0.5370370370370371)}
2026-06-07 09:07:47 - src.models.hmm_engine - INFO - StockHMM_sz.300015状态校准完成: {0: np.float64(0.423728813559322), 1: np.float64(0.2982456140350877), 2: np.float64(0.5), 3: np.float64(0.35294117647058826), 4: np.float64(0.44)}
2026-06-07 09:07:47 - src.models.hmm_engine - INFO - StockHMM_sz.300059状态校准完成: {0: np.float64(0.36666666666666664), 1: np.float64(0.4032258064516129), 2: np.float64(0.4153846153846154), 3: np.float64(0.38461538461538464), 4: np.float64(0.4166666666666667)}
2026-06-07 09:07:47 - src.models.hmm_engine - INFO - StockHMM_sz.300750状态校准完成: {0: np.float64(0.4), 1: np.float64(0.34782608695652173), 2: np.float64(0.5454545454545454), 3: np.float64(0.43283582089552236), 4: np.float64(0.34375)}
2026-06-07 09:07:47 - src.models.hmm_engine - INFO - StockHMM_sh.600036状态校准完成: {0: np.float64(0.35555555555555557), 1: np.float64(0.5217391304347826), 2: np.float64(0.2857142857142857), 3: np.float64(0.5348837209302325), 4: np.float64(0.5142857142857142)}
2026-06-07 09:07:47 - src.models.hmm_engine - INFO - StockHMM_sh.600276状态校准完成: {0: np.float64(0.45161290322580644), 1: np.float64(0.425531914893617), 2: np.float64(0.45), 3: np.float64(0.4074074074074074), 4: np.float64(0.6774193548387096)}
2026-06-07 09:07:47 - src.models.hmm_engine - INFO - StockHMM_sh.600519状态校准完成: {0: np.float64(0.36363636363636365), 1: np.float64(0.4827586206896552), 2: np.float64(0.46153846153846156), 3: np.float64(0.4722222222222222), 4: np.float64(0.4)}
2026-06-07 09:07:48 - src.models.hmm_engine - INFO - StockHMM_sh.600809状态校准完成: {0: np.float64(0.38235294117647056), 1: np.float64(0.43902439024390244), 2: np.float64(0.6), 3: np.float64(0.47058823529411764), 4: np.float64(0.36363636363636365)}
2026-06-07 09:07:48 - src.models.hmm_engine - INFO - StockHMM_sh.600887状态校准完成: {0: np.float64(0.2857142857142857), 1: np.float64(0.5813953488372093), 2: np.float64(0.5), 3: np.float64(0.5384615384615384), 4: np.float64(0.4473684210526316)}
2026-06-07 09:07:48 - src.models.hmm_engine - INFO - StockHMM_sh.600900状态校准完成: {0: np.float64(0.5161290322580645), 1: np.float64(0.4716981132075472), 2: np.float64(0.6818181818181818), 3: np.float64(0.6052631578947368), 4: np.float64(0.358974358974359)}
2026-06-07 09:07:48 - src.models.hmm_engine - INFO - StockHMM_sh.601012状态校准完成: {0: np.float64(0.4444444444444444), 1: np.float64(0.43137254901960786), 2: np.float64(0.39215686274509803), 3: np.float64(0.08333333333333333), 4: np.float64(0.40476190476190477)}
2026-06-07 09:07:48 - src.models.hmm_engine - INFO - StockHMM_sh.601166状态校准完成: {0: np.float64(0.5813953488372093), 1: np.float64(0.2), 2: np.float64(0.4430379746835443), 3: np.float64(0.6666666666666666), 4: np.float64(0.39622641509433965)}
2026-06-07 09:07:48 - src.models.hmm_engine - INFO - StockHMM_sh.601318状态校准完成: {0: np.float64(0.47619047619047616), 1: np.float64(0.48936170212765956), 2: np.float64(0.4), 3: np.float64(0.5666666666666667), 4: np.float64(0.45454545454545453)}
2026-06-07 09:07:48 - src.models.hmm_engine - INFO - StockHMM_sh.601888状态校准完成: {0: np.float64(0.40816326530612246), 1: np.float64(0.41304347826086957), 2: np.float64(0.41025641025641024), 3: np.float64(0.3333333333333333), 4: np.float64(0.45454545454545453)}
2026-06-07 09:07:48 - src.models.hmm_engine - INFO - StockHMM_sz.000333状态校准完成: {0: np.float64(0.5357142857142857), 1: np.float64(0.6071428571428571), 2: np.float64(0.5), 3: np.float64(0.5), 4: np.float64(0.4186046511627907)}
2026-06-07 09:07:48 - src.models.hmm_engine - INFO - StockHMM_sz.000568状态校准完成: {0: np.float64(0.4166666666666667), 1: np.float64(0.4666666666666667), 2: np.float64(0.3333333333333333), 3: np.float64(0.4827586206896552), 4: np.float64(0.475)}
2026-06-07 09:07:48 - src.models.hmm_engine - INFO - StockHMM_sz.000651状态校准完成: {0: np.float64(0.6), 1: np.float64(0.5102040816326531), 2: np.float64(0.39473684210526316), 3: np.float64(0.40350877192982454), 4: np.float64(0.42857142857142855)}
2026-06-07 09:07:48 - src.models.hmm_engine - INFO - StockHMM_sz.000858状态校准完成: {0: np.float64(0.37254901960784315), 1: np.float64(0.3870967741935484), 2: np.float64(0.4897959183673469), 3: np.float64(0.42857142857142855), 4: np.float64(0.39473684210526316)}
2026-06-07 09:07:48 - src.models.hmm_engine - INFO - StockHMM_sz.002415状态校准完成: {0: np.float64(0.40540540540540543), 1: np.float64(0.40540540540540543), 2: np.float64(0.4722222222222222), 3: np.float64(0.5555555555555556), 4: np.float64(0.4864864864864865)}
2026-06-07 09:07:48 - src.models.hmm_engine - INFO - StockHMM_sz.002475状态校准完成: {0: np.float64(0.35714285714285715), 1: np.float64(0.43902439024390244), 2: np.float64(0.4727272727272727), 3: np.float64(0.43478260869565216), 4: np.float64(0.6944444444444444)}
2026-06-07 09:07:48 - src.models.hmm_engine - INFO - StockHMM_sz.002714状态校准完成: {0: np.float64(0.36538461538461536), 1: np.float64(0.5106382978723404), 2: np.float64(0.5), 3: np.float64(0.5), 4: np.float64(0.47619047619047616)}
2026-06-07 09:07:49 - src.models.hmm_engine - INFO - StockHMM_sz.300015状态校准完成: {0: np.float64(0.23529411764705882), 1: np.float64(0.40789473684210525), 2: np.float64(0.42857142857142855), 3: np.float64(0.3125), 4: np.float64(0.38095238095238093)}
2026-06-07 09:07:49 - src.models.hmm_engine - INFO - StockHMM_sz.300059状态校准完成: {0: np.float64(0.46808510638297873), 1: np.float64(0.4), 2: np.float64(0.36666666666666664), 3: np.float64(0.4166666666666667), 4: np.float64(0.4074074074074074)}
2026-06-07 09:07:49 - src.models.hmm_engine - INFO - StockHMM_sz.300750状态校准完成: {0: np.float64(0.45), 1: np.float64(0.358974358974359), 2: np.float64(0.36363636363636365), 3: np.float64(0.5), 4: np.float64(0.38095238095238093)}
2026-06-07 09:07:49 - src.models.hmm_engine - INFO - StockHMM_sh.600036状态校准完成: {0: np.float64(0.5), 1: np.float64(0.5192307692307693), 2: np.float64(0.3939393939393939), 3: np.float64(0.4444444444444444), 4: np.float64(0.36363636363636365)}
2026-06-07 09:07:49 - src.models.hmm_engine - INFO - StockHMM_sh.600276状态校准完成: {0: np.float64(0.5714285714285714), 1: np.float64(0.4489795918367347), 2: np.float64(0.6818181818181818), 3: np.float64(0.3469387755102041), 4: np.float64(0.47619047619047616)}
2026-06-07 09:07:49 - src.models.hmm_engine - INFO - StockHMM_sh.600519状态校准完成: {0: np.float64(0.23076923076923078), 1: np.float64(0.39622641509433965), 2: np.float64(0.5), 3: np.float64(0.4745762711864407), 4: np.float64(0.6)}
2026-06-07 09:07:49 - src.models.hmm_engine - INFO - StockHMM_sh.600809状态校准完成: {0: np.float64(0.5833333333333334), 1: np.float64(0.42592592592592593), 2: np.float64(0.44680851063829785), 3: np.float64(0.4482758620689655), 4: np.float64(0.3793103448275862)}
2026-06-07 09:07:49 - src.models.hmm_engine - INFO - StockHMM_sh.600887状态校准完成: {0: np.float64(0.4), 1: np.float64(0.5), 2: np.float64(0.6538461538461539), 3: np.float64(0.3953488372093023), 4: np.float64(0.6666666666666666)}
2026-06-07 09:07:49 - src.models.hmm_engine - INFO - StockHMM_sh.600900状态校准完成: {0: np.float64(0.6428571428571429), 1: np.float64(0.4782608695652174), 2: np.float64(0.3939393939393939), 3: np.float64(0.5555555555555556), 4: np.float64(0.5084745762711864)}
2026-06-07 09:07:49 - src.models.hmm_engine - INFO - StockHMM_sh.601012状态校准完成: {0: np.float64(0.4666666666666667), 1: np.float64(0.4074074074074074), 2: np.float64(0.4166666666666667), 3: np.float64(0.4166666666666667), 4: np.float64(0.08333333333333333)}
2026-06-07 09:07:50 - src.models.hmm_engine - INFO - StockHMM_sh.601166状态校准完成: {0: np.float64(0.36363636363636365), 1: np.float64(0.5853658536585366), 2: np.float64(0.484375), 3: np.float64(0.2), 4: np.float64(0.4482758620689655)}
2026-06-07 09:07:50 - src.models.hmm_engine - INFO - StockHMM_sh.601318状态校准完成: {0: np.float64(0.5), 1: np.float64(0.3333333333333333), 2: np.float64(0.42857142857142855), 3: np.float64(0.7333333333333333), 4: np.float64(0.41935483870967744)}
2026-06-07 09:07:50 - src.models.hmm_engine - INFO - StockHMM_sh.601888状态校准完成: {0: np.float64(0.48), 1: np.float64(0.4), 2: np.float64(0.4186046511627907), 3: np.float64(0.3953488372093023), 4: np.float64(0.40476190476190477)}
2026-06-07 09:07:50 - src.models.hmm_engine - INFO - StockHMM_sz.000333状态校准完成: {0: np.float64(0.4444444444444444), 1: np.float64(0.5901639344262295), 2: np.float64(0.4642857142857143), 3: np.float64(0.5652173913043478), 4: np.float64(0.45454545454545453)}
2026-06-07 09:07:50 - src.models.hmm_engine - INFO - StockHMM_sz.000568状态校准完成: {0: np.float64(0.40816326530612246), 1: np.float64(0.5333333333333333), 2: np.float64(0.40540540540540543), 3: np.float64(0.4117647058823529), 4: np.float64(0.45454545454545453)}
2026-06-07 09:07:50 - src.models.hmm_engine - INFO - StockHMM_sz.000651状态校准完成: {0: np.float64(0.4), 1: np.float64(0.5405405405405406), 2: np.float64(0.43209876543209874), 3: np.float64(0.5333333333333333), 4: np.float64(0.52)}
2026-06-07 09:07:50 - src.models.hmm_engine - INFO - StockHMM_sz.000858状态校准完成: {0: np.float64(0.40625), 1: np.float64(0.45), 2: np.float64(0.3783783783783784), 3: np.float64(0.45614035087719296), 4: np.float64(0.43243243243243246)}
2026-06-07 09:07:50 - src.models.hmm_engine - INFO - StockHMM_sz.002415状态校准完成: {0: np.float64(0.40625), 1: np.float64(0.5333333333333333), 2: np.float64(0.41304347826086957), 3: np.float64(0.5384615384615384), 4: np.float64(0.5294117647058824)}
2026-06-07 09:07:50 - src.models.hmm_engine - INFO - StockHMM_sz.002475状态校准完成: {0: np.float64(0.5263157894736842), 1: np.float64(0.3684210526315789), 2: np.float64(0.4716981132075472), 3: np.float64(0.45454545454545453), 4: np.float64(0.6206896551724138)}
2026-06-07 09:07:50 - src.models.hmm_engine - INFO - StockHMM_sz.002714状态校准完成: {0: np.float64(0.45901639344262296), 1: np.float64(0.44642857142857145), 2: np.float64(0.5), 3: np.float64(0.5161290322580645), 4: np.float64(0.5483870967741935)}
2026-06-07 09:07:50 - src.models.hmm_engine - INFO - StockHMM_sz.300015状态校准完成: {0: np.float64(0.4406779661016949), 1: np.float64(0.36363636363636365), 2: np.float64(0.4074074074074074), 3: np.float64(0.2702702702702703), 4: np.float64(0.34210526315789475)}
2026-06-07 09:07:50 - src.models.hmm_engine - INFO - StockHMM_sz.300059状态校准完成: {0: np.float64(0.48), 1: np.float64(0.39285714285714285), 2: np.float64(0.37333333333333335), 3: np.float64(0.45454545454545453), 4: np.float64(0.45454545454545453)}
2026-06-07 09:07:50 - src.models.hmm_engine - INFO - StockHMM_sz.300750状态校准完成: {0: np.float64(0.55), 1: np.float64(0.3404255319148936), 2: np.float64(0.3939393939393939), 3: np.float64(0.3835616438356164), 4: np.float64(0.3)}
2026-06-07 09:07:51 - src.models.hmm_engine - INFO - StockHMM_sh.600036状态校准完成: {0: np.float64(0.4166666666666667), 1: np.float64(0.4411764705882353), 2: np.float64(0.4791666666666667), 3: np.float64(0.5675675675675675), 4: np.float64(0.3333333333333333)}
2026-06-07 09:07:51 - src.models.hmm_engine - INFO - StockHMM_sh.600276状态校准完成: {0: np.float64(0.4722222222222222), 1: np.float64(0.4827586206896552), 2: np.float64(0.75), 3: np.float64(0.3548387096774194), 4: np.float64(0.42857142857142855)}
2026-06-07 09:07:51 - src.models.hmm_engine - INFO - StockHMM_sh.600519状态校准完成: {0: np.float64(0.5555555555555556), 1: np.float64(0.36363636363636365), 2: np.float64(0.48148148148148145), 3: np.float64(0.2727272727272727), 4: np.float64(0.4523809523809524)}
2026-06-07 09:07:51 - src.models.hmm_engine - INFO - StockHMM_sh.600809状态校准完成: {0: np.float64(0.4166666666666667), 1: np.float64(0.4166666666666667), 2: np.float64(0.4230769230769231), 3: np.float64(0.6190476190476191), 4: np.float64(0.32432432432432434)}
2026-06-07 09:07:51 - src.models.hmm_engine - INFO - StockHMM_sh.600887状态校准完成: {0: np.float64(0.39285714285714285), 1: np.float64(0.41818181818181815), 2: np.float64(0.44680851063829785), 3: np.float64(0.6470588235294118), 4: np.float64(0.6111111111111112)}
2026-06-07 09:07:51 - src.models.hmm_engine - INFO - StockHMM_sh.600900状态校准完成: {0: np.float64(0.5), 1: np.float64(0.42105263157894735), 2: np.float64(0.4838709677419355), 3: np.float64(0.6), 4: np.float64(0.6538461538461539)}
2026-06-07 09:07:51 - src.models.hmm_engine - INFO - StockHMM_sh.601012状态校准完成: {0: np.float64(0.40425531914893614), 1: np.float64(0.38461538461538464), 2: np.float64(0.35), 3: np.float64(0.09090909090909091), 4: np.float64(0.4444444444444444)}
2026-06-07 09:07:51 - src.models.hmm_engine - INFO - StockHMM_sh.601166状态校准完成: {0: np.float64(0.39215686274509803), 1: np.float64(0.4), 2: np.float64(0.6046511627906976), 3: np.float64(0.5882352941176471), 4: np.float64(0.0)}
2026-06-07 09:07:51 - src.models.hmm_engine - INFO - StockHMM_sh.601318状态校准完成: {0: np.float64(0.46153846153846156), 1: np.float64(0.5), 2: np.float64(0.34782608695652173), 3: np.float64(0.4444444444444444), 4: np.float64(0.7058823529411765)}
2026-06-07 09:07:51 - src.models.hmm_engine - INFO - StockHMM_sh.601888状态校准完成: {0: np.float64(0.41935483870967744), 1: np.float64(0.3333333333333333), 2: np.float64(0.42857142857142855), 3: np.float64(0.45454545454545453), 4: np.float64(0.42105263157894735)}
2026-06-07 09:07:51 - src.models.hmm_engine - INFO - StockHMM_sz.000333状态校准完成: {0: np.float64(0.5333333333333333), 1: np.float64(0.5932203389830508), 2: np.float64(0.4166666666666667), 3: np.float64(0.5185185185185185), 4: np.float64(0.4666666666666667)}
2026-06-07 09:07:51 - src.models.hmm_engine - INFO - StockHMM_sz.000568状态校准完成: {0: np.float64(0.33783783783783783), 1: np.float64(0.3793103448275862), 2: np.float64(0.3333333333333333), 3: np.float64(0.5789473684210527), 4: np.float64(0.5555555555555556)}
2026-06-07 09:07:52 - src.models.hmm_engine - INFO - StockHMM_sz.000651状态校准完成: {0: np.float64(0.391304347826087), 1: np.float64(0.5714285714285714), 2: np.float64(0.42857142857142855), 3: np.float64(0.5625), 4: np.float64(0.4444444444444444)}
2026-06-07 09:07:52 - src.models.hmm_engine - INFO - StockHMM_sz.000858状态校准完成: {0: np.float64(0.3448275862068966), 1: np.float64(0.4), 2: np.float64(0.5), 3: np.float64(0.5172413793103449), 4: np.float64(0.425531914893617)}
2026-06-07 09:07:52 - src.models.hmm_engine - INFO - StockHMM_sz.002415状态校准完成: {0: np.float64(0.55), 1: np.float64(0.43478260869565216), 2: np.float64(0.4838709677419355), 3: np.float64(0.5294117647058824), 4: np.float64(0.41935483870967744)}
2026-06-07 09:07:52 - src.models.hmm_engine - INFO - StockHMM_sz.002475状态校准完成: {0: np.float64(0.475), 1: np.float64(0.5121951219512195), 2: np.float64(0.5882352941176471), 3: np.float64(0.4166666666666667), 4: np.float64(0.5833333333333334)}
2026-06-07 09:07:52 - src.models.hmm_engine - INFO - StockHMM_sz.002714状态校准完成: {0: np.float64(0.5217391304347826), 1: np.float64(0.55), 2: np.float64(0.2413793103448276), 3: np.float64(0.5121951219512195), 4: np.float64(0.6)}
2026-06-07 09:07:52 - src.models.hmm_engine - INFO - StockHMM_sz.300015状态校准完成: {0: np.float64(0.20512820512820512), 1: np.float64(0.4155844155844156), 2: np.float64(0.5714285714285714), 3: np.float64(0.3103448275862069), 4: np.float64(0.43478260869565216)}
2026-06-07 09:07:52 - src.models.hmm_engine - INFO - StockHMM_sz.300059状态校准完成: {0: np.float64(0.3333333333333333), 1: np.float64(0.375), 2: np.float64(0.48484848484848486), 3: np.float64(0.5142857142857142), 4: np.float64(0.2962962962962963)}
2026-06-07 09:07:52 - src.models.hmm_engine - INFO - StockHMM_sz.300750状态校准完成: {0: np.float64(0.42857142857142855), 1: np.float64(0.5217391304347826), 2: np.float64(0.3), 3: np.float64(0.32075471698113206), 4: np.float64(0.3939393939393939)}
2026-06-07 09:07:52 - src.models.hmm_engine - INFO - StockHMM_sh.600036状态校准完成: {0: np.float64(0.2857142857142857), 1: np.float64(0.4666666666666667), 2: np.float64(0.46875), 3: np.float64(0.56), 4: np.float64(0.4444444444444444)}
2026-06-07 09:07:53 - src.models.hmm_engine - INFO - StockHMM_sh.600276状态校准完成: {0: np.float64(0.36538461538461536), 1: np.float64(0.5), 2: np.float64(0.45), 3: np.float64(0.5365853658536586), 4: np.float64(0.5294117647058824)}
2026-06-07 09:07:53 - src.models.hmm_engine - INFO - StockHMM_sh.600519状态校准完成: {0: np.float64(0.4318181818181818), 1: np.float64(0.4772727272727273), 2: np.float64(0.4444444444444444), 3: np.float64(0.4107142857142857), 4: np.float64(0.3225806451612903)}
2026-06-07 09:07:53 - src.models.hmm_engine - INFO - StockHMM_sh.600809状态校准完成: {0: np.float64(0.4583333333333333), 1: np.float64(0.5294117647058824), 2: np.float64(0.32558139534883723), 3: np.float64(0.4418604651162791), 4: np.float64(0.45614035087719296)}
2026-06-07 09:07:53 - src.models.hmm_engine - INFO - StockHMM_sh.600887状态校准完成: {0: np.float64(0.42857142857142855), 1: np.float64(0.7), 2: np.float64(0.47619047619047616), 3: np.float64(0.47368421052631576), 4: np.float64(0.3333333333333333)}
2026-06-07 09:07:53 - src.models.hmm_engine - INFO - StockHMM_sh.600900状态校准完成: {0: np.float64(0.5333333333333333), 1: np.float64(0.41025641025641024), 2: np.float64(0.543859649122807), 3: np.float64(0.47368421052631576), 4: np.float64(0.5384615384615384)}
2026-06-07 09:07:53 - src.models.hmm_engine - INFO - StockHMM_sh.601012状态校准完成: {0: np.float64(0.2631578947368421), 1: np.float64(0.38095238095238093), 2: np.float64(0.42857142857142855), 3: np.float64(0.45454545454545453), 4: np.float64(0.4594594594594595)}
2026-06-07 09:07:53 - src.models.hmm_engine - INFO - StockHMM_sh.601166状态校准完成: {0: np.float64(0.5882352941176471), 1: np.float64(0.5952380952380952), 2: np.float64(0.4375), 3: np.float64(0.40540540540540543), 4: np.float64(0.5)}
2026-06-07 09:07:53 - src.models.hmm_engine - INFO - StockHMM_sh.601318状态校准完成: {0: np.float64(0.4782608695652174), 1: np.float64(0.5), 2: np.float64(0.5277777777777778), 3: np.float64(0.5), 4: np.float64(0.4772727272727273)}
2026-06-07 09:07:53 - src.models.hmm_engine - INFO - StockHMM_sh.601888状态校准完成: {0: np.float64(0.4782608695652174), 1: np.float64(0.4528301886792453), 2: np.float64(0.4489795918367347), 3: np.float64(0.3333333333333333), 4: np.float64(0.4)}
2026-06-07 09:07:53 - src.models.hmm_engine - INFO - StockHMM_sz.000333状态校准完成: {0: np.float64(0.45), 1: np.float64(0.42857142857142855), 2: np.float64(0.603448275862069), 3: np.float64(0.5), 4: np.float64(0.5483870967741935)}
2026-06-07 09:07:53 - src.models.hmm_engine - INFO - StockHMM_sz.000568状态校准完成: {0: np.float64(0.3793103448275862), 1: np.float64(0.425), 2: np.float64(0.3870967741935484), 3: np.float64(0.5714285714285714), 4: np.float64(0.34375)}
2026-06-07 09:07:53 - src.models.hmm_engine - INFO - StockHMM_sz.000651状态校准完成: {0: np.float64(0.5), 1: np.float64(0.55), 2: np.float64(0.47619047619047616), 3: np.float64(0.3770491803278688), 4: np.float64(0.5)}
2026-06-07 09:07:53 - src.models.hmm_engine - INFO - StockHMM_sz.000858状态校准完成: {0: np.float64(0.48), 1: np.float64(0.4318181818181818), 2: np.float64(0.4074074074074074), 3: np.float64(0.375), 4: np.float64(0.46875)}
2026-06-07 09:07:53 - src.models.hmm_engine - INFO - StockHMM_sz.002415状态校准完成: {0: np.float64(0.41379310344827586), 1: np.float64(0.5), 2: np.float64(0.4716981132075472), 3: np.float64(0.4186046511627907), 4: np.float64(0.5806451612903226)}
2026-06-07 09:07:54 - src.models.hmm_engine - INFO - StockHMM_sz.002475状态校准完成: {0: np.float64(0.5714285714285714), 1: np.float64(0.46), 2: np.float64(0.6666666666666666), 3: np.float64(0.41935483870967744), 4: np.float64(0.5348837209302325)}
2026-06-07 09:07:54 - src.models.hmm_engine - INFO - StockHMM_sz.002714状态校准完成: {0: np.float64(0.48), 1: np.float64(0.45454545454545453), 2: np.float64(0.47368421052631576), 3: np.float64(0.3333333333333333), 4: np.float64(0.5925925925925926)}
2026-06-07 09:07:54 - src.models.hmm_engine - INFO - StockHMM_sz.300015状态校准完成: {0: np.float64(0.2), 1: np.float64(0.23684210526315788), 2: np.float64(0.625), 3: np.float64(0.27586206896551724), 4: np.float64(0.4175824175824176)}
2026-06-07 09:07:54 - src.models.hmm_engine - INFO - StockHMM_sz.300059状态校准完成: {0: np.float64(0.34375), 1: np.float64(0.4909090909090909), 2: np.float64(0.3387096774193548), 3: np.float64(0.38461538461538464), 4: np.float64(0.3333333333333333)}
2026-06-07 09:07:54 - src.models.hmm_engine - INFO - StockHMM_sz.300750状态校准完成: {0: np.float64(0.5263157894736842), 1: np.float64(0.391304347826087), 2: np.float64(0.358974358974359), 3: np.float64(0.42105263157894735), 4: np.float64(0.4918032786885246)}
2026-06-07 09:07:54 - src.models.hmm_engine - INFO - StockHMM_sh.600036状态校准完成: {0: np.float64(0.4146341463414634), 1: np.float64(0.5740740740740741), 2: np.float64(0.44), 3: np.float64(0.48484848484848486), 4: np.float64(0.43333333333333335)}
2026-06-07 09:07:54 - src.models.hmm_engine - INFO - StockHMM_sh.600276状态校准完成: {0: np.float64(0.3584905660377358), 1: np.float64(0.4444444444444444), 2: np.float64(0.4722222222222222), 3: np.float64(0.55), 4: np.float64(0.4375)}
2026-06-07 09:07:54 - src.models.hmm_engine - INFO - StockHMM_sh.600519状态校准完成: {0: np.float64(0.45714285714285713), 1: np.float64(0.40298507462686567), 2: np.float64(0.41304347826086957), 3: np.float64(0.28), 4: np.float64(0.5)}
2026-06-07 09:07:54 - src.models.hmm_engine - INFO - StockHMM_sh.600809状态校准完成: {0: np.float64(0.4666666666666667), 1: np.float64(0.43243243243243246), 2: np.float64(0.4166666666666667), 3: np.float64(0.22580645161290322), 4: np.float64(0.5263157894736842)}
2026-06-07 09:07:55 - src.models.hmm_engine - INFO - StockHMM_sh.600887状态校准完成: {0: np.float64(0.3333333333333333), 1: np.float64(0.49019607843137253), 2: np.float64(0.3888888888888889), 3: np.float64(0.4), 4: np.float64(0.5217391304347826)}
2026-06-07 09:07:55 - src.models.hmm_engine - INFO - StockHMM_sh.600900状态校准完成: {0: np.float64(0.5277777777777778), 1: np.float64(0.47058823529411764), 2: np.float64(0.43243243243243246), 3: np.float64(0.4782608695652174), 4: np.float64(0.6037735849056604)}
2026-06-07 09:07:55 - src.models.hmm_engine - INFO - StockHMM_sh.601012状态校准完成: {0: np.float64(0.4230769230769231), 1: np.float64(0.4523809523809524), 2: np.float64(0.45), 3: np.float64(0.2631578947368421), 4: np.float64(0.44642857142857145)}
2026-06-07 09:07:55 - src.models.hmm_engine - INFO - StockHMM_sh.601166状态校准完成: {0: np.float64(0.5714285714285714), 1: np.float64(0.47058823529411764), 2: np.float64(0.5), 3: np.float64(0.463768115942029), 4: np.float64(0.0)}
2026-06-07 09:07:55 - src.models.hmm_engine - INFO - StockHMM_sh.601318状态校准完成: {0: np.float64(0.64), 1: np.float64(0.5111111111111111), 2: np.float64(0.4897959183673469), 3: np.float64(0.4838709677419355), 4: np.float64(0.42424242424242425)}
2026-06-07 09:07:55 - src.models.hmm_engine - INFO - StockHMM_sh.601888状态校准完成: {0: np.float64(0.36363636363636365), 1: np.float64(0.38461538461538464), 2: np.float64(0.45), 3: np.float64(0.3409090909090909), 4: np.float64(0.52)}
2026-06-07 09:07:55 - src.models.hmm_engine - INFO - StockHMM_sz.000333状态校准完成: {0: np.float64(0.5), 1: np.float64(0.5294117647058824), 2: np.float64(0.5873015873015873), 3: np.float64(0.39285714285714285), 4: np.float64(0.5)}
2026-06-07 09:07:55 - src.models.hmm_engine - INFO - StockHMM_sz.000568状态校准完成: {0: np.float64(0.43902439024390244), 1: np.float64(0.45652173913043476), 2: np.float64(0.43478260869565216), 3: np.float64(0.3137254901960784), 4: np.float64(0.5)}
2026-06-07 09:07:55 - src.models.hmm_engine - INFO - StockHMM_sz.000651状态校准完成: {0: np.float64(0.4489795918367347), 1: np.float64(0.5238095238095238), 2: np.float64(0.6), 3: np.float64(0.4307692307692308), 4: np.float64(0.5526315789473685)}
2026-06-07 09:07:55 - src.models.hmm_engine - INFO - StockHMM_sz.000858状态校准完成: {0: np.float64(0.42857142857142855), 1: np.float64(0.4583333333333333), 2: np.float64(0.3684210526315789), 3: np.float64(0.3508771929824561), 4: np.float64(0.5263157894736842)}
2026-06-07 09:07:55 - src.models.hmm_engine - INFO - StockHMM_sz.002415状态校准完成: {0: np.float64(0.4666666666666667), 1: np.float64(0.5), 2: np.float64(0.3125), 3: np.float64(0.65), 4: np.float64(0.5217391304347826)}
2026-06-07 09:07:55 - src.models.hmm_engine - INFO - StockHMM_sz.002475状态校准完成: {0: np.float64(0.35), 1: np.float64(0.5813953488372093), 2: np.float64(0.6078431372549019), 3: np.float64(0.5882352941176471), 4: np.float64(0.4807692307692308)}
2026-06-07 09:07:55 - src.models.hmm_engine - INFO - StockHMM_sz.002714状态校准完成: {0: np.float64(0.45901639344262296), 1: np.float64(0.44642857142857145), 2: np.float64(0.5), 3: np.float64(0.5555555555555556), 4: np.float64(0.39285714285714285)}
2026-06-07 09:07:55 - src.models.hmm_engine - INFO - StockHMM_sz.300015状态校准完成: {0: np.float64(0.3870967741935484), 1: np.float64(0.4457831325301205), 2: np.float64(0.18181818181818182), 3: np.float64(0.1875), 4: np.float64(0.46153846153846156)}
2026-06-07 09:07:55 - src.models.hmm_engine - INFO - StockHMM_sz.300059状态校准完成: {0: np.float64(0.45161290322580644), 1: np.float64(0.35384615384615387), 2: np.float64(0.42105263157894735), 3: np.float64(0.3870967741935484), 4: np.float64(0.5)}
2026-06-07 09:07:55 - src.models.hmm_engine - INFO - StockHMM_sz.300750状态校准完成: {0: np.float64(0.3), 1: np.float64(0.43548387096774194), 2: np.float64(0.425), 3: np.float64(0.40816326530612246), 4: np.float64(0.5454545454545454)}
2026-06-07 09:07:56 - src.models.hmm_engine - INFO - StockHMM_sh.600036状态校准完成: {0: np.float64(0.35135135135135137), 1: np.float64(0.5423728813559322), 2: np.float64(0.5135135135135135), 3: np.float64(0.4883720930232558), 4: np.float64(0.6666666666666666)}
2026-06-07 09:07:56 - src.models.hmm_engine - INFO - StockHMM_sh.600276状态校准完成: {0: np.float64(0.4666666666666667), 1: np.float64(0.5116279069767442), 2: np.float64(0.45161290322580644), 3: np.float64(0.5384615384615384), 4: np.float64(0.40384615384615385)}
2026-06-07 09:07:56 - src.models.hmm_engine - INFO - StockHMM_sh.600519状态校准完成: {0: np.float64(0.41509433962264153), 1: np.float64(0.6666666666666666), 2: np.float64(0.41304347826086957), 3: np.float64(0.3076923076923077), 4: np.float64(0.42592592592592593)}
2026-06-07 09:07:56 - src.models.hmm_engine - INFO - StockHMM_sh.600809状态校准完成: {0: np.float64(0.4444444444444444), 1: np.float64(0.43283582089552236), 2: np.float64(0.2727272727272727), 3: np.float64(0.46875), 4: np.float64(0.6666666666666666)}
2026-06-07 09:07:56 - src.models.hmm_engine - INFO - StockHMM_sh.600887状态校准完成: {0: np.float64(0.391304347826087), 1: np.float64(0.5), 2: np.float64(0.5106382978723404), 3: np.float64(0.6666666666666666), 4: np.float64(0.2222222222222222)}
2026-06-07 09:07:56 - src.models.hmm_engine - INFO - StockHMM_sh.600900状态校准完成: {0: np.float64(0.7272727272727273), 1: np.float64(0.5), 2: np.float64(0.5384615384615384), 3: np.float64(0.47761194029850745), 4: np.float64(0.5263157894736842)}
2026-06-07 09:07:56 - src.models.hmm_engine - INFO - StockHMM_sh.601012状态校准完成: {0: np.float64(0.3225806451612903), 1: np.float64(0.4444444444444444), 2: np.float64(0.6666666666666666), 3: np.float64(0.40540540540540543), 4: np.float64(0.49122807017543857)}
2026-06-07 09:07:56 - src.models.hmm_engine - INFO - StockHMM_sh.601166状态校准完成: {0: np.float64(0.49333333333333335), 1: np.float64(0.625), 2: np.float64(0.5531914893617021), 3: np.float64(0.16666666666666666), 4: np.float64(0.5434782608695652)}
2026-06-07 09:07:56 - src.models.hmm_engine - INFO - StockHMM_sh.601318状态校准完成: {0: np.float64(0.5227272727272727), 1: np.float64(0.6666666666666666), 2: np.float64(0.38461538461538464), 3: np.float64(0.5277777777777778), 4: np.float64(0.6666666666666666)}
2026-06-07 09:07:57 - src.models.hmm_engine - INFO - StockHMM_sh.601888状态校准完成: {0: np.float64(0.3958333333333333), 1: np.float64(0.3888888888888889), 2: np.float64(0.4583333333333333), 3: np.float64(0.6666666666666666), 4: np.float64(0.4827586206896552)}
2026-06-07 09:07:57 - src.models.hmm_engine - INFO - StockHMM_sz.000333状态校准完成: {0: np.float64(0.5957446808510638), 1: np.float64(0.4909090909090909), 2: np.float64(0.5454545454545454), 3: np.float64(0.46875), 4: np.float64(0.5)}
2026-06-07 09:07:57 - src.models.hmm_engine - INFO - StockHMM_sz.000568状态校准完成: {0: np.float64(0.3548387096774194), 1: np.float64(0.4827586206896552), 2: np.float64(0.5294117647058824), 3: np.float64(0.38823529411764707), 4: np.float64(0.6666666666666666)}
2026-06-07 09:07:57 - src.models.hmm_engine - INFO - StockHMM_sz.000651状态校准完成: {0: np.float64(0.5588235294117647), 1: np.float64(0.5555555555555556), 2: np.float64(0.6521739130434783), 3: np.float64(0.45098039215686275), 4: np.float64(0.44642857142857145)}
2026-06-07 09:07:57 - src.models.hmm_engine - INFO - StockHMM_sz.000858状态校准完成: {0: np.float64(0.4883720930232558), 1: np.float64(0.48936170212765956), 2: np.float64(0.3333333333333333), 3: np.float64(0.42105263157894735), 4: np.float64(0.6666666666666666)}
2026-06-07 09:07:57 - src.models.hmm_engine - INFO - StockHMM_sz.002415状态校准完成: {0: np.float64(0.5641025641025641), 1: np.float64(0.5609756097560976), 2: np.float64(0.425531914893617), 3: np.float64(0.5), 4: np.float64(0.6666666666666666)}
2026-06-07 09:07:57 - src.models.hmm_engine - INFO - StockHMM_sz.002475状态校准完成: {0: np.float64(0.48717948717948717), 1: np.float64(0.559322033898305), 2: np.float64(0.391304347826087), 3: np.float64(0.5555555555555556), 4: np.float64(0.56)}
2026-06-07 09:07:57 - src.models.hmm_engine - INFO - StockHMM_sz.002714状态校准完成: {0: np.float64(0.390625), 1: np.float64(0.4807692307692308), 2: np.float64(0.7333333333333333), 3: np.float64(0.5), 4: np.float64(0.4489795918367347)}
2026-06-07 09:07:57 - src.models.hmm_engine - INFO - StockHMM_sz.300015状态校准完成: {0: np.float64(0.358974358974359), 1: np.float64(0.6666666666666666), 2: np.float64(0.5714285714285714), 3: np.float64(0.2727272727272727), 4: np.float64(0.43037974683544306)}
2026-06-07 09:07:57 - src.models.hmm_engine - INFO - StockHMM_sz.300059状态校准完成: {0: np.float64(0.3870967741935484), 1: np.float64(0.6666666666666666), 2: np.float64(0.5245901639344263), 3: np.float64(0.34210526315789475), 4: np.float64(0.45454545454545453)}
2026-06-07 09:07:57 - src.models.hmm_engine - INFO - StockHMM_sz.300750状态校准完成: {0: np.float64(0.40425531914893614), 1: np.float64(0.56), 2: np.float64(0.6666666666666666), 3: np.float64(0.5084745762711864), 4: np.float64(0.3541666666666667)}
2026-06-07 09:07:58 - src.models.hmm_engine - INFO - StockHMM_sh.600036状态校准完成: {0: np.float64(0.3508771929824561), 1: np.float64(0.36363636363636365), 2: np.float64(0.5633802816901409), 3: np.float64(0.4117647058823529), 4: np.float64(0.6)}
2026-06-07 09:07:58 - src.models.hmm_engine - INFO - StockHMM_sh.600276状态校准完成: {0: np.float64(0.46808510638297873), 1: np.float64(0.5405405405405406), 2: np.float64(0.4666666666666667), 3: np.float64(0.3793103448275862), 4: np.float64(0.6)}
2026-06-07 09:07:58 - src.models.hmm_engine - INFO - StockHMM_sh.600519状态校准完成: {0: np.float64(0.40350877192982454), 1: np.float64(0.4177215189873418), 2: np.float64(0.5), 3: np.float64(0.3333333333333333), 4: np.float64(0.4375)}
2026-06-07 09:07:58 - src.models.hmm_engine - INFO - StockHMM_sh.600809状态校准完成: {0: np.float64(0.4444444444444444), 1: np.float64(0.5), 2: np.float64(0.3076923076923077), 3: np.float64(0.6428571428571429), 4: np.float64(0.43333333333333335)}
2026-06-07 09:07:58 - src.models.hmm_engine - INFO - StockHMM_sh.600887状态校准完成: {0: np.float64(0.5), 1: np.float64(0.3924050632911392), 2: np.float64(0.4307692307692308), 3: np.float64(0.5), 4: np.float64(0.5789473684210527)}
2026-06-07 09:07:58 - src.models.hmm_engine - INFO - StockHMM_sh.600900状态校准完成: {0: np.float64(0.4666666666666667), 1: np.float64(0.5), 2: np.float64(0.5476190476190477), 3: np.float64(0.49122807017543857), 4: np.float64(0.5)}
2026-06-07 09:07:58 - src.models.hmm_engine - INFO - StockHMM_sh.601012状态校准完成: {0: np.float64(0.4576271186440678), 1: np.float64(0.625), 2: np.float64(0.4230769230769231), 3: np.float64(0.46153846153846156), 4: np.float64(0.4117647058823529)}
2026-06-07 09:07:58 - src.models.hmm_engine - INFO - StockHMM_sh.601166状态校准完成: {0: np.float64(0.5076923076923077), 1: np.float64(0.5), 2: np.float64(0.46153846153846156), 3: np.float64(0.75), 4: np.float64(0.5)}
2026-06-07 09:07:58 - src.models.hmm_engine - INFO - StockHMM_sh.601318状态校准完成: {0: np.float64(0.5), 1: np.float64(0.75), 2: np.float64(0.5409836065573771), 3: np.float64(0.5714285714285714), 4: np.float64(0.46511627906976744)}
2026-06-07 09:07:58 - src.models.hmm_engine - INFO - StockHMM_sh.601888状态校准完成: {0: np.float64(0.3728813559322034), 1: np.float64(0.44594594594594594), 2: np.float64(0.6666666666666666), 3: np.float64(0.0), 4: np.float64(0.46511627906976744)}
2026-06-07 09:07:58 - src.models.hmm_engine - INFO - StockHMM_sz.000333状态校准完成: {0: np.float64(0.5), 1: np.float64(0.5), 2: np.float64(0.5921052631578947), 3: np.float64(0.18181818181818182), 4: np.float64(0.4423076923076923)}
2026-06-07 09:07:58 - src.models.hmm_engine - INFO - StockHMM_sz.000568状态校准完成: {0: np.float64(0.4583333333333333), 1: np.float64(0.5555555555555556), 2: np.float64(0.5454545454545454), 3: np.float64(0.39622641509433965), 4: np.float64(0.40625)}
2026-06-07 09:07:58 - src.models.hmm_engine - INFO - StockHMM_sz.000651状态校准完成: {0: np.float64(0.4915254237288136), 1: np.float64(0.6176470588235294), 2: np.float64(0.5806451612903226), 3: np.float64(0.375), 4: np.float64(0.37254901960784315)}
2026-06-07 09:07:59 - src.models.hmm_engine - INFO - StockHMM_sz.000858状态校准完成: {0: np.float64(0.5555555555555556), 1: np.float64(0.40860215053763443), 2: np.float64(0.4222222222222222), 3: np.float64(0.75), 4: np.float64(0.4)}
2026-06-07 09:07:59 - src.models.hmm_engine - INFO - StockHMM_sz.002415状态校准完成: {0: np.float64(0.43243243243243246), 1: np.float64(0.4), 2: np.float64(0.6046511627906976), 3: np.float64(0.5180722891566265), 4: np.float64(0.4666666666666667)}
2026-06-07 09:07:59 - src.models.hmm_engine - INFO - StockHMM_sz.002475状态校准完成: {0: np.float64(0.5), 1: np.float64(0.5714285714285714), 2: np.float64(0.42857142857142855), 3: np.float64(0.5641025641025641), 4: np.float64(0.5)}
2026-06-07 09:07:59 - src.models.hmm_engine - INFO - StockHMM_sz.002714状态校准完成: {0: np.float64(0.3333333333333333), 1: np.float64(0.423728813559322), 2: np.float64(0.6666666666666666), 3: np.float64(0.45614035087719296), 4: np.float64(0.46511627906976744)}
2026-06-07 09:07:59 - src.models.hmm_engine - INFO - StockHMM_sz.300015状态校准完成: {0: np.float64(0.3684210526315789), 1: np.float64(0.6666666666666666), 2: np.float64(0.42857142857142855), 3: np.float64(0.2), 4: np.float64(0.5365853658536586)}
2026-06-07 09:07:59 - src.models.hmm_engine - INFO - StockHMM_sz.300059状态校准完成: {0: np.float64(0.4383561643835616), 1: np.float64(0.8), 2: np.float64(0.41333333333333333), 3: np.float64(0.5454545454545454), 4: np.float64(0.3684210526315789)}
2026-06-07 09:07:59 - src.models.hmm_engine - INFO - StockHMM_sz.300750状态校准完成: {0: np.float64(0.39655172413793105), 1: np.float64(0.5058823529411764), 2: np.float64(0.34375), 3: np.float64(0.5), 4: np.float64(0.75)}
2026-06-07 09:07:59 - src.models.hmm_engine - INFO - StockHMM_sh.600036状态校准完成: {0: np.float64(0.5384615384615384), 1: np.float64(0.7), 2: np.float64(0.5079365079365079), 3: np.float64(0.3793103448275862), 4: np.float64(0.4444444444444444)}
2026-06-07 09:07:59 - src.models.hmm_engine - INFO - StockHMM_sh.600276状态校准完成: {0: np.float64(0.4805194805194805), 1: np.float64(0.49230769230769234), 2: np.float64(0.4375), 3: np.float64(0.6666666666666666), 4: np.float64(0.4)}
2026-06-07 09:08:00 - src.models.hmm_engine - INFO - StockHMM_sh.600519状态校准完成: {0: np.float64(0.42105263157894735), 1: np.float64(0.43243243243243246), 2: np.float64(0.5), 3: np.float64(0.4), 4: np.float64(0.16666666666666666)}
2026-06-07 09:08:00 - src.models.hmm_engine - INFO - StockHMM_sh.600809状态校准完成: {0: np.float64(0.4107142857142857), 1: np.float64(0.5416666666666666), 2: np.float64(0.30612244897959184), 3: np.float64(0.45454545454545453), 4: np.float64(0.5555555555555556)}
2026-06-07 09:08:00 - src.models.hmm_engine - INFO - StockHMM_sh.600887状态校准完成: {0: np.float64(0.4489795918367347), 1: np.float64(0.48), 2: np.float64(0.4444444444444444), 3: np.float64(0.5161290322580645), 4: np.float64(0.36764705882352944)}
2026-06-07 09:08:00 - src.models.hmm_engine - INFO - StockHMM_sh.600900状态校准完成: {0: np.float64(0.34615384615384615), 1: np.float64(0.4838709677419355), 2: np.float64(0.6), 3: np.float64(0.5588235294117647), 4: np.float64(0.5)}
2026-06-07 09:08:00 - src.models.hmm_engine - INFO - StockHMM_sh.601012状态校准完成: {0: np.float64(0.42857142857142855), 1: np.float64(0.4603174603174603), 2: np.float64(0.40350877192982454), 3: np.float64(0.45454545454545453), 4: np.float64(0.6666666666666666)}
2026-06-07 09:08:00 - src.models.hmm_engine - INFO - StockHMM_sh.601166状态校准完成: {0: np.float64(0.45), 1: np.float64(0.32), 2: np.float64(0.48936170212765956), 3: np.float64(0.5454545454545454), 4: np.float64(0.46153846153846156)}
2026-06-07 09:08:00 - src.models.hmm_engine - INFO - StockHMM_sh.601318状态校准完成: {0: np.float64(0.49206349206349204), 1: np.float64(0.5), 2: np.float64(0.3548387096774194), 3: np.float64(0.6666666666666666), 4: np.float64(0.5373134328358209)}
2026-06-07 09:08:00 - src.models.hmm_engine - INFO - StockHMM_sh.601888状态校准完成: {0: np.float64(0.38596491228070173), 1: np.float64(0.0), 2: np.float64(0.4594594594594595), 3: np.float64(0.3953488372093023), 4: np.float64(0.6666666666666666)}
2026-06-07 09:08:00 - src.models.hmm_engine - INFO - StockHMM_sz.000333状态校准完成: {0: np.float64(0.4791666666666667), 1: np.float64(0.5555555555555556), 2: np.float64(0.18181818181818182), 3: np.float64(0.47368421052631576), 4: np.float64(0.5614035087719298)}
2026-06-07 09:08:00 - src.models.hmm_engine - INFO - StockHMM_sz.000568状态校准完成: {0: np.float64(0.46153846153846156), 1: np.float64(0.39215686274509803), 2: np.float64(0.5), 3: np.float64(0.39655172413793105), 4: np.float64(0.375)}
2026-06-07 09:08:00 - src.models.hmm_engine - INFO - StockHMM_sz.000651状态校准完成: {0: np.float64(0.4722222222222222), 1: np.float64(0.47058823529411764), 2: np.float64(0.5454545454545454), 3: np.float64(0.53125), 4: np.float64(0.3142857142857143)}
2026-06-07 09:08:00 - src.models.hmm_engine - INFO - StockHMM_sz.000858状态校准完成: {0: np.float64(0.39436619718309857), 1: np.float64(0.75), 2: np.float64(0.4), 3: np.float64(0.46774193548387094), 4: np.float64(0.4)}
2026-06-07 09:08:00 - src.models.hmm_engine - INFO - StockHMM_sz.002415状态校准完成: {0: np.float64(0.4583333333333333), 1: np.float64(0.5116279069767442), 2: np.float64(0.46153846153846156), 3: np.float64(0.6666666666666666), 4: np.float64(0.49333333333333335)}
2026-06-07 09:08:00 - src.models.hmm_engine - INFO - StockHMM_sz.002475状态校准完成: {0: np.float64(0.5238095238095238), 1: np.float64(0.47619047619047616), 2: np.float64(0.5555555555555556), 3: np.float64(0.5245901639344263), 4: np.float64(0.46153846153846156)}
2026-06-07 09:08:00 - src.models.hmm_engine - INFO - StockHMM_sz.002714状态校准完成: {0: np.float64(0.41379310344827586), 1: np.float64(0.4418604651162791), 2: np.float64(0.46153846153846156), 3: np.float64(0.46808510638297873), 4: np.float64(0.6190476190476191)}
2026-06-07 09:08:00 - src.models.hmm_engine - INFO - StockHMM_sz.300015状态校准完成: {0: np.float64(0.375), 1: np.float64(0.6666666666666666), 2: np.float64(0.4492753623188406), 3: np.float64(0.4111111111111111), 4: np.float64(0.25)}
2026-06-07 09:08:01 - src.models.hmm_engine - INFO - StockHMM_sz.300059状态校准完成: {0: np.float64(0.33962264150943394), 1: np.float64(0.4838709677419355), 2: np.float64(0.4936708860759494), 3: np.float64(0.75), 4: np.float64(0.3333333333333333)}
2026-06-07 09:08:01 - src.models.hmm_engine - INFO - StockHMM_sz.300750状态校准完成: {0: np.float64(0.49333333333333335), 1: np.float64(0.75), 2: np.float64(0.4461538461538462), 3: np.float64(0.35294117647058826), 4: np.float64(0.5)}
2026-06-07 12:31:30 - src.models.hmm_engine - INFO - StockHMM_sh.600000状态校准完成: {0: np.float64(0.4691358024691358), 1: np.float64(0.35), 2: np.float64(0.5353535353535354), 3: np.float64(0.5769230769230769)}
2026-06-07 12:31:30 - src.models.hmm_engine - INFO - StockHMM_sh.600009状态校准完成: {0: np.float64(0.35789473684210527), 1: np.float64(0.6666666666666666), 2: np.float64(1.0), 3: np.float64(0.39344262295081966)}
2026-06-07 12:31:30 - src.models.hmm_engine - INFO - StockHMM_sh.600010状态校准完成: {0: np.float64(0.35185185185185186), 1: np.float64(0.38235294117647056), 2: np.float64(0.32558139534883723), 3: np.float64(0.625)}
2026-06-07 12:31:30 - src.models.hmm_engine - INFO - StockHMM_sh.600011状态校准完成: {0: np.float64(0.5813953488372093), 1: np.float64(0.4819277108433735), 2: np.float64(0.5428571428571428), 3: np.float64(0.3511450381679389)}
2026-06-07 12:31:30 - src.models.hmm_engine - INFO - StockHMM_sh.600015状态校准完成: {0: np.float64(0.5196078431372549), 1: np.float64(0.5359477124183006), 2: np.float64(0.4745762711864407), 3: np.float64(1.0)}
2026-06-07 12:31:30 - src.models.hmm_engine - INFO - StockHMM_sh.600016状态校准完成: {0: np.float64(0.49056603773584906), 1: np.float64(0.7), 2: np.float64(0.4489795918367347), 3: np.float64(0.46987951807228917)}
2026-06-07 12:31:30 - src.models.hmm_engine - INFO - StockHMM_sh.600018状态校准完成: {0: np.float64(0.5130434782608696), 1: np.float64(0.5398230088495575), 2: np.float64(0.5612244897959183), 3: np.float64(1.0)}
2026-06-07 12:31:31 - src.models.hmm_engine - INFO - StockHMM_sh.600019状态校准完成: {0: np.float64(0.48951048951048953), 1: np.float64(0.5), 2: np.float64(0.6666666666666666), 3: np.float64(0.336)}
2026-06-07 12:31:31 - src.models.hmm_engine - INFO - StockHMM_sh.600023状态校准完成: {0: np.float64(0.6226415094339622), 1: np.float64(0.48201438848920863), 2: np.float64(0.509090909090909), 3: np.float64(0.45)}
2026-06-07 12:31:31 - src.models.hmm_engine - INFO - StockHMM_sh.600025状态校准完成: {0: np.float64(0.49019607843137253), 1: np.float64(0.6607142857142857), 2: np.float64(1.0), 3: np.float64(0.4642857142857143)}
2026-06-07 12:31:31 - src.models.hmm_engine - INFO - StockHMM_sh.600026状态校准完成: {0: np.float64(0.36363636363636365), 1: np.float64(0.27), 2: np.float64(0.580952380952381), 3: np.float64(0.5223880597014925)}
2026-06-07 12:31:31 - src.models.hmm_engine - INFO - StockHMM_sh.600027状态校准完成: {0: np.float64(0.6320754716981132), 1: np.float64(0.08333333333333333), 2: np.float64(0.32432432432432434), 3: np.float64(0.5394736842105263)}
2026-06-07 12:31:31 - src.models.hmm_engine - INFO - StockHMM_sh.600028状态校准完成: {0: np.float64(0.4953271028037383), 1: np.float64(0.5409836065573771), 2: np.float64(1.0), 3: np.float64(0.5443037974683544)}
2026-06-07 12:31:31 - src.models.hmm_engine - INFO - StockHMM_sh.600029状态校准完成: {0: np.float64(0.4788732394366197), 1: np.float64(0.3872832369942196), 2: np.float64(0.6097560975609756), 3: np.float64(1.0)}
2026-06-07 12:31:31 - src.models.hmm_engine - INFO - StockHMM_sh.600030状态校准完成: {0: np.float64(0.6276595744680851), 1: np.float64(0.6153846153846154), 2: np.float64(0.5806451612903226), 3: np.float64(0.2822085889570552)}
2026-06-07 12:31:31 - src.models.hmm_engine - INFO - StockHMM_sh.600031状态校准完成: {0: np.float64(0.4274193548387097), 1: np.float64(0.38095238095238093), 2: np.float64(0.36363636363636365), 3: np.float64(0.7407407407407407)}
2026-06-07 12:31:31 - src.models.hmm_engine - INFO - StockHMM_sh.600036状态校准完成: {0: np.float64(0.34375), 1: np.float64(0.8666666666666667), 2: np.float64(0.6224489795918368), 3: np.float64(0.48148148148148145)}
2026-06-07 12:31:31 - src.models.hmm_engine - INFO - StockHMM_sh.600039状态校准完成: {0: np.float64(0.515625), 1: np.float64(0.3877551020408163), 2: np.float64(0.47), 3: np.float64(0.54)}
2026-06-07 12:31:31 - src.models.hmm_engine - INFO - StockHMM_sh.600048状态校准完成: {0: np.float64(0.26973684210526316), 1: np.float64(0.8301886792452831), 2: np.float64(0.29411764705882354), 3: np.float64(0.3522727272727273)}
2026-06-07 12:31:31 - src.models.hmm_engine - INFO - StockHMM_sh.600050状态校准完成: {0: np.float64(0.43820224719101125), 1: np.float64(0.45588235294117646), 2: np.float64(0.6739130434782609), 3: np.float64(0.3951612903225806)}
2026-06-07 12:31:31 - src.models.hmm_engine - INFO - StockHMM_sh.600061状态校准完成: {0: np.float64(0.6923076923076923), 1: np.float64(0.44047619047619047), 2: np.float64(0.3333333333333333), 3: np.float64(0.42857142857142855)}
2026-06-07 12:31:31 - src.models.hmm_engine - INFO - StockHMM_sh.600066状态校准完成: {0: np.float64(0.4864864864864865), 1: np.float64(0.4921875), 2: np.float64(0.3076923076923077), 3: np.float64(1.0)}
2026-06-07 12:31:32 - src.models.hmm_engine - INFO - StockHMM_sh.600085状态校准完成: {0: np.float64(0.6222222222222222), 1: np.float64(0.4329896907216495), 2: np.float64(0.31746031746031744), 3: np.float64(0.4016393442622951)}
2026-06-07 12:31:32 - src.models.hmm_engine - INFO - StockHMM_sh.600089状态校准完成: {0: np.float64(0.627906976744186), 1: np.float64(0.4065934065934066), 2: np.float64(0.4639175257731959), 3: np.float64(0.4270833333333333)}
2026-06-07 12:31:32 - src.models.hmm_engine - INFO - StockHMM_sh.600104状态校准完成: {0: np.float64(0.4084507042253521), 1: np.float64(0.8), 2: np.float64(0.5), 3: np.float64(0.5)}
2026-06-07 12:31:32 - src.models.hmm_engine - INFO - StockHMM_sh.600111状态校准完成: {0: np.float64(0.3490566037735849), 1: np.float64(0.36363636363636365), 2: np.float64(0.5333333333333333), 3: np.float64(0.5869565217391305)}
2026-06-07 12:31:32 - src.models.hmm_engine - INFO - StockHMM_sh.600115状态校准完成: {0: np.float64(0.6428571428571429), 1: np.float64(0.3945578231292517), 2: np.float64(1.0), 3: np.float64(0.4105263157894737)}
2026-06-07 12:31:32 - src.models.hmm_engine - INFO - StockHMM_sh.600150状态校准完成: {0: np.float64(0.6842105263157895), 1: np.float64(0.4803921568627451), 2: np.float64(0.5), 3: np.float64(0.45)}
2026-06-07 12:31:32 - src.models.hmm_engine - INFO - StockHMM_sh.600160状态校准完成: {0: np.float64(0.09523809523809523), 1: np.float64(0.4338235294117647), 2: np.float64(0.42424242424242425), 3: np.float64(0.9473684210526315)}
2026-06-07 12:31:32 - src.models.hmm_engine - INFO - StockHMM_sh.600161状态校准完成: {0: np.float64(0.5093167701863354), 1: np.float64(0.14814814814814814), 2: np.float64(0.41284403669724773), 3: np.float64(0.9333333333333333)}
2026-06-07 12:31:32 - src.models.hmm_engine - INFO - StockHMM_sh.600176状态校准完成: {0: np.float64(0.36363636363636365), 1: np.float64(0.33613445378151263), 2: np.float64(0.3761467889908257), 3: np.float64(0.6515151515151515)}
2026-06-07 12:31:32 - src.models.hmm_engine - INFO - StockHMM_sh.600183状态校准完成: {0: np.float64(0.7142857142857143), 1: np.float64(0.4946236559139785), 2: np.float64(0.5185185185185185), 3: np.float64(0.4144144144144144)}
2026-06-07 12:31:32 - src.models.hmm_engine - INFO - StockHMM_sh.600188状态校准完成: {0: np.float64(0.1), 1: np.float64(0.41025641025641024), 2: np.float64(0.9354838709677419), 3: np.float64(0.5063291139240507)}
2026-06-07 12:31:32 - src.models.hmm_engine - INFO - StockHMM_sh.600196状态校准完成: {0: np.float64(0.4588235294117647), 1: np.float64(0.42962962962962964), 2: np.float64(0.42), 3: np.float64(0.8571428571428571)}
2026-06-07 12:31:32 - src.models.hmm_engine - INFO - StockHMM_sh.600219状态校准完成: {0: np.float64(0.6213592233009708), 1: np.float64(0.4755244755244755), 2: np.float64(0.4838709677419355), 3: np.float64(0.6842105263157895)}
2026-06-07 12:31:32 - src.models.hmm_engine - INFO - StockHMM_sh.600233状态校准完成: {0: np.float64(0.5352112676056338), 1: np.float64(0.4270833333333333), 2: np.float64(0.42138364779874216), 3: np.float64(1.0)}
2026-06-07 12:31:32 - src.models.hmm_engine - INFO - StockHMM_sh.600276状态校准完成: {0: np.float64(0.3867924528301887), 1: np.float64(0.46153846153846156), 2: np.float64(0.7021276595744681), 3: np.float64(0.4344262295081967)}
2026-06-07 12:31:33 - src.models.hmm_engine - INFO - StockHMM_sh.600309状态校准完成: {0: np.float64(1.0), 1: np.float64(0.2926829268292683), 2: np.float64(0.3643410852713178), 3: np.float64(0.453781512605042)}
2026-06-07 12:31:33 - src.models.hmm_engine - INFO - StockHMM_sh.600346状态校准完成: {0: np.float64(0.423728813559322), 1: np.float64(0.36764705882352944), 2: np.float64(0.723404255319149), 3: np.float64(0.4588235294117647)}
2026-06-07 12:31:33 - src.models.hmm_engine - INFO - StockHMM_sh.600362状态校准完成: {0: np.float64(0.46774193548387094), 1: np.float64(0.4444444444444444), 2: np.float64(0.37383177570093457), 3: np.float64(1.0)}
2026-06-07 12:31:33 - src.models.hmm_engine - INFO - StockHMM_sh.600372状态校准完成: {0: np.float64(0.39473684210526316), 1: np.float64(0.4375), 2: np.float64(0.6764705882352942), 3: np.float64(0.4)}
2026-06-07 12:31:33 - src.models.hmm_engine - INFO - StockHMM_sh.600377状态校准完成: {0: np.float64(0.5483870967741935), 1: np.float64(0.5631067961165048), 2: np.float64(1.0), 3: np.float64(0.5353535353535354)}
2026-06-07 12:31:33 - src.models.hmm_engine - INFO - StockHMM_sh.600406状态校准完成: {0: np.float64(0.39263803680981596), 1: np.float64(0.46564885496183206), 2: np.float64(1.0), 3: np.float64(1.0)}
2026-06-07 12:31:33 - src.models.hmm_engine - INFO - StockHMM_sh.600415状态校准完成: {0: np.float64(0.37037037037037035), 1: np.float64(0.5454545454545454), 2: np.float64(0.2553191489361702), 3: np.float64(0.9166666666666666)}
2026-06-07 12:31:33 - src.models.hmm_engine - INFO - StockHMM_sh.600426状态校准完成: {0: np.float64(0.3739130434782609), 1: np.float64(0.6428571428571429), 2: np.float64(0.3888888888888889), 3: np.float64(0.4125)}
2026-06-07 12:31:33 - src.models.hmm_engine - INFO - StockHMM_sh.600436状态校准完成: {0: np.float64(0.6470588235294118), 1: np.float64(0.33962264150943394), 2: np.float64(0.52), 3: np.float64(0.36)}
2026-06-07 12:31:33 - src.models.hmm_engine - INFO - StockHMM_sh.600438状态校准完成: {0: np.float64(0.6), 1: np.float64(0.39090909090909093), 2: np.float64(0.336734693877551), 3: np.float64(0.6216216216216216)}
2026-06-07 12:31:33 - src.models.hmm_engine - INFO - StockHMM_sh.600460状态校准完成: {0: np.float64(0.43478260869565216), 1: np.float64(0.4657534246575342), 2: np.float64(0.3875), 3: np.float64(1.0)}
2026-06-07 12:31:33 - src.models.hmm_engine - INFO - StockHMM_sh.600482状态校准完成: {0: np.float64(0.48360655737704916), 1: np.float64(0.6172839506172839), 2: np.float64(0.4424778761061947), 3: np.float64(1.0)}
2026-06-07 12:31:33 - src.models.hmm_engine - INFO - StockHMM_sh.600489状态校准完成: {0: np.float64(0.6538461538461539), 1: np.float64(0.4675324675324675), 2: np.float64(0.45384615384615384), 3: np.float64(0.45588235294117646)}
2026-06-07 12:31:33 - src.models.hmm_engine - INFO - StockHMM_sh.600515状态校准完成: {0: np.float64(0.43636363636363634), 1: np.float64(0.631578947368421), 2: np.float64(0.4357142857142857), 3: np.float64(0.35106382978723405)}
2026-06-07 12:31:33 - src.models.hmm_engine - INFO - StockHMM_sh.600519状态校准完成: {0: np.float64(0.3717948717948718), 1: np.float64(0.41935483870967744), 2: np.float64(0.675), 3: np.float64(0.38095238095238093)}
2026-06-07 12:31:33 - src.models.hmm_engine - INFO - StockHMM_sh.600522状态校准完成: {0: np.float64(0.3490566037735849), 1: np.float64(0.75), 2: np.float64(0.3465346534653465), 3: np.float64(0.4861111111111111)}
2026-06-07 12:31:34 - src.models.hmm_engine - INFO - StockHMM_sh.600547状态校准完成: {0: np.float64(0.4742268041237113), 1: np.float64(0.4222222222222222), 2: np.float64(0.7666666666666667), 3: np.float64(0.4)}
2026-06-07 12:31:34 - src.models.hmm_engine - INFO - StockHMM_sh.600570状态校准完成: {0: np.float64(0.35106382978723405), 1: np.float64(0.3875), 2: np.float64(0.5454545454545454), 3: np.float64(0.45918367346938777)}
2026-06-07 12:31:34 - src.models.hmm_engine - INFO - StockHMM_sh.600584状态校准完成: {0: np.float64(0.35353535353535354), 1: np.float64(0.6136363636363636), 2: np.float64(0.40540540540540543), 3: np.float64(0.5)}
2026-06-07 12:31:34 - src.models.hmm_engine - INFO - StockHMM_sh.600585状态校准完成: {0: np.float64(0.7073170731707317), 1: np.float64(0.43037974683544306), 2: np.float64(0.3937007874015748), 3: np.float64(1.0)}
2026-06-07 12:31:34 - src.models.hmm_engine - INFO - StockHMM_sh.600588状态校准完成: {0: np.float64(0.46875), 1: np.float64(0.5818181818181818), 2: np.float64(0.391304347826087), 3: np.float64(0.44086021505376344)}
2026-06-07 12:31:34 - src.models.hmm_engine - INFO - StockHMM_sh.600600状态校准完成: {0: np.float64(0.6923076923076923), 1: np.float64(0.3548387096774194), 2: np.float64(0.3560606060606061), 3: np.float64(0.8333333333333334)}
2026-06-07 12:31:34 - src.models.hmm_engine - INFO - StockHMM_sh.600660状态校准完成: {0: np.float64(0.5596330275229358), 1: np.float64(0.4878048780487805), 2: np.float64(0.5957446808510638), 3: np.float64(1.0)}
2026-06-07 12:31:34 - src.models.hmm_engine - INFO - StockHMM_sh.600674状态校准完成: {0: np.float64(0.5132743362831859), 1: np.float64(0.4117647058823529), 2: np.float64(0.42857142857142855), 3: np.float64(0.5333333333333333)}
2026-06-07 12:31:34 - src.models.hmm_engine - INFO - StockHMM_sh.600690状态校准完成: {0: np.float64(0.367816091954023), 1: np.float64(0.5463917525773195), 2: np.float64(0.4188034188034188), 3: np.float64(0.7692307692307693)}
2026-06-07 12:31:34 - src.models.hmm_engine - INFO - StockHMM_sh.600741状态校准完成: {0: np.float64(0.3979591836734694), 1: np.float64(0.43609022556390975), 2: np.float64(0.4098360655737705), 3: np.float64(0.7142857142857143)}
2026-06-07 12:31:34 - src.models.hmm_engine - INFO - StockHMM_sh.600760状态校准完成: {0: np.float64(0.40948275862068967), 1: np.float64(0.25), 2: np.float64(0.7659574468085106), 3: np.float64(0.35)}
2026-06-07 12:31:34 - src.models.hmm_engine - INFO - StockHMM_sh.600795状态校准完成: {0: np.float64(0.4489795918367347), 1: np.float64(0.6), 2: np.float64(0.5555555555555556), 3: np.float64(0.5340909090909091)}
2026-06-07 12:31:34 - src.models.hmm_engine - INFO - StockHMM_sh.600803状态校准完成: {0: np.float64(0.5483870967741935), 1: np.float64(0.5045871559633027), 2: np.float64(0.5130434782608696), 3: np.float64(0.4444444444444444)}
2026-06-07 12:31:34 - src.models.hmm_engine - INFO - StockHMM_sh.600809状态校准完成: {0: np.float64(0.746031746031746), 1: np.float64(0.30434782608695654), 2: np.float64(0.35714285714285715), 3: np.float64(0.41304347826086957)}
2026-06-07 12:31:35 - src.models.hmm_engine - INFO - StockHMM_sh.600845状态校准完成: {0: np.float64(0.4861111111111111), 1: np.float64(0.47), 2: np.float64(0.3875968992248062), 3: np.float64(0.46153846153846156)}
2026-06-07 12:31:35 - src.models.hmm_engine - INFO - StockHMM_sh.600875状态校准完成: {0: np.float64(0.43661971830985913), 1: np.float64(0.46551724137931033), 2: np.float64(0.6724137931034483), 3: np.float64(0.35365853658536583)}
2026-06-07 12:31:35 - src.models.hmm_engine - INFO - StockHMM_sh.600886状态校准完成: {0: np.float64(0.42142857142857143), 1: np.float64(0.5448275862068965), 2: np.float64(1.0), 3: np.float64(0.9512195121951219)}
2026-06-07 12:31:35 - src.models.hmm_engine - INFO - StockHMM_sh.600887状态校准完成: {0: np.float64(0.4025974025974026), 1: np.float64(0.504424778761062), 2: np.float64(0.5), 3: np.float64(0.5689655172413793)}
2026-06-07 12:31:35 - src.models.hmm_engine - INFO - StockHMM_sh.600893状态校准完成: {0: np.float64(0.33070866141732286), 1: np.float64(0.41935483870967744), 2: np.float64(0.5185185185185185), 3: np.float64(0.5909090909090909)}
2026-06-07 12:31:35 - src.models.hmm_engine - INFO - StockHMM_sh.600900状态校准完成: {0: np.float64(0.5609756097560976), 1: np.float64(0.5524475524475524), 2: np.float64(0.5247524752475248), 3: np.float64(1.0)}
2026-06-07 12:31:35 - src.models.hmm_engine - INFO - StockHMM_sh.600905状态校准完成: {0: np.float64(0.4024390243902439), 1: np.float64(0.4105263157894737), 2: np.float64(1.0), 3: np.float64(0.6851851851851852)}
2026-06-07 12:31:35 - src.models.hmm_engine - INFO - StockHMM_sh.600918状态校准完成: {0: np.float64(0.42276422764227645), 1: np.float64(0.5454545454545454), 2: np.float64(0.4583333333333333), 3: np.float64(0.36363636363636365)}
2026-06-07 12:31:35 - src.models.hmm_engine - INFO - StockHMM_sh.600919状态校准完成: {0: np.float64(0.6153846153846154), 1: np.float64(0.49612403100775193), 2: np.float64(0.7222222222222222), 3: np.float64(0.4909090909090909)}
2026-06-07 12:31:35 - src.models.hmm_engine - INFO - StockHMM_sh.600926状态校准完成: {0: np.float64(0.4715447154471545), 1: np.float64(0.4666666666666667), 2: np.float64(0.7735849056603774), 3: np.float64(1.0)}
2026-06-07 12:31:35 - src.models.hmm_engine - INFO - StockHMM_sh.600938状态校准完成: {0: np.float64(0.5254237288135594), 1: np.float64(0.56), 2: np.float64(0.6060606060606061), 3: np.float64(0.5111111111111111)}
2026-06-07 12:31:35 - src.models.hmm_engine - INFO - StockHMM_sh.600941状态校准完成: {0: np.float64(0.06896551724137931), 1: np.float64(0.5405405405405406), 2: np.float64(0.6491228070175439), 3: np.float64(0.5384615384615384)}
2026-06-07 12:31:35 - src.models.hmm_engine - INFO - StockHMM_sh.600958状态校准完成: {0: np.float64(0.3581081081081081), 1: np.float64(0.28), 2: np.float64(0.6046511627906976), 3: np.float64(0.5348837209302325)}
2026-06-07 12:31:35 - src.models.hmm_engine - INFO - StockHMM_sh.600989状态校准完成: {0: np.float64(0.5466666666666666), 1: np.float64(0.4387755102040816), 2: np.float64(0.8837209302325582), 3: np.float64(0.1111111111111111)}
2026-06-07 12:31:36 - src.models.hmm_engine - INFO - StockHMM_sh.600999状态校准完成: {0: np.float64(0.5227272727272727), 1: np.float64(0.5121951219512195), 2: np.float64(0.41714285714285715), 3: np.float64(0.5652173913043478)}
2026-06-07 12:31:36 - src.models.hmm_engine - INFO - StockHMM_sh.601006状态校准完成: {0: np.float64(0.4945652173913043), 1: np.float64(0.6857142857142857), 2: np.float64(0.5098039215686274), 3: np.float64(0.3333333333333333)}
2026-06-07 12:31:36 - src.models.hmm_engine - INFO - StockHMM_sh.601009状态校准完成: {0: np.float64(0.43157894736842106), 1: np.float64(0.5785714285714286), 2: np.float64(0.6506024096385542), 3: np.float64(0.6666666666666666)}
2026-06-07 12:31:36 - src.models.hmm_engine - INFO - StockHMM_sh.601012状态校准完成: {0: np.float64(0.36470588235294116), 1: np.float64(0.40268456375838924), 2: np.float64(0.6140350877192983), 3: np.float64(0.4444444444444444)}
2026-06-07 12:31:36 - src.models.hmm_engine - INFO - StockHMM_sh.601018状态校准完成: {0: np.float64(0.44660194174757284), 1: np.float64(1.0), 2: np.float64(0.5238095238095238), 3: np.float64(0.5)}
2026-06-07 12:31:36 - src.models.hmm_engine - INFO - StockHMM_sh.601021状态校准完成: {0: np.float64(0.46923076923076923), 1: np.float64(0.34234234234234234), 2: np.float64(0.6), 3: np.float64(1.0)}
2026-06-07 12:31:36 - src.models.hmm_engine - INFO - StockHMM_sh.601058状态校准完成: {0: np.float64(0.7746478873239436), 1: np.float64(0.4748201438848921), 2: np.float64(0.40425531914893614), 3: np.float64(0.08695652173913043)}
2026-06-07 12:31:36 - src.models.hmm_engine - INFO - StockHMM_sh.601059状态校准完成: {0: np.float64(0.37815126050420167), 1: np.float64(0.45614035087719296), 2: np.float64(0.6619718309859155), 3: np.float64(0.3625)}
2026-06-07 12:31:36 - src.models.hmm_engine - INFO - StockHMM_sh.601066状态校准完成: {0: np.float64(0.35877862595419846), 1: np.float64(0.6521739130434783), 2: np.float64(0.3020833333333333), 3: np.float64(0.6481481481481481)}
2026-06-07 12:31:36 - src.models.hmm_engine - INFO - StockHMM_sh.601077状态校准完成: {0: np.float64(0.5454545454545454), 1: np.float64(0.5116279069767442), 2: np.float64(0.5858585858585859), 3: np.float64(0.4868421052631579)}
2026-06-07 12:31:36 - src.models.hmm_engine - INFO - StockHMM_sh.601088状态校准完成: {0: np.float64(0.398876404494382), 1: np.float64(0.5471698113207547), 2: np.float64(1.0), 3: np.float64(1.0)}
2026-06-07 12:31:36 - src.models.hmm_engine - INFO - StockHMM_sh.601100状态校准完成: {0: np.float64(0.5869565217391305), 1: np.float64(0.3923076923076923), 2: np.float64(0.4166666666666667), 3: np.float64(0.4)}
2026-06-07 12:31:36 - src.models.hmm_engine - INFO - StockHMM_sh.601111状态校准完成: {0: np.float64(0.6238532110091743), 1: np.float64(0.41935483870967744), 2: np.float64(1.0), 3: np.float64(0.33064516129032256)}
2026-06-07 12:31:36 - src.models.hmm_engine - INFO - StockHMM_sh.601117状态校准完成: {0: np.float64(0.6440677966101694), 1: np.float64(0.543859649122807), 2: np.float64(0.43859649122807015), 3: np.float64(0.3402061855670103)}
2026-06-07 12:31:36 - src.models.hmm_engine - INFO - StockHMM_sh.601127状态校准完成: {0: np.float64(0.5172413793103449), 1: np.float64(0.4049586776859504), 2: np.float64(0.5833333333333334), 3: np.float64(0.5476190476190477)}
2026-06-07 12:31:37 - src.models.hmm_engine - INFO - StockHMM_sh.601136状态校准完成: {0: np.float64(0.38271604938271603), 1: np.float64(0.25), 2: np.float64(0.675), 3: np.float64(0.3867924528301887)}
2026-06-07 12:31:37 - src.models.hmm_engine - INFO - StockHMM_sh.601138状态校准完成: {0: np.float64(0.6764705882352942), 1: np.float64(0.3), 2: np.float64(0.7894736842105263), 3: np.float64(0.39669421487603307)}
2026-06-07 12:31:37 - src.models.hmm_engine - INFO - StockHMM_sh.601166状态校准完成: {0: np.float64(0.4906832298136646), 1: np.float64(0.5714285714285714), 2: np.float64(0.45454545454545453), 3: np.float64(0.5862068965517241)}
2026-06-07 12:31:37 - src.models.hmm_engine - INFO - StockHMM_sh.601169状态校准完成: {0: np.float64(0.5755395683453237), 1: np.float64(0.5208333333333334), 2: np.float64(0.4268292682926829), 3: np.float64(1.0)}
2026-06-07 12:31:37 - src.models.hmm_engine - INFO - StockHMM_sh.601186状态校准完成: {0: np.float64(0.391304347826087), 1: np.float64(0.4117647058823529), 2: np.float64(0.6382978723404256), 3: np.float64(0.37037037037037035)}
2026-06-07 12:31:37 - src.models.hmm_engine - INFO - StockHMM_sh.601211状态校准完成: {0: np.float64(0.43636363636363634), 1: np.float64(0.4314516129032258), 2: np.float64(1.0), 3: np.float64(1.0)}
2026-06-07 12:31:37 - src.models.hmm_engine - INFO - StockHMM_sh.601225状态校准完成: {0: np.float64(0.569620253164557), 1: np.float64(0.5747126436781609), 2: np.float64(0.5), 3: np.float64(1.0)}
2026-06-07 12:31:37 - src.models.hmm_engine - INFO - StockHMM_sh.601229状态校准完成: {0: np.float64(0.55), 1: np.float64(0.4642857142857143), 2: np.float64(0.7), 3: np.float64(0.5555555555555556)}
2026-06-07 12:31:37 - src.models.hmm_engine - INFO - StockHMM_sh.601236状态校准完成: {0: np.float64(0.4), 1: np.float64(0.6415094339622641), 2: np.float64(0.4318181818181818), 3: np.float64(0.3894736842105263)}
2026-06-07 12:31:37 - src.models.hmm_engine - INFO - StockHMM_sh.601238状态校准完成: {0: np.float64(0.37962962962962965), 1: np.float64(0.44761904761904764), 2: np.float64(0.39473684210526316), 3: np.float64(0.5789473684210527)}
2026-06-07 12:31:37 - src.models.hmm_engine - INFO - StockHMM_sh.601288状态校准完成: {0: np.float64(0.5263157894736842), 1: np.float64(0.5728155339805825), 2: np.float64(0.5), 3: np.float64(0.6111111111111112)}
2026-06-07 12:31:37 - src.models.hmm_engine - INFO - StockHMM_sh.601298状态校准完成: {0: np.float64(0.5714285714285714), 1: np.float64(0.5172413793103449), 2: np.float64(0.65), 3: np.float64(0.5378787878787878)}
2026-06-07 12:31:37 - src.models.hmm_engine - INFO - StockHMM_sh.601318状态校准完成: {0: np.float64(0.5833333333333334), 1: np.float64(0.38285714285714284), 2: np.float64(0.6477272727272727), 3: np.float64(0.475)}
2026-06-07 12:31:37 - src.models.hmm_engine - INFO - StockHMM_sh.601319状态校准完成: {0: np.float64(0.5), 1: np.float64(0.44274809160305345), 2: np.float64(0.6875), 3: np.float64(0.553030303030303)}
2026-06-07 12:31:37 - src.models.hmm_engine - INFO - StockHMM_sh.601328状态校准完成: {0: np.float64(0.632183908045977), 1: np.float64(0.5283018867924528), 2: np.float64(0.4166666666666667), 3: np.float64(0.5612244897959183)}
2026-06-07 12:31:38 - src.models.hmm_engine - INFO - StockHMM_sh.601336状态校准完成: {0: np.float64(0.43636363636363634), 1: np.float64(0.381294964028777), 2: np.float64(0.4672897196261682), 3: np.float64(0.7307692307692307)}
2026-06-07 12:31:38 - src.models.hmm_engine - INFO - StockHMM_sh.601360状态校准完成: {0: np.float64(0.6527777777777778), 1: np.float64(0.5333333333333333), 2: np.float64(0.34814814814814815), 3: np.float64(0.41333333333333333)}
2026-06-07 12:31:38 - src.models.hmm_engine - INFO - StockHMM_sh.601377状态校准完成: {0: np.float64(0.42857142857142855), 1: np.float64(0.3815028901734104), 2: np.float64(0.42045454545454547), 3: np.float64(0.7096774193548387)}
2026-06-07 12:31:38 - src.models.hmm_engine - INFO - StockHMM_sh.601390状态校准完成: {0: np.float64(0.40789473684210525), 1: np.float64(0.4367816091954023), 2: np.float64(0.5666666666666667), 3: np.float64(0.46153846153846156)}
2026-06-07 12:31:38 - src.models.hmm_engine - INFO - StockHMM_sh.601398状态校准完成: {0: np.float64(0.5714285714285714), 1: np.float64(0.5492957746478874), 2: np.float64(0.7058823529411765), 3: np.float64(0.55)}
2026-06-07 12:31:38 - src.models.hmm_engine - INFO - StockHMM_sh.601456状态校准完成: {0: np.float64(0.7692307692307693), 1: np.float64(0.367816091954023), 2: np.float64(0.5932203389830508), 3: np.float64(0.33613445378151263)}
2026-06-07 12:31:38 - src.models.hmm_engine - INFO - StockHMM_sh.601600状态校准完成: {0: np.float64(0.5555555555555556), 1: np.float64(0.46296296296296297), 2: np.float64(0.5346534653465347), 3: np.float64(0.390625)}
2026-06-07 12:31:38 - src.models.hmm_engine - INFO - StockHMM_sh.601601状态校准完成: {0: np.float64(0.40350877192982454), 1: np.float64(0.512), 2: np.float64(0.44545454545454544), 3: np.float64(0.8)}
2026-06-07 12:31:38 - src.models.hmm_engine - INFO - StockHMM_sh.601607状态校准完成: {0: np.float64(0.6451612903225806), 1: np.float64(0.5), 2: np.float64(0.5732484076433121), 3: np.float64(0.40963855421686746)}
2026-06-07 12:31:38 - src.models.hmm_engine - INFO - StockHMM_sh.601618状态校准完成: {0: np.float64(0.4195804195804196), 1: np.float64(0.4430379746835443), 2: np.float64(1.0), 3: np.float64(0.5353535353535354)}
2026-06-07 12:31:38 - src.models.hmm_engine - INFO - StockHMM_sh.601628状态校准完成: {0: np.float64(0.5645161290322581), 1: np.float64(0.5344827586206896), 2: np.float64(0.6), 3: np.float64(0.4014084507042254)}
2026-06-07 12:31:38 - src.models.hmm_engine - INFO - StockHMM_sh.601633状态校准完成: {0: np.float64(0.3855421686746988), 1: np.float64(0.4722222222222222), 2: np.float64(0.3557692307692308), 3: np.float64(0.75)}
2026-06-07 12:31:38 - src.models.hmm_engine - INFO - StockHMM_sh.601658状态校准完成: {0: np.float64(0.5168539325842697), 1: np.float64(0.5394736842105263), 2: np.float64(0.6666666666666666), 3: np.float64(0.4098360655737705)}
2026-06-07 12:31:38 - src.models.hmm_engine - INFO - StockHMM_sh.601668状态校准完成: {0: np.float64(0.4225352112676056), 1: np.float64(0.4523809523809524), 2: np.float64(0.6428571428571429), 3: np.float64(0.44554455445544555)}
2026-06-07 12:31:39 - src.models.hmm_engine - INFO - StockHMM_sh.601669状态校准完成: {0: np.float64(0.2711864406779661), 1: np.float64(0.43103448275862066), 2: np.float64(0.6379310344827587), 3: np.float64(0.44680851063829785)}
2026-06-07 12:31:39 - src.models.hmm_engine - INFO - StockHMM_sh.601688状态校准完成: {0: np.float64(0.5901639344262295), 1: np.float64(0.3860759493670886), 2: np.float64(0.5882352941176471), 3: np.float64(0.5540540540540541)}
2026-06-07 12:31:39 - src.models.hmm_engine - INFO - StockHMM_sh.601689状态校准完成: {0: np.float64(0.43661971830985913), 1: np.float64(0.5538461538461539), 2: np.float64(0.6265060240963856), 3: np.float64(0.3425925925925926)}
2026-06-07 12:31:39 - src.models.hmm_engine - INFO - StockHMM_sh.601698状态校准完成: {0: np.float64(0.6981132075471698), 1: np.float64(0.42962962962962964), 2: np.float64(0.3076923076923077), 3: np.float64(0.42)}
2026-06-07 12:31:39 - src.models.hmm_engine - INFO - StockHMM_sh.601728状态校准完成: {0: np.float64(0.6176470588235294), 1: np.float64(0.5555555555555556), 2: np.float64(0.484375), 3: np.float64(0.5314285714285715)}
2026-06-07 12:31:39 - src.models.hmm_engine - INFO - StockHMM_sh.601766状态校准完成: {0: np.float64(0.696078431372549), 1: np.float64(0.43478260869565216), 2: np.float64(0.7857142857142857), 3: np.float64(0.07352941176470588)}
2026-06-07 12:31:39 - src.models.hmm_engine - INFO - StockHMM_sh.601788状态校准完成: {0: np.float64(0.33884297520661155), 1: np.float64(0.3709677419354839), 2: np.float64(0.7222222222222222), 3: np.float64(0.45652173913043476)}
2026-06-07 12:31:39 - src.models.hmm_engine - INFO - StockHMM_sh.601800状态校准完成: {0: np.float64(0.4), 1: np.float64(0.32926829268292684), 2: np.float64(0.4791666666666667), 3: np.float64(0.6071428571428571)}
2026-06-07 12:31:39 - src.models.hmm_engine - INFO - StockHMM_sh.601808状态校准完成: {0: np.float64(0.7), 1: np.float64(0.4336283185840708), 2: np.float64(0.43859649122807015), 3: np.float64(0.4881889763779528)}
2026-06-07 12:31:39 - src.models.hmm_engine - INFO - StockHMM_sh.601816状态校准完成: {0: np.float64(0.4772727272727273), 1: np.float64(0.6122448979591837), 2: np.float64(1.0), 3: np.float64(0.42857142857142855)}
2026-06-07 12:31:39 - src.models.hmm_engine - INFO - StockHMM_sh.601818状态校准完成: {0: np.float64(0.4807692307692308), 1: np.float64(0.39622641509433965), 2: np.float64(0.6666666666666666), 3: np.float64(0.5796178343949044)}
2026-06-07 12:31:39 - src.models.hmm_engine - INFO - StockHMM_sh.601825状态校准完成: {0: np.float64(0.5961538461538461), 1: np.float64(0.5), 2: np.float64(0.5151515151515151), 3: np.float64(0.5849056603773585)}
2026-06-07 12:31:39 - src.models.hmm_engine - INFO - StockHMM_sh.601838状态校准完成: {0: np.float64(0.47560975609756095), 1: np.float64(0.4765625), 2: np.float64(0.4027777777777778), 3: np.float64(0.6888888888888889)}
2026-06-07 12:31:39 - src.models.hmm_engine - INFO - StockHMM_sh.601857状态校准完成: {0: np.float64(0.5263157894736842), 1: np.float64(0.48623853211009177), 2: np.float64(0.5841584158415841), 3: np.float64(0.45569620253164556)}
2026-06-07 12:31:39 - src.models.hmm_engine - INFO - StockHMM_sh.601868状态校准完成: {0: np.float64(0.4461538461538462), 1: np.float64(0.6571428571428571), 2: np.float64(0.75), 3: np.float64(0.25)}
2026-06-07 12:31:40 - src.models.hmm_engine - INFO - StockHMM_sh.601872状态校准完成: {0: np.float64(0.11904761904761904), 1: np.float64(0.9347826086956522), 2: np.float64(0.48936170212765956), 3: np.float64(0.4689655172413793)}
2026-06-07 12:31:40 - src.models.hmm_engine - INFO - StockHMM_sh.601877状态校准完成: {0: np.float64(0.6212121212121212), 1: np.float64(0.36538461538461536), 2: np.float64(1.0), 3: np.float64(0.43)}
2026-06-07 12:31:40 - src.models.hmm_engine - INFO - StockHMM_sh.601878状态校准完成: {0: np.float64(0.28888888888888886), 1: np.float64(0.7962962962962963), 2: np.float64(0.41509433962264153), 3: np.float64(0.4153846153846154)}
2026-06-07 12:31:40 - src.models.hmm_engine - INFO - StockHMM_sh.601881状态校准完成: {0: np.float64(0.3564356435643564), 1: np.float64(0.2807017543859649), 2: np.float64(0.55), 3: np.float64(0.75)}
2026-06-07 12:31:40 - src.models.hmm_engine - INFO - StockHMM_sh.601888状态校准完成: {0: np.float64(0.3007518796992481), 1: np.float64(0.3492063492063492), 2: np.float64(0.30985915492957744), 3: np.float64(0.7833333333333333)}
2026-06-07 12:31:40 - src.models.hmm_engine - INFO - StockHMM_sh.601898状态校准完成: {0: np.float64(0.18), 1: np.float64(0.46938775510204084), 2: np.float64(0.5203252032520326), 3: np.float64(0.875)}
2026-06-07 12:31:40 - src.models.hmm_engine - INFO - StockHMM_sh.601899状态校准完成: {0: np.float64(0.45161290322580644), 1: np.float64(0.4603174603174603), 2: np.float64(0.5048543689320388), 3: np.float64(0.7837837837837838)}
2026-06-07 12:31:40 - src.models.hmm_engine - INFO - StockHMM_sh.601901状态校准完成: {0: np.float64(0.65625), 1: np.float64(0.47560975609756095), 2: np.float64(0.42857142857142855), 3: np.float64(0.4166666666666667)}
2026-06-07 12:31:40 - src.models.hmm_engine - INFO - StockHMM_sh.601916状态校准完成: {0: np.float64(0.6179775280898876), 1: np.float64(0.4657534246575342), 2: np.float64(0.38823529411764707), 3: np.float64(1.0)}
2026-06-07 12:31:40 - src.models.hmm_engine - INFO - StockHMM_sh.601919状态校准完成: {0: np.float64(0.44565217391304346), 1: np.float64(0.5443037974683544), 2: np.float64(0.6533333333333333), 3: np.float64(0.0)}
2026-06-07 12:31:40 - src.models.hmm_engine - INFO - StockHMM_sh.601939状态校准完成: {0: np.float64(0.5), 1: np.float64(0.5555555555555556), 2: np.float64(0.5691489361702128), 3: np.float64(1.0)}
2026-06-07 12:31:40 - src.models.hmm_engine - INFO - StockHMM_sh.601985状态校准完成: {0: np.float64(0.17777777777777778), 1: np.float64(0.9772727272727273), 2: np.float64(0.55), 3: np.float64(0.5434782608695652)}
2026-06-07 12:31:40 - src.models.hmm_engine - INFO - StockHMM_sh.601988状态校准完成: {0: np.float64(0.5689655172413793), 1: np.float64(0.5656565656565656), 2: np.float64(1.0), 3: np.float64(0.5443786982248521)}
2026-06-07 12:31:40 - src.models.hmm_engine - INFO - StockHMM_sh.601995状态校准完成: {0: np.float64(0.3684210526315789), 1: np.float64(0.4174757281553398), 2: np.float64(0.4888888888888889), 3: np.float64(0.4880952380952381)}
2026-06-07 12:31:40 - src.models.hmm_engine - INFO - StockHMM_sh.601998状态校准完成: {0: np.float64(0.5955056179775281), 1: np.float64(0.4583333333333333), 2: np.float64(0.5813953488372093), 3: np.float64(0.48484848484848486)}
2026-06-07 12:31:41 - src.models.hmm_engine - INFO - StockHMM_sh.603019状态校准完成: {0: np.float64(0.2692307692307692), 1: np.float64(0.6190476190476191), 2: np.float64(0.918918918918919), 3: np.float64(0.3383458646616541)}
2026-06-07 12:31:41 - src.models.hmm_engine - INFO - StockHMM_sh.603195状态校准完成: {0: np.float64(0.42391304347826086), 1: np.float64(0.42857142857142855), 2: np.float64(1.0), 3: np.float64(0.6730769230769231)}
2026-06-07 12:31:41 - src.models.hmm_engine - INFO - StockHMM_sh.603259状态校准完成: {0: np.float64(0.45), 1: np.float64(0.46774193548387094), 2: np.float64(0.44660194174757284), 3: np.float64(0.4032258064516129)}
2026-06-07 12:31:41 - src.models.hmm_engine - INFO - StockHMM_sh.603260状态校准完成: {0: np.float64(0.35964912280701755), 1: np.float64(0.5494505494505495), 2: np.float64(0.65625), 3: np.float64(0.4222222222222222)}
2026-06-07 12:31:41 - src.models.hmm_engine - INFO - StockHMM_sh.603288状态校准完成: {0: np.float64(0.3835616438356164), 1: np.float64(0.42105263157894735), 2: np.float64(0.75), 3: np.float64(0.0)}
2026-06-07 12:31:41 - src.models.hmm_engine - INFO - StockHMM_sh.603296状态校准完成: {0: np.float64(0.38317757009345793), 1: np.float64(0.8888888888888888), 2: np.float64(0.5294117647058824), 3: np.float64(0.3333333333333333)}
2026-06-07 12:31:41 - src.models.hmm_engine - INFO - StockHMM_sh.603369状态校准完成: {0: np.float64(0.40310077519379844), 1: np.float64(0.35714285714285715), 2: np.float64(0.9523809523809523), 3: np.float64(0.16666666666666666)}
2026-06-07 12:31:41 - src.models.hmm_engine - INFO - StockHMM_sh.603392状态校准完成: {0: np.float64(0.43537414965986393), 1: np.float64(0.4745762711864407), 2: np.float64(0.4492753623188406), 3: np.float64(0.6153846153846154)}
2026-06-07 12:31:41 - src.models.hmm_engine - INFO - StockHMM_sh.603501状态校准完成: {0: np.float64(0.475), 1: np.float64(0.39705882352941174), 2: np.float64(0.7948717948717948), 3: np.float64(0.44)}
2026-06-07 12:31:41 - src.models.hmm_engine - INFO - StockHMM_sh.603799状态校准完成: {0: np.float64(0.3333333333333333), 1: np.float64(0.34444444444444444), 2: np.float64(0.95), 3: np.float64(0.36585365853658536)}
2026-06-07 12:31:41 - src.models.hmm_engine - INFO - StockHMM_sh.603893状态校准完成: {0: np.float64(0.5607476635514018), 1: np.float64(0.5135135135135135), 2: np.float64(0.3710691823899371), 3: np.float64(0.6666666666666666)}
2026-06-07 12:31:41 - src.models.hmm_engine - INFO - StockHMM_sh.603986状态校准完成: {0: np.float64(0.4304635761589404), 1: np.float64(0.3620689655172414), 2: np.float64(0.9473684210526315), 3: np.float64(0.6363636363636364)}
2026-06-07 12:31:41 - src.models.hmm_engine - INFO - StockHMM_sh.603993状态校准完成: {0: np.float64(0.4765625), 1: np.float64(0.5542168674698795), 2: np.float64(0.42028985507246375), 3: np.float64(0.5957446808510638)}
2026-06-07 12:31:41 - src.models.hmm_engine - INFO - StockHMM_sh.605117状态校准完成: {0: np.float64(0.9761904761904762), 1: np.float64(0.3508771929824561), 2: np.float64(0.4351851851851852), 3: np.float64(0.2698412698412698)}
2026-06-07 12:31:41 - src.models.hmm_engine - INFO - StockHMM_sh.605499状态校准完成: {0: np.float64(0.4418604651162791), 1: np.float64(0.6486486486486487), 2: np.float64(0.559322033898305), 3: np.float64(0.4689655172413793)}
2026-06-07 12:31:41 - src.models.hmm_engine - INFO - StockHMM_sh.688008状态校准完成: {0: np.float64(0.5), 1: np.float64(0.43137254901960786), 2: np.float64(0.6923076923076923), 3: np.float64(0.5096774193548387)}
2026-06-07 12:31:42 - src.models.hmm_engine - INFO - StockHMM_sh.688009状态校准完成: {0: np.float64(0.4807692307692308), 1: np.float64(0.4111111111111111), 2: np.float64(0.5625), 3: np.float64(1.0)}
2026-06-07 12:31:42 - src.models.hmm_engine - INFO - StockHMM_sh.688012状态校准完成: {0: np.float64(0.6091954022988506), 1: np.float64(0.6666666666666666), 2: np.float64(0.43258426966292135), 3: np.float64(0.45454545454545453)}
2026-06-07 12:31:42 - src.models.hmm_engine - INFO - StockHMM_sh.688036状态校准完成: {0: np.float64(0.4222222222222222), 1: np.float64(0.6052631578947368), 2: np.float64(0.42342342342342343), 3: np.float64(0.4418604651162791)}
2026-06-07 12:31:42 - src.models.hmm_engine - INFO - StockHMM_sh.688041状态校准完成: {0: np.float64(0.6454545454545455), 1: np.float64(0.4), 2: np.float64(0.5833333333333334), 3: np.float64(0.41830065359477125)}
2026-06-07 12:31:42 - src.models.hmm_engine - INFO - StockHMM_sh.688047状态校准完成: {0: np.float64(0.5826086956521739), 1: np.float64(0.3972602739726027), 2: np.float64(0.4098360655737705), 3: np.float64(0.7647058823529411)}
2026-06-07 12:31:42 - src.models.hmm_engine - INFO - StockHMM_sh.688082状态校准完成: {0: np.float64(0.6923076923076923), 1: np.float64(0.5352112676056338), 2: np.float64(0.3937007874015748), 3: np.float64(0.42718446601941745)}
2026-06-07 12:31:42 - src.models.hmm_engine - INFO - StockHMM_sh.688111状态校准完成: {0: np.float64(0.3880597014925373), 1: np.float64(0.43956043956043955), 2: np.float64(0.2982456140350877), 3: np.float64(0.6666666666666666)}
2026-06-07 12:31:42 - src.models.hmm_engine - INFO - StockHMM_sh.688126状态校准完成: {0: np.float64(0.4523809523809524), 1: np.float64(0.391304347826087), 2: np.float64(0.3333333333333333), 3: np.float64(0.5)}
2026-06-07 12:31:42 - src.models.hmm_engine - INFO - StockHMM_sh.688169状态校准完成: {0: np.float64(0.39285714285714285), 1: np.float64(0.5213675213675214), 2: np.float64(0.4883720930232558), 3: np.float64(0.48)}
2026-06-07 12:31:42 - src.models.hmm_engine - INFO - StockHMM_sh.688187状态校准完成: {0: np.float64(0.4444444444444444), 1: np.float64(0.75), 2: np.float64(0.41739130434782606), 3: np.float64(0.34285714285714286)}
2026-06-07 12:31:42 - src.models.hmm_engine - INFO - StockHMM_sh.688223状态校准完成: {0: np.float64(0.42857142857142855), 1: np.float64(0.37362637362637363), 2: np.float64(0.425), 3: np.float64(0.6086956521739131)}
2026-06-07 12:31:42 - src.models.hmm_engine - INFO - StockHMM_sh.688256状态校准完成: {0: np.float64(0.4406779661016949), 1: np.float64(0.5625), 2: np.float64(0.7142857142857143), 3: np.float64(0.47619047619047616)}
2026-06-07 12:31:42 - src.models.hmm_engine - INFO - StockHMM_sh.688271状态校准完成: {0: np.float64(0.36764705882352944), 1: np.float64(0.41732283464566927), 2: np.float64(0.6153846153846154), 3: np.float64(0.5483870967741935)}
2026-06-07 12:31:42 - src.models.hmm_engine - INFO - StockHMM_sh.688303状态校准完成: {0: np.float64(0.44776119402985076), 1: np.float64(0.4088050314465409), 2: np.float64(0.3968253968253968), 3: np.float64(0.5)}
2026-06-07 12:31:42 - src.models.hmm_engine - INFO - StockHMM_sh.688396状态校准完成: {0: np.float64(0.5714285714285714), 1: np.float64(0.34513274336283184), 2: np.float64(0.5172413793103449), 3: np.float64(0.4262295081967213)}
2026-06-07 12:31:43 - src.models.hmm_engine - INFO - StockHMM_sh.688472状态校准完成: {0: np.float64(0.449438202247191), 1: np.float64(0.76), 2: np.float64(0.4791666666666667), 3: np.float64(0.22093023255813954)}
2026-06-07 12:31:43 - src.models.hmm_engine - INFO - StockHMM_sh.688506状态校准完成: {0: np.float64(0.5538461538461539), 1: np.float64(0.313953488372093), 2: np.float64(0.7021276595744681), 3: np.float64(0.4806201550387597)}
2026-06-07 12:31:43 - src.models.hmm_engine - INFO - StockHMM_sh.688981状态校准完成: {0: np.float64(0.7142857142857143), 1: np.float64(0.4375), 2: np.float64(0.5255474452554745), 3: np.float64(0.421875)}
2026-06-07 12:31:43 - src.models.hmm_engine - INFO - StockHMM_sz.000001状态校准完成: {0: np.float64(0.41509433962264153), 1: np.float64(0.7297297297297297), 2: np.float64(0.45454545454545453), 3: np.float64(0.37362637362637363)}
2026-06-07 12:31:43 - src.models.hmm_engine - INFO - StockHMM_sz.000002状态校准完成: {0: np.float64(0.6491228070175439), 1: np.float64(0.36046511627906974), 2: np.float64(0.29), 3: np.float64(0.32142857142857145)}
2026-06-07 12:31:43 - src.models.hmm_engine - INFO - StockHMM_sz.000063状态校准完成: {0: np.float64(0.4845360824742268), 1: np.float64(0.4166666666666667), 2: np.float64(0.4090909090909091), 3: np.float64(0.6590909090909091)}
2026-06-07 12:31:43 - src.models.hmm_engine - INFO - StockHMM_sz.000100状态校准完成: {0: np.float64(0.6538461538461539), 1: np.float64(0.5), 2: np.float64(0.5446428571428571), 3: np.float64(0.4675324675324675)}
2026-06-07 12:31:43 - src.models.hmm_engine - INFO - StockHMM_sz.000157状态校准完成: {0: np.float64(0.8070175438596491), 1: np.float64(0.4017094017094017), 2: np.float64(0.4297520661157025), 3: np.float64(0.53125)}
2026-06-07 12:31:43 - src.models.hmm_engine - INFO - StockHMM_sz.000166状态校准完成: {0: np.float64(0.5555555555555556), 1: np.float64(0.3968253968253968), 2: np.float64(0.5774647887323944), 3: np.float64(0.5909090909090909)}
2026-06-07 12:31:43 - src.models.hmm_engine - INFO - StockHMM_sz.000301状态校准完成: {0: np.float64(0.5833333333333334), 1: np.float64(0.36923076923076925), 2: np.float64(0.3805970149253731), 3: np.float64(0.39705882352941174)}
2026-06-07 12:31:43 - src.models.hmm_engine - INFO - StockHMM_sz.000333状态校准完成: {0: np.float64(0.42592592592592593), 1: np.float64(0.509090909090909), 2: np.float64(0.5422535211267606), 3: np.float64(0.6666666666666666)}
2026-06-07 12:31:43 - src.models.hmm_engine - INFO - StockHMM_sz.000338状态校准完成: {0: np.float64(0.5384615384615384), 1: np.float64(0.5163934426229508), 2: np.float64(0.6410256410256411), 3: np.float64(0.41333333333333333)}
2026-06-07 12:31:43 - src.models.hmm_engine - INFO - StockHMM_sz.000408状态校准完成: {0: np.float64(0.45901639344262296), 1: np.float64(0.7222222222222222), 2: np.float64(0.5104895104895105), 3: np.float64(0.125)}
2026-06-07 12:31:43 - src.models.hmm_engine - INFO - StockHMM_sz.000425状态校准完成: {0: np.float64(0.4380952380952381), 1: np.float64(0.4025974025974026), 2: np.float64(0.44565217391304346), 3: np.float64(0.6792452830188679)}
2026-06-07 12:31:43 - src.models.hmm_engine - INFO - StockHMM_sz.000538状态校准完成: {0: np.float64(0.44554455445544555), 1: np.float64(0.59375), 2: np.float64(1.0), 3: np.float64(0.5031055900621118)}
2026-06-07 12:31:44 - src.models.hmm_engine - INFO - StockHMM_sz.000568状态校准完成: {0: np.float64(0.35398230088495575), 1: np.float64(0.1111111111111111), 2: np.float64(0.3380281690140845), 3: np.float64(1.0)}
2026-06-07 12:31:44 - src.models.hmm_engine - INFO - StockHMM_sz.000596状态校准完成: {0: np.float64(0.0), 1: np.float64(0.8307692307692308), 2: np.float64(0.38392857142857145), 3: np.float64(0.40350877192982454)}
2026-06-07 12:31:44 - src.models.hmm_engine - INFO - StockHMM_sz.000617状态校准完成: {0: np.float64(0.34375), 1: np.float64(0.3492822966507177), 2: np.float64(0.6607142857142857), 3: np.float64(0.43333333333333335)}
2026-06-07 12:31:44 - src.models.hmm_engine - INFO - StockHMM_sz.000625状态校准完成: {0: np.float64(1.0), 1: np.float64(0.45751633986928103), 2: np.float64(0.2542372881355932), 3: np.float64(0.42857142857142855)}
2026-06-07 12:31:44 - src.models.hmm_engine - INFO - StockHMM_sz.000630状态校准完成: {0: np.float64(0.4383561643835616), 1: np.float64(0.5737704918032787), 2: np.float64(0.34959349593495936), 3: np.float64(0.5571428571428572)}
2026-06-07 12:31:44 - src.models.hmm_engine - INFO - StockHMM_sz.000651状态校准完成: {0: np.float64(0.45588235294117646), 1: np.float64(0.46), 2: np.float64(0.38461538461538464), 3: np.float64(0.6923076923076923)}
2026-06-07 12:31:44 - src.models.hmm_engine - INFO - StockHMM_sz.000661状态校准完成: {0: np.float64(0.6585365853658537), 1: np.float64(0.43478260869565216), 2: np.float64(0.41414141414141414), 3: np.float64(0.4027777777777778)}
2026-06-07 12:31:44 - src.models.hmm_engine - INFO - StockHMM_sz.000708状态校准完成: {0: np.float64(0.4588235294117647), 1: np.float64(0.3977272727272727), 2: np.float64(0.7380952380952381), 3: np.float64(0.4017857142857143)}
2026-06-07 12:31:44 - src.models.hmm_engine - INFO - StockHMM_sz.000725状态校准完成: {0: np.float64(0.575), 1: np.float64(0.4375), 2: np.float64(0.49504950495049505), 3: np.float64(0.527027027027027)}
2026-06-07 12:31:44 - src.models.hmm_engine - INFO - StockHMM_sz.000768状态校准完成: {0: np.float64(0.4740740740740741), 1: np.float64(0.49230769230769234), 2: np.float64(0.4878048780487805), 3: np.float64(0.43023255813953487)}
2026-06-07 12:31:44 - src.models.hmm_engine - INFO - StockHMM_sz.000776状态校准完成: {0: np.float64(0.5), 1: np.float64(0.3458646616541353), 2: np.float64(0.41284403669724773), 3: np.float64(0.6216216216216216)}
2026-06-07 12:31:44 - src.models.hmm_engine - INFO - StockHMM_sz.000786状态校准完成: {0: np.float64(0.4406779661016949), 1: np.float64(0.38461538461538464), 2: np.float64(0.40298507462686567), 3: np.float64(0.868421052631579)}
2026-06-07 12:31:44 - src.models.hmm_engine - INFO - StockHMM_sz.000792状态校准完成: {0: np.float64(0.7884615384615384), 1: np.float64(0.3577981651376147), 2: np.float64(0.38372093023255816), 3: np.float64(0.375)}
2026-06-07 12:31:44 - src.models.hmm_engine - INFO - StockHMM_sz.000807状态校准完成: {0: np.float64(0.41911764705882354), 1: np.float64(0.9523809523809523), 2: np.float64(0.17647058823529413), 3: np.float64(0.41739130434782606)}
2026-06-07 12:31:44 - src.models.hmm_engine - INFO - StockHMM_sz.000858状态校准完成: {0: np.float64(0.3983739837398374), 1: np.float64(0.35668789808917195), 2: np.float64(0.5), 3: np.float64(0.7555555555555555)}
2026-06-07 12:31:45 - src.models.hmm_engine - INFO - StockHMM_sz.000876状态校准完成: {0: np.float64(0.44370860927152317), 1: np.float64(0.3333333333333333), 2: np.float64(0.6101694915254238), 3: np.float64(0.5)}
2026-06-07 12:31:45 - src.models.hmm_engine - INFO - StockHMM_sz.000895状态校准完成: {0: np.float64(0.5882352941176471), 1: np.float64(0.5327868852459017), 2: np.float64(1.0), 3: np.float64(0.4632352941176471)}
2026-06-07 12:31:45 - src.models.hmm_engine - INFO - StockHMM_sz.000938状态校准完成: {0: np.float64(0.8387096774193549), 1: np.float64(0.45), 2: np.float64(0.3786407766990291), 3: np.float64(0.5283018867924528)}
2026-06-07 12:31:45 - src.models.hmm_engine - INFO - StockHMM_sz.000963状态校准完成: {0: np.float64(0.4025974025974026), 1: np.float64(0.40217391304347827), 2: np.float64(0.44155844155844154), 3: np.float64(0.6666666666666666)}
2026-06-07 12:31:45 - src.models.hmm_engine - INFO - StockHMM_sz.000975状态校准完成: {0: np.float64(0.49193548387096775), 1: np.float64(0.5217391304347826), 2: np.float64(0.47058823529411764), 3: np.float64(0.5)}
2026-06-07 12:31:45 - src.models.hmm_engine - INFO - StockHMM_sz.000977状态校准完成: {0: np.float64(0.47560975609756095), 1: np.float64(0.5211267605633803), 2: np.float64(0.66), 3: np.float64(0.4274193548387097)}
2026-06-07 12:31:45 - src.models.hmm_engine - INFO - StockHMM_sz.000983状态校准完成: {0: np.float64(0.46153846153846156), 1: np.float64(0.8235294117647058), 2: np.float64(0.4), 3: np.float64(0.4954128440366973)}
2026-06-07 12:31:45 - src.models.hmm_engine - INFO - StockHMM_sz.000999状态校准完成: {0: np.float64(0.1111111111111111), 1: np.float64(0.4452054794520548), 2: np.float64(0.9107142857142857), 3: np.float64(0.46938775510204084)}
2026-06-07 12:31:45 - src.models.hmm_engine - INFO - StockHMM_sz.001965状态校准完成: {0: np.float64(0.5533980582524272), 1: np.float64(0.4878048780487805), 2: np.float64(0.6171875), 3: np.float64(0.5818181818181818)}
2026-06-07 12:31:45 - src.models.hmm_engine - INFO - StockHMM_sz.001979状态校准完成: {0: np.float64(0.3515625), 1: np.float64(0.313953488372093), 2: np.float64(0.7758620689655172), 3: np.float64(0.6181818181818182)}
2026-06-07 12:31:45 - src.models.hmm_engine - INFO - StockHMM_sz.002001状态校准完成: {0: np.float64(0.5379746835443038), 1: np.float64(0.4647887323943662), 2: np.float64(0.625), 3: np.float64(0.48)}
2026-06-07 12:31:45 - src.models.hmm_engine - INFO - StockHMM_sz.002027状态校准完成: {0: np.float64(0.4336283185840708), 1: np.float64(0.6382978723404256), 2: np.float64(0.4215686274509804), 3: np.float64(0.36923076923076925)}
2026-06-07 12:31:45 - src.models.hmm_engine - INFO - StockHMM_sz.002028状态校准完成: {0: np.float64(0.9591836734693877), 1: np.float64(0.49514563106796117), 2: np.float64(0.12), 3: np.float64(0.4533333333333333)}
2026-06-07 12:31:45 - src.models.hmm_engine - INFO - StockHMM_sz.002049状态校准完成: {0: np.float64(0.6216216216216216), 1: np.float64(0.4090909090909091), 2: np.float64(0.41007194244604317), 3: np.float64(0.42857142857142855)}
2026-06-07 12:31:45 - src.models.hmm_engine - INFO - StockHMM_sz.002050状态校准完成: {0: np.float64(0.3524590163934426), 1: np.float64(0.4782608695652174), 2: np.float64(0.45901639344262296), 3: np.float64(0.7115384615384616)}
2026-06-07 12:31:46 - src.models.hmm_engine - INFO - StockHMM_sz.002074状态校准完成: {0: np.float64(0.4375), 1: np.float64(0.8918918918918919), 2: np.float64(0.3584905660377358), 3: np.float64(0.4155844155844156)}
2026-06-07 12:31:46 - src.models.hmm_engine - INFO - StockHMM_sz.002142状态校准完成: {0: np.float64(0.696969696969697), 1: np.float64(0.3474576271186441), 2: np.float64(0.2542372881355932), 3: np.float64(0.6379310344827587)}
2026-06-07 12:31:46 - src.models.hmm_engine - INFO - StockHMM_sz.002179状态校准完成: {0: np.float64(0.4074074074074074), 1: np.float64(0.76), 2: np.float64(0.38926174496644295), 3: np.float64(0.48936170212765956)}
2026-06-07 12:31:46 - src.models.hmm_engine - INFO - StockHMM_sz.002230状态校准完成: {0: np.float64(0.4838709677419355), 1: np.float64(0.3300970873786408), 2: np.float64(0.7123287671232876), 3: np.float64(0.39325842696629215)}
2026-06-07 12:31:46 - src.models.hmm_engine - INFO - StockHMM_sz.002236状态校准完成: {0: np.float64(0.4050632911392405), 1: np.float64(0.42424242424242425), 2: np.float64(0.625), 3: np.float64(0.3644067796610169)}
2026-06-07 12:31:46 - src.models.hmm_engine - INFO - StockHMM_sz.002241状态校准完成: {0: np.float64(0.5233644859813084), 1: np.float64(0.42016806722689076), 2: np.float64(0.9655172413793104), 3: np.float64(0.4305555555555556)}
2026-06-07 12:31:46 - src.models.hmm_engine - INFO - StockHMM_sz.002252状态校准完成: {0: np.float64(0.6), 1: np.float64(0.5202702702702703), 2: np.float64(0.5), 3: np.float64(0.4)}
2026-06-07 12:31:46 - src.models.hmm_engine - INFO - StockHMM_sz.002304状态校准完成: {0: np.float64(0.40860215053763443), 1: np.float64(0.32954545454545453), 2: np.float64(0.39215686274509803), 3: np.float64(0.6590909090909091)}
2026-06-07 12:31:46 - src.models.hmm_engine - INFO - StockHMM_sz.002311状态校准完成: {0: np.float64(0.33986928104575165), 1: np.float64(0.37142857142857144), 2: np.float64(0.75), 3: np.float64(1.0)}
2026-06-07 12:31:46 - src.models.hmm_engine - INFO - StockHMM_sz.002352状态校准完成: {0: np.float64(0.3390804597701149), 1: np.float64(0.5333333333333333), 2: np.float64(0.8064516129032258), 3: np.float64(0.42105263157894735)}
2026-06-07 12:31:46 - src.models.hmm_engine - INFO - StockHMM_sz.002371状态校准完成: {0: np.float64(0.4666666666666667), 1: np.float64(0.3983739837398374), 2: np.float64(0.8947368421052632), 3: np.float64(0.39622641509433965)}
2026-06-07 12:31:46 - src.models.hmm_engine - INFO - StockHMM_sz.002384状态校准完成: {0: np.float64(0.6712328767123288), 1: np.float64(0.34965034965034963), 2: np.float64(0.5076923076923077), 3: np.float64(0.391304347826087)}
2026-06-07 12:31:46 - src.models.hmm_engine - INFO - StockHMM_sz.002415状态校准完成: {0: np.float64(0.3888888888888889), 1: np.float64(0.6808510638297872), 2: np.float64(0.38613861386138615), 3: np.float64(0.42857142857142855)}
2026-06-07 12:31:46 - src.models.hmm_engine - INFO - StockHMM_sz.002422状态校准完成: {0: np.float64(0.43478260869565216), 1: np.float64(0.6065573770491803), 2: np.float64(0.44047619047619047), 3: np.float64(0.415929203539823)}
2026-06-07 12:31:46 - src.models.hmm_engine - INFO - StockHMM_sz.002459状态校准完成: {0: np.float64(0.27184466019417475), 1: np.float64(0.3333333333333333), 2: np.float64(0.4157303370786517), 3: np.float64(0.6944444444444444)}
2026-06-07 12:31:47 - src.models.hmm_engine - INFO - StockHMM_sz.002460状态校准完成: {0: np.float64(0.3670886075949367), 1: np.float64(0.4461538461538462), 2: np.float64(0.3305084745762712), 3: np.float64(0.7076923076923077)}
2026-06-07 12:31:47 - src.models.hmm_engine - INFO - StockHMM_sz.002463状态校准完成: {0: np.float64(0.6), 1: np.float64(0.47115384615384615), 2: np.float64(0.4740740740740741), 3: np.float64(0.7391304347826086)}
2026-06-07 12:31:47 - src.models.hmm_engine - INFO - StockHMM_sz.002466状态校准完成: {0: np.float64(0.7708333333333334), 1: np.float64(0.28846153846153844), 2: np.float64(0.344), 3: np.float64(0.48)}
2026-06-07 12:31:47 - src.models.hmm_engine - INFO - StockHMM_sz.002475状态校准完成: {0: np.float64(0.8809523809523809), 1: np.float64(0.45054945054945056), 2: np.float64(0.4588235294117647), 3: np.float64(0.44036697247706424)}
2026-06-07 12:31:47 - src.models.hmm_engine - INFO - StockHMM_sz.002493状态校准完成: {0: np.float64(0.75), 1: np.float64(0.33), 2: np.float64(0.5148514851485149), 3: np.float64(0.38181818181818183)}
2026-06-07 12:31:47 - src.models.hmm_engine - INFO - StockHMM_sz.002594状态校准完成: {0: np.float64(0.8157894736842105), 1: np.float64(0.37606837606837606), 2: np.float64(0.43636363636363634), 3: np.float64(0.452991452991453)}
2026-06-07 12:31:47 - src.models.hmm_engine - INFO - StockHMM_sz.002600状态校准完成: {0: np.float64(0.4230769230769231), 1: np.float64(0.43636363636363634), 2: np.float64(1.0), 3: np.float64(0.38848920863309355)}
2026-06-07 12:31:47 - src.models.hmm_engine - INFO - StockHMM_sz.002601状态校准完成: {0: np.float64(0.40298507462686567), 1: np.float64(0.9696969696969697), 2: np.float64(0.44047619047619047), 3: np.float64(0.3684210526315789)}
2026-06-07 12:31:47 - src.models.hmm_engine - INFO - StockHMM_sz.002625状态校准完成: {0: np.float64(0.527027027027027), 1: np.float64(0.5), 2: np.float64(0.37037037037037035), 3: np.float64(0.72)}
2026-06-07 12:31:47 - src.models.hmm_engine - INFO - StockHMM_sz.002648状态校准完成: {0: np.float64(0.5294117647058824), 1: np.float64(0.4295774647887324), 2: np.float64(0.6122448979591837), 3: np.float64(0.4235294117647059)}
2026-06-07 12:31:47 - src.models.hmm_engine - INFO - StockHMM_sz.002709状态校准完成: {0: np.float64(0.6829268292682927), 1: np.float64(0.28688524590163933), 2: np.float64(0.3225806451612903), 3: np.float64(0.3114754098360656)}
2026-06-07 12:31:47 - src.models.hmm_engine - INFO - StockHMM_sz.002714状态校准完成: {0: np.float64(0.39869281045751637), 1: np.float64(0.4426229508196721), 2: np.float64(0.6862745098039216), 3: np.float64(1.0)}
2026-06-07 12:31:47 - src.models.hmm_engine - INFO - StockHMM_sz.002736状态校准完成: {0: np.float64(0.43478260869565216), 1: np.float64(0.5609756097560976), 2: np.float64(0.5769230769230769), 3: np.float64(0.4110429447852761)}
2026-06-07 12:31:47 - src.models.hmm_engine - INFO - StockHMM_sz.002916状态校准完成: {0: np.float64(0.4606741573033708), 1: np.float64(0.4805194805194805), 2: np.float64(0.42727272727272725), 3: np.float64(0.7450980392156863)}
2026-06-07 12:31:47 - src.models.hmm_engine - INFO - StockHMM_sz.002920状态校准完成: {0: np.float64(0.37), 1: np.float64(0.22330097087378642), 2: np.float64(0.6585365853658537), 3: np.float64(0.6144578313253012)}
2026-06-07 12:31:48 - src.models.hmm_engine - INFO - StockHMM_sz.002938状态校准完成: {0: np.float64(0.7083333333333334), 1: np.float64(0.37755102040816324), 2: np.float64(0.5652173913043478), 3: np.float64(0.42857142857142855)}
2026-06-07 12:31:48 - src.models.hmm_engine - INFO - StockHMM_sz.003816状态校准完成: {0: np.float64(0.6461538461538462), 1: np.float64(0.5247524752475248), 2: np.float64(0.5545454545454546), 3: np.float64(0.5098039215686274)}
2026-06-07 12:31:48 - src.models.hmm_engine - INFO - StockHMM_sz.300014状态校准完成: {0: np.float64(0.3076923076923077), 1: np.float64(0.6222222222222222), 2: np.float64(0.8846153846153846), 3: np.float64(0.33783783783783783)}
2026-06-07 12:31:48 - src.models.hmm_engine - INFO - StockHMM_sz.300015状态校准完成: {0: np.float64(0.29347826086956524), 1: np.float64(0.4444444444444444), 2: np.float64(0.7111111111111111), 3: np.float64(0.4084507042253521)}
2026-06-07 12:31:48 - src.models.hmm_engine - INFO - StockHMM_sz.300033状态校准完成: {0: np.float64(0.3492063492063492), 1: np.float64(0.4888888888888889), 2: np.float64(0.581081081081081), 3: np.float64(0.8421052631578947)}
2026-06-07 12:31:48 - src.models.hmm_engine - INFO - StockHMM_sz.300059状态校准完成: {0: np.float64(0.42857142857142855), 1: np.float64(0.33014354066985646), 2: np.float64(0.6666666666666666), 3: np.float64(0.6792452830188679)}
2026-06-07 12:31:48 - src.models.hmm_engine - INFO - StockHMM_sz.300122状态校准完成: {0: np.float64(0.3025210084033613), 1: np.float64(0.3969465648854962), 2: np.float64(0.5), 3: np.float64(0.6666666666666666)}
2026-06-07 12:31:48 - src.models.hmm_engine - INFO - StockHMM_sz.300124状态校准完成: {0: np.float64(0.45054945054945056), 1: np.float64(0.41875), 2: np.float64(0.56), 3: np.float64(1.0)}
2026-06-07 12:31:48 - src.models.hmm_engine - INFO - StockHMM_sz.300251状态校准完成: {0: np.float64(0.3816793893129771), 1: np.float64(0.6103896103896104), 2: np.float64(1.0), 3: np.float64(0.4661016949152542)}
2026-06-07 12:31:48 - src.models.hmm_engine - INFO - StockHMM_sz.300274状态校准完成: {0: np.float64(0.36363636363636365), 1: np.float64(0.2803030303030303), 2: np.float64(0.424), 3: np.float64(0.7837837837837838)}
2026-06-07 12:31:48 - src.models.hmm_engine - INFO - StockHMM_sz.300308状态校准完成: {0: np.float64(0.7142857142857143), 1: np.float64(0.4174757281553398), 2: np.float64(0.4696969696969697), 3: np.float64(0.375)}
2026-06-07 12:31:48 - src.models.hmm_engine - INFO - StockHMM_sz.300316状态校准完成: {0: np.float64(0.6551724137931034), 1: np.float64(0.3815789473684211), 2: np.float64(0.4014084507042254), 3: np.float64(0.11764705882352941)}
2026-06-07 12:31:48 - src.models.hmm_engine - INFO - StockHMM_sz.300347状态校准完成: {0: np.float64(0.5), 1: np.float64(0.7307692307692307), 2: np.float64(0.35251798561151076), 3: np.float64(0.38)}
2026-06-07 12:31:48 - src.models.hmm_engine - INFO - StockHMM_sz.300394状态校准完成: {0: np.float64(0.44339622641509435), 1: np.float64(0.4), 2: np.float64(0.8888888888888888), 3: np.float64(0.45714285714285713)}
2026-06-07 12:31:48 - src.models.hmm_engine - INFO - StockHMM_sz.300408状态校准完成: {0: np.float64(0.509090909090909), 1: np.float64(0.44886363636363635), 2: np.float64(0.4788732394366197), 3: np.float64(0.68)}
2026-06-07 12:31:48 - src.models.hmm_engine - INFO - StockHMM_sz.300413状态校准完成: {0: np.float64(0.3490566037735849), 1: np.float64(0.35294117647058826), 2: np.float64(0.671875), 3: np.float64(0.30337078651685395)}
2026-06-07 12:31:49 - src.models.hmm_engine - INFO - StockHMM_sz.300418状态校准完成: {0: np.float64(0.32608695652173914), 1: np.float64(0.24324324324324326), 2: np.float64(0.810126582278481), 3: np.float64(0.6111111111111112)}
2026-06-07 12:31:49 - src.models.hmm_engine - INFO - StockHMM_sz.300433状态校准完成: {0: np.float64(0.4567901234567901), 1: np.float64(0.521978021978022), 2: np.float64(0.5714285714285714), 3: np.float64(1.0)}
2026-06-07 12:31:49 - src.models.hmm_engine - INFO - StockHMM_sz.300442状态校准完成: {0: np.float64(0.42857142857142855), 1: np.float64(0.64), 2: np.float64(0.5), 3: np.float64(0.582089552238806)}
2026-06-07 12:31:49 - src.models.hmm_engine - INFO - StockHMM_sz.300476状态校准完成: {0: np.float64(0.7272727272727273), 1: np.float64(0.42452830188679247), 2: np.float64(0.4666666666666667), 3: np.float64(0.4027777777777778)}
2026-06-07 12:31:49 - src.models.hmm_engine - INFO - StockHMM_sz.300498状态校准完成: {0: np.float64(0.3898305084745763), 1: np.float64(0.42857142857142855), 2: np.float64(0.6307692307692307), 3: np.float64(1.0)}
2026-06-07 12:31:49 - src.models.hmm_engine - INFO - StockHMM_sz.300502状态校准完成: {0: np.float64(0.4666666666666667), 1: np.float64(0.48936170212765956), 2: np.float64(0.45098039215686275), 3: np.float64(0.6197183098591549)}
2026-06-07 12:31:49 - src.models.hmm_engine - INFO - StockHMM_sz.300628状态校准完成: {0: np.float64(0.43209876543209874), 1: np.float64(0.5), 2: np.float64(0.4696969696969697), 3: np.float64(1.0)}
2026-06-07 12:31:49 - src.models.hmm_engine - INFO - StockHMM_sz.300661状态校准完成: {0: np.float64(0.44594594594594594), 1: np.float64(0.30303030303030304), 2: np.float64(0.4222222222222222), 3: np.float64(0.8947368421052632)}
2026-06-07 12:31:49 - src.models.hmm_engine - INFO - StockHMM_sz.300750状态校准完成: {0: np.float64(0.43103448275862066), 1: np.float64(0.47619047619047616), 2: np.float64(0.4093567251461988), 3: np.float64(0.6285714285714286)}
2026-06-07 12:31:49 - src.models.hmm_engine - INFO - StockHMM_sz.300759状态校准完成: {0: np.float64(0.30952380952380953), 1: np.float64(0.5063291139240507), 2: np.float64(0.5), 3: np.float64(0.4090909090909091)}
2026-06-07 12:31:49 - src.models.hmm_engine - INFO - StockHMM_sz.300760状态校准完成: {0: np.float64(0.3564356435643564), 1: np.float64(0.4), 2: np.float64(0.5694444444444444), 3: np.float64(0.4513888888888889)}
2026-06-07 12:31:49 - src.models.hmm_engine - INFO - StockHMM_sz.300782状态校准完成: {0: np.float64(0.358695652173913), 1: np.float64(0.3816793893129771), 2: np.float64(0.6), 3: np.float64(0.375)}
2026-06-07 12:31:49 - src.models.hmm_engine - INFO - StockHMM_sz.300803状态校准完成: {0: np.float64(0.5888888888888889), 1: np.float64(0.4523809523809524), 2: np.float64(0.38095238095238093), 3: np.float64(0.7777777777777778)}
2026-06-07 12:31:49 - src.models.hmm_engine - INFO - StockHMM_sz.300832状态校准完成: {0: np.float64(0.7468354430379747), 1: np.float64(0.4691358024691358), 2: np.float64(0.48), 3: np.float64(0.34507042253521125)}
2026-06-07 12:31:49 - src.models.hmm_engine - INFO - StockHMM_sz.300866状态校准完成: {0: np.float64(0.437125748502994), 1: np.float64(0.5166666666666667), 2: np.float64(0.7692307692307693), 3: np.float64(0.39344262295081966)}
2026-06-07 12:31:50 - src.models.hmm_engine - INFO - StockHMM_sz.300896状态校准完成: {0: np.float64(0.373134328358209), 1: np.float64(0.6363636363636364), 2: np.float64(0.4022346368715084), 3: np.float64(0.3783783783783784)}
2026-06-07 12:31:50 - src.models.hmm_engine - INFO - StockHMM_sz.300979状态校准完成: {0: np.float64(0.6739130434782609), 1: np.float64(0.49), 2: np.float64(0.44954128440366975), 3: np.float64(0.5138888888888888)}
2026-06-07 12:31:50 - src.models.hmm_engine - INFO - StockHMM_sz.300999状态校准完成: {0: np.float64(0.5606060606060606), 1: np.float64(0.375), 2: np.float64(0.3850267379679144), 3: np.float64(1.0)}
2026-06-07 12:31:50 - src.models.hmm_engine - INFO - StockHMM_sz.301236状态校准完成: {0: np.float64(0.5263157894736842), 1: np.float64(0.4), 2: np.float64(0.42718446601941745), 3: np.float64(0.5882352941176471)}
2026-06-07 12:31:50 - src.models.hmm_engine - INFO - StockHMM_sz.301269状态校准完成: {0: np.float64(0.4779874213836478), 1: np.float64(0.6666666666666666), 2: np.float64(0.38235294117647056), 3: np.float64(0.40816326530612246)}
2026-06-07 12:31:50 - src.models.hmm_engine - INFO - StockHMM_sz.302132状态校准完成: {0: np.float64(0.43333333333333335), 1: np.float64(0.4444444444444444), 2: np.float64(0.5176470588235295), 3: np.float64(0.5384615384615384)}
2026-06-07 12:38:25 - src.models.hmm_engine - INFO - StockHMM_sh.600000状态校准完成: {0: np.float64(0.4691358024691358), 1: np.float64(0.35), 2: np.float64(0.5353535353535354), 3: np.float64(0.5769230769230769)}
2026-06-07 12:38:25 - src.models.hmm_engine - INFO - StockHMM_sh.600009状态校准完成: {0: np.float64(0.35789473684210527), 1: np.float64(0.6666666666666666), 2: np.float64(1.0), 3: np.float64(0.39344262295081966)}
2026-06-07 12:38:25 - src.models.hmm_engine - INFO - StockHMM_sh.600010状态校准完成: {0: np.float64(0.35185185185185186), 1: np.float64(0.38235294117647056), 2: np.float64(0.32558139534883723), 3: np.float64(0.625)}
2026-06-07 12:38:25 - src.models.hmm_engine - INFO - StockHMM_sh.600011状态校准完成: {0: np.float64(0.5813953488372093), 1: np.float64(0.4819277108433735), 2: np.float64(0.5428571428571428), 3: np.float64(0.3511450381679389)}
2026-06-07 12:38:25 - src.models.hmm_engine - INFO - StockHMM_sh.600015状态校准完成: {0: np.float64(0.5196078431372549), 1: np.float64(0.5359477124183006), 2: np.float64(0.4745762711864407), 3: np.float64(1.0)}
2026-06-07 12:38:25 - src.models.hmm_engine - INFO - StockHMM_sh.600016状态校准完成: {0: np.float64(0.49056603773584906), 1: np.float64(0.7), 2: np.float64(0.4489795918367347), 3: np.float64(0.46987951807228917)}
2026-06-07 12:38:25 - src.models.hmm_engine - INFO - StockHMM_sh.600018状态校准完成: {0: np.float64(0.5130434782608696), 1: np.float64(0.5398230088495575), 2: np.float64(0.5612244897959183), 3: np.float64(1.0)}
2026-06-07 12:38:25 - src.models.hmm_engine - INFO - StockHMM_sh.600019状态校准完成: {0: np.float64(0.48951048951048953), 1: np.float64(0.5), 2: np.float64(0.6666666666666666), 3: np.float64(0.336)}
2026-06-07 12:38:25 - src.models.hmm_engine - INFO - StockHMM_sh.600023状态校准完成: {0: np.float64(0.6226415094339622), 1: np.float64(0.48201438848920863), 2: np.float64(0.509090909090909), 3: np.float64(0.45)}
2026-06-07 12:38:25 - src.models.hmm_engine - INFO - StockHMM_sh.600025状态校准完成: {0: np.float64(0.49019607843137253), 1: np.float64(0.6607142857142857), 2: np.float64(1.0), 3: np.float64(0.4642857142857143)}
2026-06-07 12:38:25 - src.models.hmm_engine - INFO - StockHMM_sh.600026状态校准完成: {0: np.float64(0.36363636363636365), 1: np.float64(0.27), 2: np.float64(0.580952380952381), 3: np.float64(0.5223880597014925)}
2026-06-07 12:38:25 - src.models.hmm_engine - INFO - StockHMM_sh.600027状态校准完成: {0: np.float64(0.6320754716981132), 1: np.float64(0.08333333333333333), 2: np.float64(0.32432432432432434), 3: np.float64(0.5394736842105263)}
2026-06-07 12:38:26 - src.models.hmm_engine - INFO - StockHMM_sh.600028状态校准完成: {0: np.float64(0.4953271028037383), 1: np.float64(0.5409836065573771), 2: np.float64(1.0), 3: np.float64(0.5443037974683544)}
2026-06-07 12:38:26 - src.models.hmm_engine - INFO - StockHMM_sh.600029状态校准完成: {0: np.float64(0.4788732394366197), 1: np.float64(0.3872832369942196), 2: np.float64(0.6097560975609756), 3: np.float64(1.0)}
2026-06-07 12:38:26 - src.models.hmm_engine - INFO - StockHMM_sh.600030状态校准完成: {0: np.float64(0.6276595744680851), 1: np.float64(0.6153846153846154), 2: np.float64(0.5806451612903226), 3: np.float64(0.2822085889570552)}
2026-06-07 12:38:26 - src.models.hmm_engine - INFO - StockHMM_sh.600031状态校准完成: {0: np.float64(0.4274193548387097), 1: np.float64(0.38095238095238093), 2: np.float64(0.36363636363636365), 3: np.float64(0.7407407407407407)}
2026-06-07 12:38:26 - src.models.hmm_engine - INFO - StockHMM_sh.600036状态校准完成: {0: np.float64(0.34375), 1: np.float64(0.8666666666666667), 2: np.float64(0.6224489795918368), 3: np.float64(0.48148148148148145)}
2026-06-07 12:38:26 - src.models.hmm_engine - INFO - StockHMM_sh.600039状态校准完成: {0: np.float64(0.515625), 1: np.float64(0.3877551020408163), 2: np.float64(0.47), 3: np.float64(0.54)}
2026-06-07 12:38:26 - src.models.hmm_engine - INFO - StockHMM_sh.600048状态校准完成: {0: np.float64(0.26973684210526316), 1: np.float64(0.8301886792452831), 2: np.float64(0.29411764705882354), 3: np.float64(0.3522727272727273)}
2026-06-07 12:38:26 - src.models.hmm_engine - INFO - StockHMM_sh.600050状态校准完成: {0: np.float64(0.43820224719101125), 1: np.float64(0.45588235294117646), 2: np.float64(0.6739130434782609), 3: np.float64(0.3951612903225806)}
2026-06-07 12:38:26 - src.models.hmm_engine - INFO - StockHMM_sh.600061状态校准完成: {0: np.float64(0.6923076923076923), 1: np.float64(0.44047619047619047), 2: np.float64(0.3333333333333333), 3: np.float64(0.42857142857142855)}
2026-06-07 12:38:26 - src.models.hmm_engine - INFO - StockHMM_sh.600066状态校准完成: {0: np.float64(0.4864864864864865), 1: np.float64(0.4921875), 2: np.float64(0.3076923076923077), 3: np.float64(1.0)}
2026-06-07 12:38:26 - src.models.hmm_engine - INFO - StockHMM_sh.600085状态校准完成: {0: np.float64(0.6222222222222222), 1: np.float64(0.4329896907216495), 2: np.float64(0.31746031746031744), 3: np.float64(0.4016393442622951)}
2026-06-07 12:38:26 - src.models.hmm_engine - INFO - StockHMM_sh.600089状态校准完成: {0: np.float64(0.627906976744186), 1: np.float64(0.4065934065934066), 2: np.float64(0.4639175257731959), 3: np.float64(0.4270833333333333)}
2026-06-07 12:38:26 - src.models.hmm_engine - INFO - StockHMM_sh.600104状态校准完成: {0: np.float64(0.4084507042253521), 1: np.float64(0.8), 2: np.float64(0.5), 3: np.float64(0.5)}
2026-06-07 12:38:26 - src.models.hmm_engine - INFO - StockHMM_sh.600111状态校准完成: {0: np.float64(0.3490566037735849), 1: np.float64(0.36363636363636365), 2: np.float64(0.5333333333333333), 3: np.float64(0.5869565217391305)}
2026-06-07 12:38:26 - src.models.hmm_engine - INFO - StockHMM_sh.600115状态校准完成: {0: np.float64(0.6428571428571429), 1: np.float64(0.3945578231292517), 2: np.float64(1.0), 3: np.float64(0.4105263157894737)}
2026-06-07 12:38:27 - src.models.hmm_engine - INFO - StockHMM_sh.600150状态校准完成: {0: np.float64(0.6842105263157895), 1: np.float64(0.4803921568627451), 2: np.float64(0.5), 3: np.float64(0.45)}
2026-06-07 12:38:27 - src.models.hmm_engine - INFO - StockHMM_sh.600160状态校准完成: {0: np.float64(0.09523809523809523), 1: np.float64(0.4338235294117647), 2: np.float64(0.42424242424242425), 3: np.float64(0.9473684210526315)}
2026-06-07 12:38:27 - src.models.hmm_engine - INFO - StockHMM_sh.600161状态校准完成: {0: np.float64(0.5093167701863354), 1: np.float64(0.14814814814814814), 2: np.float64(0.41284403669724773), 3: np.float64(0.9333333333333333)}
2026-06-07 12:38:27 - src.models.hmm_engine - INFO - StockHMM_sh.600176状态校准完成: {0: np.float64(0.36363636363636365), 1: np.float64(0.33613445378151263), 2: np.float64(0.3761467889908257), 3: np.float64(0.6515151515151515)}
2026-06-07 12:38:27 - src.models.hmm_engine - INFO - StockHMM_sh.600183状态校准完成: {0: np.float64(0.7142857142857143), 1: np.float64(0.4946236559139785), 2: np.float64(0.5185185185185185), 3: np.float64(0.4144144144144144)}
2026-06-07 12:38:27 - src.models.hmm_engine - INFO - StockHMM_sh.600188状态校准完成: {0: np.float64(0.1), 1: np.float64(0.41025641025641024), 2: np.float64(0.9354838709677419), 3: np.float64(0.5063291139240507)}
2026-06-07 12:38:27 - src.models.hmm_engine - INFO - StockHMM_sh.600196状态校准完成: {0: np.float64(0.4588235294117647), 1: np.float64(0.42962962962962964), 2: np.float64(0.42), 3: np.float64(0.8571428571428571)}
2026-06-07 12:38:27 - src.models.hmm_engine - INFO - StockHMM_sh.600219状态校准完成: {0: np.float64(0.6213592233009708), 1: np.float64(0.4755244755244755), 2: np.float64(0.4838709677419355), 3: np.float64(0.6842105263157895)}
2026-06-07 12:38:27 - src.models.hmm_engine - INFO - StockHMM_sh.600233状态校准完成: {0: np.float64(0.5352112676056338), 1: np.float64(0.4270833333333333), 2: np.float64(0.42138364779874216), 3: np.float64(1.0)}
2026-06-07 12:38:27 - src.models.hmm_engine - INFO - StockHMM_sh.600276状态校准完成: {0: np.float64(0.3867924528301887), 1: np.float64(0.46153846153846156), 2: np.float64(0.7021276595744681), 3: np.float64(0.4344262295081967)}
2026-06-07 12:38:27 - src.models.hmm_engine - INFO - StockHMM_sh.600309状态校准完成: {0: np.float64(1.0), 1: np.float64(0.2926829268292683), 2: np.float64(0.3643410852713178), 3: np.float64(0.453781512605042)}
2026-06-07 12:38:27 - src.models.hmm_engine - INFO - StockHMM_sh.600346状态校准完成: {0: np.float64(0.423728813559322), 1: np.float64(0.36764705882352944), 2: np.float64(0.723404255319149), 3: np.float64(0.4588235294117647)}
2026-06-07 12:38:27 - src.models.hmm_engine - INFO - StockHMM_sh.600362状态校准完成: {0: np.float64(0.46774193548387094), 1: np.float64(0.4444444444444444), 2: np.float64(0.37383177570093457), 3: np.float64(1.0)}
2026-06-07 12:38:27 - src.models.hmm_engine - INFO - StockHMM_sh.600372状态校准完成: {0: np.float64(0.39473684210526316), 1: np.float64(0.4375), 2: np.float64(0.6764705882352942), 3: np.float64(0.4)}
2026-06-07 12:38:27 - src.models.hmm_engine - INFO - StockHMM_sh.600377状态校准完成: {0: np.float64(0.5483870967741935), 1: np.float64(0.5631067961165048), 2: np.float64(1.0), 3: np.float64(0.5353535353535354)}
2026-06-07 12:38:27 - src.models.hmm_engine - INFO - StockHMM_sh.600406状态校准完成: {0: np.float64(0.39263803680981596), 1: np.float64(0.46564885496183206), 2: np.float64(1.0), 3: np.float64(1.0)}
2026-06-07 12:38:27 - src.models.hmm_engine - INFO - StockHMM_sh.600415状态校准完成: {0: np.float64(0.37037037037037035), 1: np.float64(0.5454545454545454), 2: np.float64(0.2553191489361702), 3: np.float64(0.9166666666666666)}
2026-06-07 12:38:28 - src.models.hmm_engine - INFO - StockHMM_sh.600426状态校准完成: {0: np.float64(0.3739130434782609), 1: np.float64(0.6428571428571429), 2: np.float64(0.3888888888888889), 3: np.float64(0.4125)}
2026-06-07 12:38:28 - src.models.hmm_engine - INFO - StockHMM_sh.600436状态校准完成: {0: np.float64(0.6470588235294118), 1: np.float64(0.33962264150943394), 2: np.float64(0.52), 3: np.float64(0.36)}
2026-06-07 12:38:28 - src.models.hmm_engine - INFO - StockHMM_sh.600438状态校准完成: {0: np.float64(0.6), 1: np.float64(0.39090909090909093), 2: np.float64(0.336734693877551), 3: np.float64(0.6216216216216216)}
2026-06-07 12:38:28 - src.models.hmm_engine - INFO - StockHMM_sh.600460状态校准完成: {0: np.float64(0.43478260869565216), 1: np.float64(0.4657534246575342), 2: np.float64(0.3875), 3: np.float64(1.0)}
2026-06-07 12:38:28 - src.models.hmm_engine - INFO - StockHMM_sh.600482状态校准完成: {0: np.float64(0.48360655737704916), 1: np.float64(0.6172839506172839), 2: np.float64(0.4424778761061947), 3: np.float64(1.0)}
2026-06-07 12:38:28 - src.models.hmm_engine - INFO - StockHMM_sh.600489状态校准完成: {0: np.float64(0.6538461538461539), 1: np.float64(0.4675324675324675), 2: np.float64(0.45384615384615384), 3: np.float64(0.45588235294117646)}
2026-06-07 12:38:28 - src.models.hmm_engine - INFO - StockHMM_sh.600515状态校准完成: {0: np.float64(0.43636363636363634), 1: np.float64(0.631578947368421), 2: np.float64(0.4357142857142857), 3: np.float64(0.35106382978723405)}
2026-06-07 12:38:28 - src.models.hmm_engine - INFO - StockHMM_sh.600519状态校准完成: {0: np.float64(0.3717948717948718), 1: np.float64(0.41935483870967744), 2: np.float64(0.675), 3: np.float64(0.38095238095238093)}
2026-06-07 12:38:28 - src.models.hmm_engine - INFO - StockHMM_sh.600522状态校准完成: {0: np.float64(0.3490566037735849), 1: np.float64(0.75), 2: np.float64(0.3465346534653465), 3: np.float64(0.4861111111111111)}
2026-06-07 12:38:28 - src.models.hmm_engine - INFO - StockHMM_sh.600547状态校准完成: {0: np.float64(0.4742268041237113), 1: np.float64(0.4222222222222222), 2: np.float64(0.7666666666666667), 3: np.float64(0.4)}
2026-06-07 12:38:28 - src.models.hmm_engine - INFO - StockHMM_sh.600570状态校准完成: {0: np.float64(0.35106382978723405), 1: np.float64(0.3875), 2: np.float64(0.5454545454545454), 3: np.float64(0.45918367346938777)}
2026-06-07 12:38:28 - src.models.hmm_engine - INFO - StockHMM_sh.600584状态校准完成: {0: np.float64(0.35353535353535354), 1: np.float64(0.6136363636363636), 2: np.float64(0.40540540540540543), 3: np.float64(0.5)}
2026-06-07 12:38:28 - src.models.hmm_engine - INFO - StockHMM_sh.600585状态校准完成: {0: np.float64(0.7073170731707317), 1: np.float64(0.43037974683544306), 2: np.float64(0.3937007874015748), 3: np.float64(1.0)}
2026-06-07 12:38:28 - src.models.hmm_engine - INFO - StockHMM_sh.600588状态校准完成: {0: np.float64(0.46875), 1: np.float64(0.5818181818181818), 2: np.float64(0.391304347826087), 3: np.float64(0.44086021505376344)}
2026-06-07 12:38:29 - src.models.hmm_engine - INFO - StockHMM_sh.600600状态校准完成: {0: np.float64(0.6923076923076923), 1: np.float64(0.3548387096774194), 2: np.float64(0.3560606060606061), 3: np.float64(0.8333333333333334)}
2026-06-07 12:38:29 - src.models.hmm_engine - INFO - StockHMM_sh.600660状态校准完成: {0: np.float64(0.5596330275229358), 1: np.float64(0.4878048780487805), 2: np.float64(0.5957446808510638), 3: np.float64(1.0)}
2026-06-07 12:38:29 - src.models.hmm_engine - INFO - StockHMM_sh.600674状态校准完成: {0: np.float64(0.5132743362831859), 1: np.float64(0.4117647058823529), 2: np.float64(0.42857142857142855), 3: np.float64(0.5333333333333333)}
2026-06-07 12:38:29 - src.models.hmm_engine - INFO - StockHMM_sh.600690状态校准完成: {0: np.float64(0.367816091954023), 1: np.float64(0.5463917525773195), 2: np.float64(0.4188034188034188), 3: np.float64(0.7692307692307693)}
2026-06-07 12:38:29 - src.models.hmm_engine - INFO - StockHMM_sh.600741状态校准完成: {0: np.float64(0.3979591836734694), 1: np.float64(0.43609022556390975), 2: np.float64(0.4098360655737705), 3: np.float64(0.7142857142857143)}
2026-06-07 12:38:29 - src.models.hmm_engine - INFO - StockHMM_sh.600760状态校准完成: {0: np.float64(0.40948275862068967), 1: np.float64(0.25), 2: np.float64(0.7659574468085106), 3: np.float64(0.35)}
2026-06-07 12:38:29 - src.models.hmm_engine - INFO - StockHMM_sh.600795状态校准完成: {0: np.float64(0.4489795918367347), 1: np.float64(0.6), 2: np.float64(0.5555555555555556), 3: np.float64(0.5340909090909091)}
2026-06-07 12:38:29 - src.models.hmm_engine - INFO - StockHMM_sh.600803状态校准完成: {0: np.float64(0.5483870967741935), 1: np.float64(0.5045871559633027), 2: np.float64(0.5130434782608696), 3: np.float64(0.4444444444444444)}
2026-06-07 12:38:29 - src.models.hmm_engine - INFO - StockHMM_sh.600809状态校准完成: {0: np.float64(0.746031746031746), 1: np.float64(0.30434782608695654), 2: np.float64(0.35714285714285715), 3: np.float64(0.41304347826086957)}
2026-06-07 12:38:29 - src.models.hmm_engine - INFO - StockHMM_sh.600845状态校准完成: {0: np.float64(0.4861111111111111), 1: np.float64(0.47), 2: np.float64(0.3875968992248062), 3: np.float64(0.46153846153846156)}
2026-06-07 12:38:29 - src.models.hmm_engine - INFO - StockHMM_sh.600875状态校准完成: {0: np.float64(0.43661971830985913), 1: np.float64(0.46551724137931033), 2: np.float64(0.6724137931034483), 3: np.float64(0.35365853658536583)}
2026-06-07 12:38:29 - src.models.hmm_engine - INFO - StockHMM_sh.600886状态校准完成: {0: np.float64(0.42142857142857143), 1: np.float64(0.5448275862068965), 2: np.float64(1.0), 3: np.float64(0.9512195121951219)}
2026-06-07 12:38:29 - src.models.hmm_engine - INFO - StockHMM_sh.600887状态校准完成: {0: np.float64(0.4025974025974026), 1: np.float64(0.504424778761062), 2: np.float64(0.5), 3: np.float64(0.5689655172413793)}
2026-06-07 12:38:29 - src.models.hmm_engine - INFO - StockHMM_sh.600893状态校准完成: {0: np.float64(0.33070866141732286), 1: np.float64(0.41935483870967744), 2: np.float64(0.5185185185185185), 3: np.float64(0.5909090909090909)}
2026-06-07 12:38:30 - src.models.hmm_engine - INFO - StockHMM_sh.600900状态校准完成: {0: np.float64(0.5609756097560976), 1: np.float64(0.5524475524475524), 2: np.float64(0.5247524752475248), 3: np.float64(1.0)}
2026-06-07 12:38:30 - src.models.hmm_engine - INFO - StockHMM_sh.600905状态校准完成: {0: np.float64(0.4024390243902439), 1: np.float64(0.4105263157894737), 2: np.float64(1.0), 3: np.float64(0.6851851851851852)}
2026-06-07 12:38:30 - src.models.hmm_engine - INFO - StockHMM_sh.600918状态校准完成: {0: np.float64(0.42276422764227645), 1: np.float64(0.5454545454545454), 2: np.float64(0.4583333333333333), 3: np.float64(0.36363636363636365)}
2026-06-07 12:38:30 - src.models.hmm_engine - INFO - StockHMM_sh.600919状态校准完成: {0: np.float64(0.6153846153846154), 1: np.float64(0.49612403100775193), 2: np.float64(0.7222222222222222), 3: np.float64(0.4909090909090909)}
2026-06-07 12:38:30 - src.models.hmm_engine - INFO - StockHMM_sh.600926状态校准完成: {0: np.float64(0.4715447154471545), 1: np.float64(0.4666666666666667), 2: np.float64(0.7735849056603774), 3: np.float64(1.0)}
2026-06-07 12:38:30 - src.models.hmm_engine - INFO - StockHMM_sh.600938状态校准完成: {0: np.float64(0.5254237288135594), 1: np.float64(0.56), 2: np.float64(0.6060606060606061), 3: np.float64(0.5111111111111111)}
2026-06-07 12:38:30 - src.models.hmm_engine - INFO - StockHMM_sh.600941状态校准完成: {0: np.float64(0.06896551724137931), 1: np.float64(0.5405405405405406), 2: np.float64(0.6491228070175439), 3: np.float64(0.5384615384615384)}
2026-06-07 12:38:30 - src.models.hmm_engine - INFO - StockHMM_sh.600958状态校准完成: {0: np.float64(0.3581081081081081), 1: np.float64(0.28), 2: np.float64(0.6046511627906976), 3: np.float64(0.5348837209302325)}
2026-06-07 12:38:30 - src.models.hmm_engine - INFO - StockHMM_sh.600989状态校准完成: {0: np.float64(0.5466666666666666), 1: np.float64(0.4387755102040816), 2: np.float64(0.8837209302325582), 3: np.float64(0.1111111111111111)}
2026-06-07 12:38:30 - src.models.hmm_engine - INFO - StockHMM_sh.600999状态校准完成: {0: np.float64(0.5227272727272727), 1: np.float64(0.5121951219512195), 2: np.float64(0.41714285714285715), 3: np.float64(0.5652173913043478)}
2026-06-07 12:38:30 - src.models.hmm_engine - INFO - StockHMM_sh.601006状态校准完成: {0: np.float64(0.4945652173913043), 1: np.float64(0.6857142857142857), 2: np.float64(0.5098039215686274), 3: np.float64(0.3333333333333333)}
2026-06-07 12:38:30 - src.models.hmm_engine - INFO - StockHMM_sh.601009状态校准完成: {0: np.float64(0.43157894736842106), 1: np.float64(0.5785714285714286), 2: np.float64(0.6506024096385542), 3: np.float64(0.6666666666666666)}
2026-06-07 12:38:30 - src.models.hmm_engine - INFO - StockHMM_sh.601012状态校准完成: {0: np.float64(0.36470588235294116), 1: np.float64(0.40268456375838924), 2: np.float64(0.6140350877192983), 3: np.float64(0.4444444444444444)}
2026-06-07 12:38:30 - src.models.hmm_engine - INFO - StockHMM_sh.601018状态校准完成: {0: np.float64(0.44660194174757284), 1: np.float64(1.0), 2: np.float64(0.5238095238095238), 3: np.float64(0.5)}
2026-06-07 12:38:30 - src.models.hmm_engine - INFO - StockHMM_sh.601021状态校准完成: {0: np.float64(0.46923076923076923), 1: np.float64(0.34234234234234234), 2: np.float64(0.6), 3: np.float64(1.0)}
2026-06-07 12:38:31 - src.models.hmm_engine - INFO - StockHMM_sh.601058状态校准完成: {0: np.float64(0.7746478873239436), 1: np.float64(0.4748201438848921), 2: np.float64(0.40425531914893614), 3: np.float64(0.08695652173913043)}
2026-06-07 12:38:31 - src.models.hmm_engine - INFO - StockHMM_sh.601059状态校准完成: {0: np.float64(0.37815126050420167), 1: np.float64(0.45614035087719296), 2: np.float64(0.6619718309859155), 3: np.float64(0.3625)}
2026-06-07 12:38:31 - src.models.hmm_engine - INFO - StockHMM_sh.601066状态校准完成: {0: np.float64(0.35877862595419846), 1: np.float64(0.6521739130434783), 2: np.float64(0.3020833333333333), 3: np.float64(0.6481481481481481)}
2026-06-07 12:38:31 - src.models.hmm_engine - INFO - StockHMM_sh.601077状态校准完成: {0: np.float64(0.5454545454545454), 1: np.float64(0.5116279069767442), 2: np.float64(0.5858585858585859), 3: np.float64(0.4868421052631579)}
2026-06-07 12:38:31 - src.models.hmm_engine - INFO - StockHMM_sh.601088状态校准完成: {0: np.float64(0.398876404494382), 1: np.float64(0.5471698113207547), 2: np.float64(1.0), 3: np.float64(1.0)}
2026-06-07 12:38:31 - src.models.hmm_engine - INFO - StockHMM_sh.601100状态校准完成: {0: np.float64(0.5869565217391305), 1: np.float64(0.3923076923076923), 2: np.float64(0.4166666666666667), 3: np.float64(0.4)}
2026-06-07 12:38:31 - src.models.hmm_engine - INFO - StockHMM_sh.601111状态校准完成: {0: np.float64(0.6238532110091743), 1: np.float64(0.41935483870967744), 2: np.float64(1.0), 3: np.float64(0.33064516129032256)}
2026-06-07 12:38:31 - src.models.hmm_engine - INFO - StockHMM_sh.601117状态校准完成: {0: np.float64(0.6440677966101694), 1: np.float64(0.543859649122807), 2: np.float64(0.43859649122807015), 3: np.float64(0.3402061855670103)}
2026-06-07 12:38:31 - src.models.hmm_engine - INFO - StockHMM_sh.601127状态校准完成: {0: np.float64(0.5172413793103449), 1: np.float64(0.4049586776859504), 2: np.float64(0.5833333333333334), 3: np.float64(0.5476190476190477)}
2026-06-07 12:38:31 - src.models.hmm_engine - INFO - StockHMM_sh.601136状态校准完成: {0: np.float64(0.38271604938271603), 1: np.float64(0.25), 2: np.float64(0.675), 3: np.float64(0.3867924528301887)}
2026-06-07 12:38:31 - src.models.hmm_engine - INFO - StockHMM_sh.601138状态校准完成: {0: np.float64(0.6764705882352942), 1: np.float64(0.3), 2: np.float64(0.7894736842105263), 3: np.float64(0.39669421487603307)}
2026-06-07 12:38:31 - src.models.hmm_engine - INFO - StockHMM_sh.601166状态校准完成: {0: np.float64(0.4906832298136646), 1: np.float64(0.5714285714285714), 2: np.float64(0.45454545454545453), 3: np.float64(0.5862068965517241)}
2026-06-07 12:38:31 - src.models.hmm_engine - INFO - StockHMM_sh.601169状态校准完成: {0: np.float64(0.5755395683453237), 1: np.float64(0.5208333333333334), 2: np.float64(0.4268292682926829), 3: np.float64(1.0)}
2026-06-07 12:38:31 - src.models.hmm_engine - INFO - StockHMM_sh.601186状态校准完成: {0: np.float64(0.391304347826087), 1: np.float64(0.4117647058823529), 2: np.float64(0.6382978723404256), 3: np.float64(0.37037037037037035)}
2026-06-07 12:38:31 - src.models.hmm_engine - INFO - StockHMM_sh.601211状态校准完成: {0: np.float64(0.43636363636363634), 1: np.float64(0.4314516129032258), 2: np.float64(1.0), 3: np.float64(1.0)}
2026-06-07 12:38:32 - src.models.hmm_engine - INFO - StockHMM_sh.601225状态校准完成: {0: np.float64(0.569620253164557), 1: np.float64(0.5747126436781609), 2: np.float64(0.5), 3: np.float64(1.0)}
2026-06-07 12:38:32 - src.models.hmm_engine - INFO - StockHMM_sh.601229状态校准完成: {0: np.float64(0.55), 1: np.float64(0.4642857142857143), 2: np.float64(0.7), 3: np.float64(0.5555555555555556)}
2026-06-07 12:38:32 - src.models.hmm_engine - INFO - StockHMM_sh.601236状态校准完成: {0: np.float64(0.4), 1: np.float64(0.6415094339622641), 2: np.float64(0.4318181818181818), 3: np.float64(0.3894736842105263)}
2026-06-07 12:38:32 - src.models.hmm_engine - INFO - StockHMM_sh.601238状态校准完成: {0: np.float64(0.37962962962962965), 1: np.float64(0.44761904761904764), 2: np.float64(0.39473684210526316), 3: np.float64(0.5789473684210527)}
2026-06-07 12:38:32 - src.models.hmm_engine - INFO - StockHMM_sh.601288状态校准完成: {0: np.float64(0.5263157894736842), 1: np.float64(0.5728155339805825), 2: np.float64(0.5), 3: np.float64(0.6111111111111112)}
2026-06-07 12:38:32 - src.models.hmm_engine - INFO - StockHMM_sh.601298状态校准完成: {0: np.float64(0.5714285714285714), 1: np.float64(0.5172413793103449), 2: np.float64(0.65), 3: np.float64(0.5378787878787878)}
2026-06-07 12:38:32 - src.models.hmm_engine - INFO - StockHMM_sh.601318状态校准完成: {0: np.float64(0.5833333333333334), 1: np.float64(0.38285714285714284), 2: np.float64(0.6477272727272727), 3: np.float64(0.475)}
2026-06-07 12:38:32 - src.models.hmm_engine - INFO - StockHMM_sh.601319状态校准完成: {0: np.float64(0.5), 1: np.float64(0.44274809160305345), 2: np.float64(0.6875), 3: np.float64(0.553030303030303)}
2026-06-07 12:38:32 - src.models.hmm_engine - INFO - StockHMM_sh.601328状态校准完成: {0: np.float64(0.632183908045977), 1: np.float64(0.5283018867924528), 2: np.float64(0.4166666666666667), 3: np.float64(0.5612244897959183)}
2026-06-07 12:38:32 - src.models.hmm_engine - INFO - StockHMM_sh.601336状态校准完成: {0: np.float64(0.43636363636363634), 1: np.float64(0.381294964028777), 2: np.float64(0.4672897196261682), 3: np.float64(0.7307692307692307)}
2026-06-07 12:38:32 - src.models.hmm_engine - INFO - StockHMM_sh.601360状态校准完成: {0: np.float64(0.6527777777777778), 1: np.float64(0.5333333333333333), 2: np.float64(0.34814814814814815), 3: np.float64(0.41333333333333333)}
2026-06-07 12:38:32 - src.models.hmm_engine - INFO - StockHMM_sh.601377状态校准完成: {0: np.float64(0.42857142857142855), 1: np.float64(0.3815028901734104), 2: np.float64(0.42045454545454547), 3: np.float64(0.7096774193548387)}
2026-06-07 12:38:32 - src.models.hmm_engine - INFO - StockHMM_sh.601390状态校准完成: {0: np.float64(0.40789473684210525), 1: np.float64(0.4367816091954023), 2: np.float64(0.5666666666666667), 3: np.float64(0.46153846153846156)}
2026-06-07 12:38:32 - src.models.hmm_engine - INFO - StockHMM_sh.601398状态校准完成: {0: np.float64(0.5714285714285714), 1: np.float64(0.5492957746478874), 2: np.float64(0.7058823529411765), 3: np.float64(0.55)}
2026-06-07 12:38:33 - src.models.hmm_engine - INFO - StockHMM_sh.601456状态校准完成: {0: np.float64(0.7692307692307693), 1: np.float64(0.367816091954023), 2: np.float64(0.5932203389830508), 3: np.float64(0.33613445378151263)}
2026-06-07 12:38:33 - src.models.hmm_engine - INFO - StockHMM_sh.601600状态校准完成: {0: np.float64(0.5555555555555556), 1: np.float64(0.46296296296296297), 2: np.float64(0.5346534653465347), 3: np.float64(0.390625)}
2026-06-07 12:38:33 - src.models.hmm_engine - INFO - StockHMM_sh.601601状态校准完成: {0: np.float64(0.40350877192982454), 1: np.float64(0.512), 2: np.float64(0.44545454545454544), 3: np.float64(0.8)}
2026-06-07 12:38:33 - src.models.hmm_engine - INFO - StockHMM_sh.601607状态校准完成: {0: np.float64(0.6451612903225806), 1: np.float64(0.5), 2: np.float64(0.5732484076433121), 3: np.float64(0.40963855421686746)}
2026-06-07 12:38:33 - src.models.hmm_engine - INFO - StockHMM_sh.601618状态校准完成: {0: np.float64(0.4195804195804196), 1: np.float64(0.4430379746835443), 2: np.float64(1.0), 3: np.float64(0.5353535353535354)}
2026-06-07 12:38:33 - src.models.hmm_engine - INFO - StockHMM_sh.601628状态校准完成: {0: np.float64(0.5645161290322581), 1: np.float64(0.5344827586206896), 2: np.float64(0.6), 3: np.float64(0.4014084507042254)}
2026-06-07 12:38:33 - src.models.hmm_engine - INFO - StockHMM_sh.601633状态校准完成: {0: np.float64(0.3855421686746988), 1: np.float64(0.4722222222222222), 2: np.float64(0.3557692307692308), 3: np.float64(0.75)}
2026-06-07 12:38:33 - src.models.hmm_engine - INFO - StockHMM_sh.601658状态校准完成: {0: np.float64(0.5168539325842697), 1: np.float64(0.5394736842105263), 2: np.float64(0.6666666666666666), 3: np.float64(0.4098360655737705)}
2026-06-07 12:38:33 - src.models.hmm_engine - INFO - StockHMM_sh.601668状态校准完成: {0: np.float64(0.4225352112676056), 1: np.float64(0.4523809523809524), 2: np.float64(0.6428571428571429), 3: np.float64(0.44554455445544555)}
2026-06-07 12:38:33 - src.models.hmm_engine - INFO - StockHMM_sh.601669状态校准完成: {0: np.float64(0.2711864406779661), 1: np.float64(0.43103448275862066), 2: np.float64(0.6379310344827587), 3: np.float64(0.44680851063829785)}
2026-06-07 12:38:33 - src.models.hmm_engine - INFO - StockHMM_sh.601688状态校准完成: {0: np.float64(0.5901639344262295), 1: np.float64(0.3860759493670886), 2: np.float64(0.5882352941176471), 3: np.float64(0.5540540540540541)}
2026-06-07 12:38:33 - src.models.hmm_engine - INFO - StockHMM_sh.601689状态校准完成: {0: np.float64(0.43661971830985913), 1: np.float64(0.5538461538461539), 2: np.float64(0.6265060240963856), 3: np.float64(0.3425925925925926)}
2026-06-07 12:38:33 - src.models.hmm_engine - INFO - StockHMM_sh.601698状态校准完成: {0: np.float64(0.6981132075471698), 1: np.float64(0.42962962962962964), 2: np.float64(0.3076923076923077), 3: np.float64(0.42)}
2026-06-07 12:38:33 - src.models.hmm_engine - INFO - StockHMM_sh.601728状态校准完成: {0: np.float64(0.6176470588235294), 1: np.float64(0.5555555555555556), 2: np.float64(0.484375), 3: np.float64(0.5314285714285715)}
2026-06-07 12:38:34 - src.models.hmm_engine - INFO - StockHMM_sh.601766状态校准完成: {0: np.float64(0.696078431372549), 1: np.float64(0.43478260869565216), 2: np.float64(0.7857142857142857), 3: np.float64(0.07352941176470588)}
2026-06-07 12:38:34 - src.models.hmm_engine - INFO - StockHMM_sh.601788状态校准完成: {0: np.float64(0.33884297520661155), 1: np.float64(0.3709677419354839), 2: np.float64(0.7222222222222222), 3: np.float64(0.45652173913043476)}
2026-06-07 12:38:34 - src.models.hmm_engine - INFO - StockHMM_sh.601800状态校准完成: {0: np.float64(0.4), 1: np.float64(0.32926829268292684), 2: np.float64(0.4791666666666667), 3: np.float64(0.6071428571428571)}
2026-06-07 12:38:34 - src.models.hmm_engine - INFO - StockHMM_sh.601808状态校准完成: {0: np.float64(0.7), 1: np.float64(0.4336283185840708), 2: np.float64(0.43859649122807015), 3: np.float64(0.4881889763779528)}
2026-06-07 12:38:34 - src.models.hmm_engine - INFO - StockHMM_sh.601816状态校准完成: {0: np.float64(0.4772727272727273), 1: np.float64(0.6122448979591837), 2: np.float64(1.0), 3: np.float64(0.42857142857142855)}
2026-06-07 12:38:34 - src.models.hmm_engine - INFO - StockHMM_sh.601818状态校准完成: {0: np.float64(0.4807692307692308), 1: np.float64(0.39622641509433965), 2: np.float64(0.6666666666666666), 3: np.float64(0.5796178343949044)}
2026-06-07 12:38:34 - src.models.hmm_engine - INFO - StockHMM_sh.601825状态校准完成: {0: np.float64(0.5961538461538461), 1: np.float64(0.5), 2: np.float64(0.5151515151515151), 3: np.float64(0.5849056603773585)}
2026-06-07 12:38:34 - src.models.hmm_engine - INFO - StockHMM_sh.601838状态校准完成: {0: np.float64(0.47560975609756095), 1: np.float64(0.4765625), 2: np.float64(0.4027777777777778), 3: np.float64(0.6888888888888889)}
2026-06-07 12:38:34 - src.models.hmm_engine - INFO - StockHMM_sh.601857状态校准完成: {0: np.float64(0.5263157894736842), 1: np.float64(0.48623853211009177), 2: np.float64(0.5841584158415841), 3: np.float64(0.45569620253164556)}
2026-06-07 12:38:34 - src.models.hmm_engine - INFO - StockHMM_sh.601868状态校准完成: {0: np.float64(0.4461538461538462), 1: np.float64(0.6571428571428571), 2: np.float64(0.75), 3: np.float64(0.25)}
2026-06-07 12:38:34 - src.models.hmm_engine - INFO - StockHMM_sh.601872状态校准完成: {0: np.float64(0.11904761904761904), 1: np.float64(0.9347826086956522), 2: np.float64(0.48936170212765956), 3: np.float64(0.4689655172413793)}
2026-06-07 12:38:34 - src.models.hmm_engine - INFO - StockHMM_sh.601877状态校准完成: {0: np.float64(0.6212121212121212), 1: np.float64(0.36538461538461536), 2: np.float64(1.0), 3: np.float64(0.43)}
2026-06-07 12:38:34 - src.models.hmm_engine - INFO - StockHMM_sh.601878状态校准完成: {0: np.float64(0.28888888888888886), 1: np.float64(0.7962962962962963), 2: np.float64(0.41509433962264153), 3: np.float64(0.4153846153846154)}
2026-06-07 12:38:34 - src.models.hmm_engine - INFO - StockHMM_sh.601881状态校准完成: {0: np.float64(0.3564356435643564), 1: np.float64(0.2807017543859649), 2: np.float64(0.55), 3: np.float64(0.75)}
2026-06-07 12:38:34 - src.models.hmm_engine - INFO - StockHMM_sh.601888状态校准完成: {0: np.float64(0.3007518796992481), 1: np.float64(0.3492063492063492), 2: np.float64(0.30985915492957744), 3: np.float64(0.7833333333333333)}
2026-06-07 12:38:35 - src.models.hmm_engine - INFO - StockHMM_sh.601898状态校准完成: {0: np.float64(0.18), 1: np.float64(0.46938775510204084), 2: np.float64(0.5203252032520326), 3: np.float64(0.875)}
2026-06-07 12:38:35 - src.models.hmm_engine - INFO - StockHMM_sh.601899状态校准完成: {0: np.float64(0.45161290322580644), 1: np.float64(0.4603174603174603), 2: np.float64(0.5048543689320388), 3: np.float64(0.7837837837837838)}
2026-06-07 12:38:35 - src.models.hmm_engine - INFO - StockHMM_sh.601901状态校准完成: {0: np.float64(0.65625), 1: np.float64(0.47560975609756095), 2: np.float64(0.42857142857142855), 3: np.float64(0.4166666666666667)}
2026-06-07 12:38:35 - src.models.hmm_engine - INFO - StockHMM_sh.601916状态校准完成: {0: np.float64(0.6179775280898876), 1: np.float64(0.4657534246575342), 2: np.float64(0.38823529411764707), 3: np.float64(1.0)}
2026-06-07 12:38:35 - src.models.hmm_engine - INFO - StockHMM_sh.601919状态校准完成: {0: np.float64(0.44565217391304346), 1: np.float64(0.5443037974683544), 2: np.float64(0.6533333333333333), 3: np.float64(0.0)}
2026-06-07 12:38:35 - src.models.hmm_engine - INFO - StockHMM_sh.601939状态校准完成: {0: np.float64(0.5), 1: np.float64(0.5555555555555556), 2: np.float64(0.5691489361702128), 3: np.float64(1.0)}
2026-06-07 12:38:35 - src.models.hmm_engine - INFO - StockHMM_sh.601985状态校准完成: {0: np.float64(0.17777777777777778), 1: np.float64(0.9772727272727273), 2: np.float64(0.55), 3: np.float64(0.5434782608695652)}
2026-06-07 12:38:35 - src.models.hmm_engine - INFO - StockHMM_sh.601988状态校准完成: {0: np.float64(0.5689655172413793), 1: np.float64(0.5656565656565656), 2: np.float64(1.0), 3: np.float64(0.5443786982248521)}
2026-06-07 12:38:35 - src.models.hmm_engine - INFO - StockHMM_sh.601995状态校准完成: {0: np.float64(0.3684210526315789), 1: np.float64(0.4174757281553398), 2: np.float64(0.4888888888888889), 3: np.float64(0.4880952380952381)}
2026-06-07 12:38:35 - src.models.hmm_engine - INFO - StockHMM_sh.601998状态校准完成: {0: np.float64(0.5955056179775281), 1: np.float64(0.4583333333333333), 2: np.float64(0.5813953488372093), 3: np.float64(0.48484848484848486)}
2026-06-07 12:38:35 - src.models.hmm_engine - INFO - StockHMM_sh.603019状态校准完成: {0: np.float64(0.2692307692307692), 1: np.float64(0.6190476190476191), 2: np.float64(0.918918918918919), 3: np.float64(0.3383458646616541)}
2026-06-07 12:38:35 - src.models.hmm_engine - INFO - StockHMM_sh.603195状态校准完成: {0: np.float64(0.42391304347826086), 1: np.float64(0.42857142857142855), 2: np.float64(1.0), 3: np.float64(0.6730769230769231)}
2026-06-07 12:38:35 - src.models.hmm_engine - INFO - StockHMM_sh.603259状态校准完成: {0: np.float64(0.45), 1: np.float64(0.46774193548387094), 2: np.float64(0.44660194174757284), 3: np.float64(0.4032258064516129)}
2026-06-07 12:38:35 - src.models.hmm_engine - INFO - StockHMM_sh.603260状态校准完成: {0: np.float64(0.35964912280701755), 1: np.float64(0.5494505494505495), 2: np.float64(0.65625), 3: np.float64(0.4222222222222222)}
2026-06-07 12:38:35 - src.models.hmm_engine - INFO - StockHMM_sh.603288状态校准完成: {0: np.float64(0.3835616438356164), 1: np.float64(0.42105263157894735), 2: np.float64(0.75), 3: np.float64(0.0)}
2026-06-07 12:38:36 - src.models.hmm_engine - INFO - StockHMM_sh.603296状态校准完成: {0: np.float64(0.38317757009345793), 1: np.float64(0.8888888888888888), 2: np.float64(0.5294117647058824), 3: np.float64(0.3333333333333333)}
2026-06-07 12:38:36 - src.models.hmm_engine - INFO - StockHMM_sh.603369状态校准完成: {0: np.float64(0.40310077519379844), 1: np.float64(0.35714285714285715), 2: np.float64(0.9523809523809523), 3: np.float64(0.16666666666666666)}
2026-06-07 12:38:36 - src.models.hmm_engine - INFO - StockHMM_sh.603392状态校准完成: {0: np.float64(0.43537414965986393), 1: np.float64(0.4745762711864407), 2: np.float64(0.4492753623188406), 3: np.float64(0.6153846153846154)}
2026-06-07 12:38:36 - src.models.hmm_engine - INFO - StockHMM_sh.603501状态校准完成: {0: np.float64(0.475), 1: np.float64(0.39705882352941174), 2: np.float64(0.7948717948717948), 3: np.float64(0.44)}
2026-06-07 12:38:36 - src.models.hmm_engine - INFO - StockHMM_sh.603799状态校准完成: {0: np.float64(0.3333333333333333), 1: np.float64(0.34444444444444444), 2: np.float64(0.95), 3: np.float64(0.36585365853658536)}
2026-06-07 12:38:36 - src.models.hmm_engine - INFO - StockHMM_sh.603893状态校准完成: {0: np.float64(0.5607476635514018), 1: np.float64(0.5135135135135135), 2: np.float64(0.3710691823899371), 3: np.float64(0.6666666666666666)}
2026-06-07 12:38:36 - src.models.hmm_engine - INFO - StockHMM_sh.603986状态校准完成: {0: np.float64(0.4304635761589404), 1: np.float64(0.3620689655172414), 2: np.float64(0.9473684210526315), 3: np.float64(0.6363636363636364)}
2026-06-07 12:38:36 - src.models.hmm_engine - INFO - StockHMM_sh.603993状态校准完成: {0: np.float64(0.4765625), 1: np.float64(0.5542168674698795), 2: np.float64(0.42028985507246375), 3: np.float64(0.5957446808510638)}
2026-06-07 12:38:36 - src.models.hmm_engine - INFO - StockHMM_sh.605117状态校准完成: {0: np.float64(0.9761904761904762), 1: np.float64(0.3508771929824561), 2: np.float64(0.4351851851851852), 3: np.float64(0.2698412698412698)}
2026-06-07 12:38:36 - src.models.hmm_engine - INFO - StockHMM_sh.605499状态校准完成: {0: np.float64(0.4418604651162791), 1: np.float64(0.6486486486486487), 2: np.float64(0.559322033898305), 3: np.float64(0.4689655172413793)}
2026-06-07 12:38:36 - src.models.hmm_engine - INFO - StockHMM_sh.688008状态校准完成: {0: np.float64(0.5), 1: np.float64(0.43137254901960786), 2: np.float64(0.6923076923076923), 3: np.float64(0.5096774193548387)}
2026-06-07 12:38:36 - src.models.hmm_engine - INFO - StockHMM_sh.688009状态校准完成: {0: np.float64(0.4807692307692308), 1: np.float64(0.4111111111111111), 2: np.float64(0.5625), 3: np.float64(1.0)}
2026-06-07 12:38:36 - src.models.hmm_engine - INFO - StockHMM_sh.688012状态校准完成: {0: np.float64(0.6091954022988506), 1: np.float64(0.6666666666666666), 2: np.float64(0.43258426966292135), 3: np.float64(0.45454545454545453)}
2026-06-07 12:38:36 - src.models.hmm_engine - INFO - StockHMM_sh.688036状态校准完成: {0: np.float64(0.4222222222222222), 1: np.float64(0.6052631578947368), 2: np.float64(0.42342342342342343), 3: np.float64(0.4418604651162791)}
2026-06-07 12:38:36 - src.models.hmm_engine - INFO - StockHMM_sh.688041状态校准完成: {0: np.float64(0.6454545454545455), 1: np.float64(0.4), 2: np.float64(0.5833333333333334), 3: np.float64(0.41830065359477125)}
2026-06-07 12:38:36 - src.models.hmm_engine - INFO - StockHMM_sh.688047状态校准完成: {0: np.float64(0.5826086956521739), 1: np.float64(0.3972602739726027), 2: np.float64(0.4098360655737705), 3: np.float64(0.7647058823529411)}
2026-06-07 12:38:36 - src.models.hmm_engine - INFO - StockHMM_sh.688082状态校准完成: {0: np.float64(0.6923076923076923), 1: np.float64(0.5352112676056338), 2: np.float64(0.3937007874015748), 3: np.float64(0.42718446601941745)}
2026-06-07 12:38:37 - src.models.hmm_engine - INFO - StockHMM_sh.688111状态校准完成: {0: np.float64(0.3880597014925373), 1: np.float64(0.43956043956043955), 2: np.float64(0.2982456140350877), 3: np.float64(0.6666666666666666)}
2026-06-07 12:38:37 - src.models.hmm_engine - INFO - StockHMM_sh.688126状态校准完成: {0: np.float64(0.4523809523809524), 1: np.float64(0.391304347826087), 2: np.float64(0.3333333333333333), 3: np.float64(0.5)}
2026-06-07 12:38:37 - src.models.hmm_engine - INFO - StockHMM_sh.688169状态校准完成: {0: np.float64(0.39285714285714285), 1: np.float64(0.5213675213675214), 2: np.float64(0.4883720930232558), 3: np.float64(0.48)}
2026-06-07 12:38:37 - src.models.hmm_engine - INFO - StockHMM_sh.688187状态校准完成: {0: np.float64(0.4444444444444444), 1: np.float64(0.75), 2: np.float64(0.41739130434782606), 3: np.float64(0.34285714285714286)}
2026-06-07 12:38:37 - src.models.hmm_engine - INFO - StockHMM_sh.688223状态校准完成: {0: np.float64(0.42857142857142855), 1: np.float64(0.37362637362637363), 2: np.float64(0.425), 3: np.float64(0.6086956521739131)}
2026-06-07 12:38:37 - src.models.hmm_engine - INFO - StockHMM_sh.688256状态校准完成: {0: np.float64(0.4406779661016949), 1: np.float64(0.5625), 2: np.float64(0.7142857142857143), 3: np.float64(0.47619047619047616)}
2026-06-07 12:38:37 - src.models.hmm_engine - INFO - StockHMM_sh.688271状态校准完成: {0: np.float64(0.36764705882352944), 1: np.float64(0.41732283464566927), 2: np.float64(0.6153846153846154), 3: np.float64(0.5483870967741935)}
2026-06-07 12:38:37 - src.models.hmm_engine - INFO - StockHMM_sh.688303状态校准完成: {0: np.float64(0.44776119402985076), 1: np.float64(0.4088050314465409), 2: np.float64(0.3968253968253968), 3: np.float64(0.5)}
2026-06-07 12:38:37 - src.models.hmm_engine - INFO - StockHMM_sh.688396状态校准完成: {0: np.float64(0.5714285714285714), 1: np.float64(0.34513274336283184), 2: np.float64(0.5172413793103449), 3: np.float64(0.4262295081967213)}
2026-06-07 12:38:37 - src.models.hmm_engine - INFO - StockHMM_sh.688472状态校准完成: {0: np.float64(0.449438202247191), 1: np.float64(0.76), 2: np.float64(0.4791666666666667), 3: np.float64(0.22093023255813954)}
2026-06-07 12:38:37 - src.models.hmm_engine - INFO - StockHMM_sh.688506状态校准完成: {0: np.float64(0.5538461538461539), 1: np.float64(0.313953488372093), 2: np.float64(0.7021276595744681), 3: np.float64(0.4806201550387597)}
2026-06-07 12:38:37 - src.models.hmm_engine - INFO - StockHMM_sh.688981状态校准完成: {0: np.float64(0.7142857142857143), 1: np.float64(0.4375), 2: np.float64(0.5255474452554745), 3: np.float64(0.421875)}
2026-06-07 12:38:37 - src.models.hmm_engine - INFO - StockHMM_sz.000001状态校准完成: {0: np.float64(0.41509433962264153), 1: np.float64(0.7297297297297297), 2: np.float64(0.45454545454545453), 3: np.float64(0.37362637362637363)}
2026-06-07 12:38:37 - src.models.hmm_engine - INFO - StockHMM_sz.000002状态校准完成: {0: np.float64(0.6491228070175439), 1: np.float64(0.36046511627906974), 2: np.float64(0.29), 3: np.float64(0.32142857142857145)}
2026-06-07 12:38:37 - src.models.hmm_engine - INFO - StockHMM_sz.000063状态校准完成: {0: np.float64(0.4845360824742268), 1: np.float64(0.4166666666666667), 2: np.float64(0.4090909090909091), 3: np.float64(0.6590909090909091)}
2026-06-07 12:38:38 - src.models.hmm_engine - INFO - StockHMM_sz.000100状态校准完成: {0: np.float64(0.6538461538461539), 1: np.float64(0.5), 2: np.float64(0.5446428571428571), 3: np.float64(0.4675324675324675)}
2026-06-07 12:38:38 - src.models.hmm_engine - INFO - StockHMM_sz.000157状态校准完成: {0: np.float64(0.8070175438596491), 1: np.float64(0.4017094017094017), 2: np.float64(0.4297520661157025), 3: np.float64(0.53125)}
2026-06-07 12:38:38 - src.models.hmm_engine - INFO - StockHMM_sz.000166状态校准完成: {0: np.float64(0.5555555555555556), 1: np.float64(0.3968253968253968), 2: np.float64(0.5774647887323944), 3: np.float64(0.5909090909090909)}
2026-06-07 12:38:38 - src.models.hmm_engine - INFO - StockHMM_sz.000301状态校准完成: {0: np.float64(0.5833333333333334), 1: np.float64(0.36923076923076925), 2: np.float64(0.3805970149253731), 3: np.float64(0.39705882352941174)}
2026-06-07 12:38:38 - src.models.hmm_engine - INFO - StockHMM_sz.000333状态校准完成: {0: np.float64(0.42592592592592593), 1: np.float64(0.509090909090909), 2: np.float64(0.5422535211267606), 3: np.float64(0.6666666666666666)}
2026-06-07 12:38:38 - src.models.hmm_engine - INFO - StockHMM_sz.000338状态校准完成: {0: np.float64(0.5384615384615384), 1: np.float64(0.5163934426229508), 2: np.float64(0.6410256410256411), 3: np.float64(0.41333333333333333)}
2026-06-07 12:38:38 - src.models.hmm_engine - INFO - StockHMM_sz.000408状态校准完成: {0: np.float64(0.45901639344262296), 1: np.float64(0.7222222222222222), 2: np.float64(0.5104895104895105), 3: np.float64(0.125)}
2026-06-07 12:38:38 - src.models.hmm_engine - INFO - StockHMM_sz.000425状态校准完成: {0: np.float64(0.4380952380952381), 1: np.float64(0.4025974025974026), 2: np.float64(0.44565217391304346), 3: np.float64(0.6792452830188679)}
2026-06-07 12:38:38 - src.models.hmm_engine - INFO - StockHMM_sz.000538状态校准完成: {0: np.float64(0.44554455445544555), 1: np.float64(0.59375), 2: np.float64(1.0), 3: np.float64(0.5031055900621118)}
2026-06-07 12:38:38 - src.models.hmm_engine - INFO - StockHMM_sz.000568状态校准完成: {0: np.float64(0.35398230088495575), 1: np.float64(0.1111111111111111), 2: np.float64(0.3380281690140845), 3: np.float64(1.0)}
2026-06-07 12:38:38 - src.models.hmm_engine - INFO - StockHMM_sz.000596状态校准完成: {0: np.float64(0.0), 1: np.float64(0.8307692307692308), 2: np.float64(0.38392857142857145), 3: np.float64(0.40350877192982454)}
2026-06-07 12:38:38 - src.models.hmm_engine - INFO - StockHMM_sz.000617状态校准完成: {0: np.float64(0.34375), 1: np.float64(0.3492822966507177), 2: np.float64(0.6607142857142857), 3: np.float64(0.43333333333333335)}
2026-06-07 12:38:38 - src.models.hmm_engine - INFO - StockHMM_sz.000625状态校准完成: {0: np.float64(1.0), 1: np.float64(0.45751633986928103), 2: np.float64(0.2542372881355932), 3: np.float64(0.42857142857142855)}
2026-06-07 12:38:38 - src.models.hmm_engine - INFO - StockHMM_sz.000630状态校准完成: {0: np.float64(0.4383561643835616), 1: np.float64(0.5737704918032787), 2: np.float64(0.34959349593495936), 3: np.float64(0.5571428571428572)}
2026-06-07 12:38:38 - src.models.hmm_engine - INFO - StockHMM_sz.000651状态校准完成: {0: np.float64(0.45588235294117646), 1: np.float64(0.46), 2: np.float64(0.38461538461538464), 3: np.float64(0.6923076923076923)}
2026-06-07 12:38:39 - src.models.hmm_engine - INFO - StockHMM_sz.000661状态校准完成: {0: np.float64(0.6585365853658537), 1: np.float64(0.43478260869565216), 2: np.float64(0.41414141414141414), 3: np.float64(0.4027777777777778)}
2026-06-07 12:38:39 - src.models.hmm_engine - INFO - StockHMM_sz.000708状态校准完成: {0: np.float64(0.4588235294117647), 1: np.float64(0.3977272727272727), 2: np.float64(0.7380952380952381), 3: np.float64(0.4017857142857143)}
2026-06-07 12:38:39 - src.models.hmm_engine - INFO - StockHMM_sz.000725状态校准完成: {0: np.float64(0.575), 1: np.float64(0.4375), 2: np.float64(0.49504950495049505), 3: np.float64(0.527027027027027)}
2026-06-07 12:38:39 - src.models.hmm_engine - INFO - StockHMM_sz.000768状态校准完成: {0: np.float64(0.4740740740740741), 1: np.float64(0.49230769230769234), 2: np.float64(0.4878048780487805), 3: np.float64(0.43023255813953487)}
2026-06-07 12:38:39 - src.models.hmm_engine - INFO - StockHMM_sz.000776状态校准完成: {0: np.float64(0.5), 1: np.float64(0.3458646616541353), 2: np.float64(0.41284403669724773), 3: np.float64(0.6216216216216216)}
2026-06-07 12:38:39 - src.models.hmm_engine - INFO - StockHMM_sz.000786状态校准完成: {0: np.float64(0.4406779661016949), 1: np.float64(0.38461538461538464), 2: np.float64(0.40298507462686567), 3: np.float64(0.868421052631579)}
2026-06-07 12:38:39 - src.models.hmm_engine - INFO - StockHMM_sz.000792状态校准完成: {0: np.float64(0.7884615384615384), 1: np.float64(0.3577981651376147), 2: np.float64(0.38372093023255816), 3: np.float64(0.375)}
2026-06-07 12:38:39 - src.models.hmm_engine - INFO - StockHMM_sz.000807状态校准完成: {0: np.float64(0.41911764705882354), 1: np.float64(0.9523809523809523), 2: np.float64(0.17647058823529413), 3: np.float64(0.41739130434782606)}
2026-06-07 12:38:39 - src.models.hmm_engine - INFO - StockHMM_sz.000858状态校准完成: {0: np.float64(0.3983739837398374), 1: np.float64(0.35668789808917195), 2: np.float64(0.5), 3: np.float64(0.7555555555555555)}
2026-06-07 12:38:39 - src.models.hmm_engine - INFO - StockHMM_sz.000876状态校准完成: {0: np.float64(0.44370860927152317), 1: np.float64(0.3333333333333333), 2: np.float64(0.6101694915254238), 3: np.float64(0.5)}
2026-06-07 12:38:39 - src.models.hmm_engine - INFO - StockHMM_sz.000895状态校准完成: {0: np.float64(0.5882352941176471), 1: np.float64(0.5327868852459017), 2: np.float64(1.0), 3: np.float64(0.4632352941176471)}
2026-06-07 12:38:39 - src.models.hmm_engine - INFO - StockHMM_sz.000938状态校准完成: {0: np.float64(0.8387096774193549), 1: np.float64(0.45), 2: np.float64(0.3786407766990291), 3: np.float64(0.5283018867924528)}
2026-06-07 12:38:39 - src.models.hmm_engine - INFO - StockHMM_sz.000963状态校准完成: {0: np.float64(0.4025974025974026), 1: np.float64(0.40217391304347827), 2: np.float64(0.44155844155844154), 3: np.float64(0.6666666666666666)}
2026-06-07 12:38:39 - src.models.hmm_engine - INFO - StockHMM_sz.000975状态校准完成: {0: np.float64(0.49193548387096775), 1: np.float64(0.5217391304347826), 2: np.float64(0.47058823529411764), 3: np.float64(0.5)}
2026-06-07 12:38:39 - src.models.hmm_engine - INFO - StockHMM_sz.000977状态校准完成: {0: np.float64(0.47560975609756095), 1: np.float64(0.5211267605633803), 2: np.float64(0.66), 3: np.float64(0.4274193548387097)}
2026-06-07 12:38:39 - src.models.hmm_engine - INFO - StockHMM_sz.000983状态校准完成: {0: np.float64(0.46153846153846156), 1: np.float64(0.8235294117647058), 2: np.float64(0.4), 3: np.float64(0.4954128440366973)}
2026-06-07 12:38:40 - src.models.hmm_engine - INFO - StockHMM_sz.000999状态校准完成: {0: np.float64(0.1111111111111111), 1: np.float64(0.4452054794520548), 2: np.float64(0.9107142857142857), 3: np.float64(0.46938775510204084)}
2026-06-07 12:38:40 - src.models.hmm_engine - INFO - StockHMM_sz.001965状态校准完成: {0: np.float64(0.5533980582524272), 1: np.float64(0.4878048780487805), 2: np.float64(0.6171875), 3: np.float64(0.5818181818181818)}
2026-06-07 12:38:40 - src.models.hmm_engine - INFO - StockHMM_sz.001979状态校准完成: {0: np.float64(0.3515625), 1: np.float64(0.313953488372093), 2: np.float64(0.7758620689655172), 3: np.float64(0.6181818181818182)}
2026-06-07 12:38:40 - src.models.hmm_engine - INFO - StockHMM_sz.002001状态校准完成: {0: np.float64(0.5379746835443038), 1: np.float64(0.4647887323943662), 2: np.float64(0.625), 3: np.float64(0.48)}
2026-06-07 12:38:40 - src.models.hmm_engine - INFO - StockHMM_sz.002027状态校准完成: {0: np.float64(0.4336283185840708), 1: np.float64(0.6382978723404256), 2: np.float64(0.4215686274509804), 3: np.float64(0.36923076923076925)}
2026-06-07 12:38:40 - src.models.hmm_engine - INFO - StockHMM_sz.002028状态校准完成: {0: np.float64(0.9591836734693877), 1: np.float64(0.49514563106796117), 2: np.float64(0.12), 3: np.float64(0.4533333333333333)}
2026-06-07 12:38:40 - src.models.hmm_engine - INFO - StockHMM_sz.002049状态校准完成: {0: np.float64(0.6216216216216216), 1: np.float64(0.4090909090909091), 2: np.float64(0.41007194244604317), 3: np.float64(0.42857142857142855)}
2026-06-07 12:38:40 - src.models.hmm_engine - INFO - StockHMM_sz.002050状态校准完成: {0: np.float64(0.3524590163934426), 1: np.float64(0.4782608695652174), 2: np.float64(0.45901639344262296), 3: np.float64(0.7115384615384616)}
2026-06-07 12:38:40 - src.models.hmm_engine - INFO - StockHMM_sz.002074状态校准完成: {0: np.float64(0.4375), 1: np.float64(0.8918918918918919), 2: np.float64(0.3584905660377358), 3: np.float64(0.4155844155844156)}
2026-06-07 12:38:40 - src.models.hmm_engine - INFO - StockHMM_sz.002142状态校准完成: {0: np.float64(0.696969696969697), 1: np.float64(0.3474576271186441), 2: np.float64(0.2542372881355932), 3: np.float64(0.6379310344827587)}
2026-06-07 12:38:40 - src.models.hmm_engine - INFO - StockHMM_sz.002179状态校准完成: {0: np.float64(0.4074074074074074), 1: np.float64(0.76), 2: np.float64(0.38926174496644295), 3: np.float64(0.48936170212765956)}
2026-06-07 12:38:40 - src.models.hmm_engine - INFO - StockHMM_sz.002230状态校准完成: {0: np.float64(0.4838709677419355), 1: np.float64(0.3300970873786408), 2: np.float64(0.7123287671232876), 3: np.float64(0.39325842696629215)}
2026-06-07 12:38:40 - src.models.hmm_engine - INFO - StockHMM_sz.002236状态校准完成: {0: np.float64(0.4050632911392405), 1: np.float64(0.42424242424242425), 2: np.float64(0.625), 3: np.float64(0.3644067796610169)}
2026-06-07 12:38:40 - src.models.hmm_engine - INFO - StockHMM_sz.002241状态校准完成: {0: np.float64(0.5233644859813084), 1: np.float64(0.42016806722689076), 2: np.float64(0.9655172413793104), 3: np.float64(0.4305555555555556)}
2026-06-07 12:38:40 - src.models.hmm_engine - INFO - StockHMM_sz.002252状态校准完成: {0: np.float64(0.6), 1: np.float64(0.5202702702702703), 2: np.float64(0.5), 3: np.float64(0.4)}
2026-06-07 12:38:41 - src.models.hmm_engine - INFO - StockHMM_sz.002304状态校准完成: {0: np.float64(0.40860215053763443), 1: np.float64(0.32954545454545453), 2: np.float64(0.39215686274509803), 3: np.float64(0.6590909090909091)}
2026-06-07 12:38:41 - src.models.hmm_engine - INFO - StockHMM_sz.002311状态校准完成: {0: np.float64(0.33986928104575165), 1: np.float64(0.37142857142857144), 2: np.float64(0.75), 3: np.float64(1.0)}
2026-06-07 12:38:41 - src.models.hmm_engine - INFO - StockHMM_sz.002352状态校准完成: {0: np.float64(0.3390804597701149), 1: np.float64(0.5333333333333333), 2: np.float64(0.8064516129032258), 3: np.float64(0.42105263157894735)}
2026-06-07 12:38:41 - src.models.hmm_engine - INFO - StockHMM_sz.002371状态校准完成: {0: np.float64(0.4666666666666667), 1: np.float64(0.3983739837398374), 2: np.float64(0.8947368421052632), 3: np.float64(0.39622641509433965)}
2026-06-07 12:38:41 - src.models.hmm_engine - INFO - StockHMM_sz.002384状态校准完成: {0: np.float64(0.6712328767123288), 1: np.float64(0.34965034965034963), 2: np.float64(0.5076923076923077), 3: np.float64(0.391304347826087)}
2026-06-07 12:38:41 - src.models.hmm_engine - INFO - StockHMM_sz.002415状态校准完成: {0: np.float64(0.3888888888888889), 1: np.float64(0.6808510638297872), 2: np.float64(0.38613861386138615), 3: np.float64(0.42857142857142855)}
2026-06-07 12:38:41 - src.models.hmm_engine - INFO - StockHMM_sz.002422状态校准完成: {0: np.float64(0.43478260869565216), 1: np.float64(0.6065573770491803), 2: np.float64(0.44047619047619047), 3: np.float64(0.415929203539823)}
2026-06-07 12:38:41 - src.models.hmm_engine - INFO - StockHMM_sz.002459状态校准完成: {0: np.float64(0.27184466019417475), 1: np.float64(0.3333333333333333), 2: np.float64(0.4157303370786517), 3: np.float64(0.6944444444444444)}
2026-06-07 12:38:41 - src.models.hmm_engine - INFO - StockHMM_sz.002460状态校准完成: {0: np.float64(0.3670886075949367), 1: np.float64(0.4461538461538462), 2: np.float64(0.3305084745762712), 3: np.float64(0.7076923076923077)}
2026-06-07 12:38:41 - src.models.hmm_engine - INFO - StockHMM_sz.002463状态校准完成: {0: np.float64(0.6), 1: np.float64(0.47115384615384615), 2: np.float64(0.4740740740740741), 3: np.float64(0.7391304347826086)}
2026-06-07 12:38:41 - src.models.hmm_engine - INFO - StockHMM_sz.002466状态校准完成: {0: np.float64(0.7708333333333334), 1: np.float64(0.28846153846153844), 2: np.float64(0.344), 3: np.float64(0.48)}
2026-06-07 12:38:41 - src.models.hmm_engine - INFO - StockHMM_sz.002475状态校准完成: {0: np.float64(0.8809523809523809), 1: np.float64(0.45054945054945056), 2: np.float64(0.4588235294117647), 3: np.float64(0.44036697247706424)}
2026-06-07 12:38:41 - src.models.hmm_engine - INFO - StockHMM_sz.002493状态校准完成: {0: np.float64(0.75), 1: np.float64(0.33), 2: np.float64(0.5148514851485149), 3: np.float64(0.38181818181818183)}
2026-06-07 12:38:41 - src.models.hmm_engine - INFO - StockHMM_sz.002594状态校准完成: {0: np.float64(0.8157894736842105), 1: np.float64(0.37606837606837606), 2: np.float64(0.43636363636363634), 3: np.float64(0.452991452991453)}
2026-06-07 12:38:41 - src.models.hmm_engine - INFO - StockHMM_sz.002600状态校准完成: {0: np.float64(0.4230769230769231), 1: np.float64(0.43636363636363634), 2: np.float64(1.0), 3: np.float64(0.38848920863309355)}
2026-06-07 12:38:42 - src.models.hmm_engine - INFO - StockHMM_sz.002601状态校准完成: {0: np.float64(0.40298507462686567), 1: np.float64(0.9696969696969697), 2: np.float64(0.44047619047619047), 3: np.float64(0.3684210526315789)}
2026-06-07 12:38:42 - src.models.hmm_engine - INFO - StockHMM_sz.002625状态校准完成: {0: np.float64(0.527027027027027), 1: np.float64(0.5), 2: np.float64(0.37037037037037035), 3: np.float64(0.72)}
2026-06-07 12:38:42 - src.models.hmm_engine - INFO - StockHMM_sz.002648状态校准完成: {0: np.float64(0.5294117647058824), 1: np.float64(0.4295774647887324), 2: np.float64(0.6122448979591837), 3: np.float64(0.4235294117647059)}
2026-06-07 12:38:42 - src.models.hmm_engine - INFO - StockHMM_sz.002709状态校准完成: {0: np.float64(0.6829268292682927), 1: np.float64(0.28688524590163933), 2: np.float64(0.3225806451612903), 3: np.float64(0.3114754098360656)}
2026-06-07 12:38:42 - src.models.hmm_engine - INFO - StockHMM_sz.002714状态校准完成: {0: np.float64(0.39869281045751637), 1: np.float64(0.4426229508196721), 2: np.float64(0.6862745098039216), 3: np.float64(1.0)}
2026-06-07 12:38:42 - src.models.hmm_engine - INFO - StockHMM_sz.002736状态校准完成: {0: np.float64(0.43478260869565216), 1: np.float64(0.5609756097560976), 2: np.float64(0.5769230769230769), 3: np.float64(0.4110429447852761)}
2026-06-07 12:38:42 - src.models.hmm_engine - INFO - StockHMM_sz.002916状态校准完成: {0: np.float64(0.4606741573033708), 1: np.float64(0.4805194805194805), 2: np.float64(0.42727272727272725), 3: np.float64(0.7450980392156863)}
2026-06-07 12:38:42 - src.models.hmm_engine - INFO - StockHMM_sz.002920状态校准完成: {0: np.float64(0.37), 1: np.float64(0.22330097087378642), 2: np.float64(0.6585365853658537), 3: np.float64(0.6144578313253012)}
2026-06-07 12:38:42 - src.models.hmm_engine - INFO - StockHMM_sz.002938状态校准完成: {0: np.float64(0.7083333333333334), 1: np.float64(0.37755102040816324), 2: np.float64(0.5652173913043478), 3: np.float64(0.42857142857142855)}
2026-06-07 12:38:42 - src.models.hmm_engine - INFO - StockHMM_sz.003816状态校准完成: {0: np.float64(0.6461538461538462), 1: np.float64(0.5247524752475248), 2: np.float64(0.5545454545454546), 3: np.float64(0.5098039215686274)}
2026-06-07 12:38:42 - src.models.hmm_engine - INFO - StockHMM_sz.300014状态校准完成: {0: np.float64(0.3076923076923077), 1: np.float64(0.6222222222222222), 2: np.float64(0.8846153846153846), 3: np.float64(0.33783783783783783)}
2026-06-07 12:38:42 - src.models.hmm_engine - INFO - StockHMM_sz.300015状态校准完成: {0: np.float64(0.29347826086956524), 1: np.float64(0.4444444444444444), 2: np.float64(0.7111111111111111), 3: np.float64(0.4084507042253521)}
2026-06-07 12:38:42 - src.models.hmm_engine - INFO - StockHMM_sz.300033状态校准完成: {0: np.float64(0.3492063492063492), 1: np.float64(0.4888888888888889), 2: np.float64(0.581081081081081), 3: np.float64(0.8421052631578947)}
2026-06-07 12:38:42 - src.models.hmm_engine - INFO - StockHMM_sz.300059状态校准完成: {0: np.float64(0.42857142857142855), 1: np.float64(0.33014354066985646), 2: np.float64(0.6666666666666666), 3: np.float64(0.6792452830188679)}
2026-06-07 12:38:42 - src.models.hmm_engine - INFO - StockHMM_sz.300122状态校准完成: {0: np.float64(0.3025210084033613), 1: np.float64(0.3969465648854962), 2: np.float64(0.5), 3: np.float64(0.6666666666666666)}
2026-06-07 12:38:42 - src.models.hmm_engine - INFO - StockHMM_sz.300124状态校准完成: {0: np.float64(0.45054945054945056), 1: np.float64(0.41875), 2: np.float64(0.56), 3: np.float64(1.0)}
2026-06-07 12:38:43 - src.models.hmm_engine - INFO - StockHMM_sz.300251状态校准完成: {0: np.float64(0.3816793893129771), 1: np.float64(0.6103896103896104), 2: np.float64(1.0), 3: np.float64(0.4661016949152542)}
2026-06-07 12:38:43 - src.models.hmm_engine - INFO - StockHMM_sz.300274状态校准完成: {0: np.float64(0.36363636363636365), 1: np.float64(0.2803030303030303), 2: np.float64(0.424), 3: np.float64(0.7837837837837838)}
2026-06-07 12:38:43 - src.models.hmm_engine - INFO - StockHMM_sz.300308状态校准完成: {0: np.float64(0.7142857142857143), 1: np.float64(0.4174757281553398), 2: np.float64(0.4696969696969697), 3: np.float64(0.375)}
2026-06-07 12:38:43 - src.models.hmm_engine - INFO - StockHMM_sz.300316状态校准完成: {0: np.float64(0.6551724137931034), 1: np.float64(0.3815789473684211), 2: np.float64(0.4014084507042254), 3: np.float64(0.11764705882352941)}
2026-06-07 12:38:43 - src.models.hmm_engine - INFO - StockHMM_sz.300347状态校准完成: {0: np.float64(0.5), 1: np.float64(0.7307692307692307), 2: np.float64(0.35251798561151076), 3: np.float64(0.38)}
2026-06-07 12:38:43 - src.models.hmm_engine - INFO - StockHMM_sz.300394状态校准完成: {0: np.float64(0.44339622641509435), 1: np.float64(0.4), 2: np.float64(0.8888888888888888), 3: np.float64(0.45714285714285713)}
2026-06-07 12:38:43 - src.models.hmm_engine - INFO - StockHMM_sz.300408状态校准完成: {0: np.float64(0.509090909090909), 1: np.float64(0.44886363636363635), 2: np.float64(0.4788732394366197), 3: np.float64(0.68)}
2026-06-07 12:38:43 - src.models.hmm_engine - INFO - StockHMM_sz.300413状态校准完成: {0: np.float64(0.3490566037735849), 1: np.float64(0.35294117647058826), 2: np.float64(0.671875), 3: np.float64(0.30337078651685395)}
2026-06-07 12:38:43 - src.models.hmm_engine - INFO - StockHMM_sz.300418状态校准完成: {0: np.float64(0.32608695652173914), 1: np.float64(0.24324324324324326), 2: np.float64(0.810126582278481), 3: np.float64(0.6111111111111112)}
2026-06-07 12:38:43 - src.models.hmm_engine - INFO - StockHMM_sz.300433状态校准完成: {0: np.float64(0.4567901234567901), 1: np.float64(0.521978021978022), 2: np.float64(0.5714285714285714), 3: np.float64(1.0)}
2026-06-07 12:38:43 - src.models.hmm_engine - INFO - StockHMM_sz.300442状态校准完成: {0: np.float64(0.42857142857142855), 1: np.float64(0.64), 2: np.float64(0.5), 3: np.float64(0.582089552238806)}
2026-06-07 12:38:43 - src.models.hmm_engine - INFO - StockHMM_sz.300476状态校准完成: {0: np.float64(0.7272727272727273), 1: np.float64(0.42452830188679247), 2: np.float64(0.4666666666666667), 3: np.float64(0.4027777777777778)}
2026-06-07 12:38:43 - src.models.hmm_engine - INFO - StockHMM_sz.300498状态校准完成: {0: np.float64(0.3898305084745763), 1: np.float64(0.42857142857142855), 2: np.float64(0.6307692307692307), 3: np.float64(1.0)}
2026-06-07 12:38:43 - src.models.hmm_engine - INFO - StockHMM_sz.300502状态校准完成: {0: np.float64(0.4666666666666667), 1: np.float64(0.48936170212765956), 2: np.float64(0.45098039215686275), 3: np.float64(0.6197183098591549)}
2026-06-07 12:38:43 - src.models.hmm_engine - INFO - StockHMM_sz.300628状态校准完成: {0: np.float64(0.43209876543209874), 1: np.float64(0.5), 2: np.float64(0.4696969696969697), 3: np.float64(1.0)}
2026-06-07 12:38:44 - src.models.hmm_engine - INFO - StockHMM_sz.300661状态校准完成: {0: np.float64(0.44594594594594594), 1: np.float64(0.30303030303030304), 2: np.float64(0.4222222222222222), 3: np.float64(0.8947368421052632)}
2026-06-07 12:38:44 - src.models.hmm_engine - INFO - StockHMM_sz.300750状态校准完成: {0: np.float64(0.43103448275862066), 1: np.float64(0.47619047619047616), 2: np.float64(0.4093567251461988), 3: np.float64(0.6285714285714286)}
2026-06-07 12:38:44 - src.models.hmm_engine - INFO - StockHMM_sz.300759状态校准完成: {0: np.float64(0.30952380952380953), 1: np.float64(0.5063291139240507), 2: np.float64(0.5), 3: np.float64(0.4090909090909091)}
2026-06-07 12:38:44 - src.models.hmm_engine - INFO - StockHMM_sz.300760状态校准完成: {0: np.float64(0.3564356435643564), 1: np.float64(0.4), 2: np.float64(0.5694444444444444), 3: np.float64(0.4513888888888889)}
2026-06-07 12:38:44 - src.models.hmm_engine - INFO - StockHMM_sz.300782状态校准完成: {0: np.float64(0.358695652173913), 1: np.float64(0.3816793893129771), 2: np.float64(0.6), 3: np.float64(0.375)}
2026-06-07 12:38:44 - src.models.hmm_engine - INFO - StockHMM_sz.300803状态校准完成: {0: np.float64(0.5888888888888889), 1: np.float64(0.4523809523809524), 2: np.float64(0.38095238095238093), 3: np.float64(0.7777777777777778)}
2026-06-07 12:38:44 - src.models.hmm_engine - INFO - StockHMM_sz.300832状态校准完成: {0: np.float64(0.7468354430379747), 1: np.float64(0.4691358024691358), 2: np.float64(0.48), 3: np.float64(0.34507042253521125)}
2026-06-07 12:38:44 - src.models.hmm_engine - INFO - StockHMM_sz.300866状态校准完成: {0: np.float64(0.437125748502994), 1: np.float64(0.5166666666666667), 2: np.float64(0.7692307692307693), 3: np.float64(0.39344262295081966)}
2026-06-07 12:38:44 - src.models.hmm_engine - INFO - StockHMM_sz.300896状态校准完成: {0: np.float64(0.373134328358209), 1: np.float64(0.6363636363636364), 2: np.float64(0.4022346368715084), 3: np.float64(0.3783783783783784)}
2026-06-07 12:38:44 - src.models.hmm_engine - INFO - StockHMM_sz.300979状态校准完成: {0: np.float64(0.6739130434782609), 1: np.float64(0.49), 2: np.float64(0.44954128440366975), 3: np.float64(0.5138888888888888)}
2026-06-07 12:38:44 - src.models.hmm_engine - INFO - StockHMM_sz.300999状态校准完成: {0: np.float64(0.5606060606060606), 1: np.float64(0.375), 2: np.float64(0.3850267379679144), 3: np.float64(1.0)}
2026-06-07 12:38:44 - src.models.hmm_engine - INFO - StockHMM_sz.301236状态校准完成: {0: np.float64(0.5263157894736842), 1: np.float64(0.4), 2: np.float64(0.42718446601941745), 3: np.float64(0.5882352941176471)}
2026-06-07 12:38:44 - src.models.hmm_engine - INFO - StockHMM_sz.301269状态校准完成: {0: np.float64(0.4779874213836478), 1: np.float64(0.6666666666666666), 2: np.float64(0.38235294117647056), 3: np.float64(0.40816326530612246)}
2026-06-07 12:38:44 - src.models.hmm_engine - INFO - StockHMM_sz.302132状态校准完成: {0: np.float64(0.43333333333333335), 1: np.float64(0.4444444444444444), 2: np.float64(0.5176470588235295), 3: np.float64(0.5384615384615384)}
2026-06-07 12:52:57 - src.models.hmm_engine - INFO - StockHMM_600000状态校准完成: {0: np.float64(0.54), 1: np.float64(0.6172839506172839), 2: np.float64(0.45454545454545453), 3: np.float64(0.5203252032520326)}
2026-06-07 12:52:57 - src.models.hmm_engine - INFO - StockHMM_600009状态校准完成: {0: np.float64(0.10344827586206896), 1: np.float64(0.40310077519379844), 2: np.float64(0.36283185840707965), 3: np.float64(0.6181818181818182)}
2026-06-07 12:52:57 - src.models.hmm_engine - INFO - StockHMM_600010状态校准完成: {0: np.float64(0.43333333333333335), 1: np.float64(0.25), 2: np.float64(0.5789473684210527), 3: np.float64(0.3728813559322034)}
2026-06-07 12:52:57 - src.models.hmm_engine - INFO - StockHMM_600011状态校准完成: {0: np.float64(0.5348837209302325), 1: np.float64(0.4787234042553192), 2: np.float64(0.4878048780487805), 3: np.float64(0.22727272727272727)}
2026-06-07 12:52:58 - src.models.hmm_engine - INFO - StockHMM_600015状态校准完成: {0: np.float64(0.5692307692307692), 1: np.float64(0.6129032258064516), 2: np.float64(0.6048387096774194), 3: np.float64(0.49056603773584906)}
2026-06-07 12:52:58 - src.models.hmm_engine - INFO - StockHMM_600016状态校准完成: {0: np.float64(0.3870967741935484), 1: np.float64(0.4728682170542636), 2: np.float64(0.46), 3: np.float64(0.43103448275862066)}
2026-06-07 12:52:58 - src.models.hmm_engine - INFO - StockHMM_600018状态校准完成: {0: np.float64(0.5392156862745098), 1: np.float64(0.4666666666666667), 2: np.float64(0.536), 3: np.float64(0.5217391304347826)}
2026-06-07 12:52:59 - src.models.hmm_engine - INFO - StockHMM_600019状态校准完成: {0: np.float64(0.44166666666666665), 1: np.float64(0.43119266055045874), 2: np.float64(0.42105263157894735), 3: np.float64(0.5384615384615384)}
2026-06-07 12:52:59 - src.models.hmm_engine - INFO - StockHMM_600023状态校准完成: {0: np.float64(0.46808510638297873), 1: np.float64(0.42016806722689076), 2: np.float64(0.5394736842105263), 3: np.float64(0.6071428571428571)}
2026-06-07 12:52:59 - src.models.hmm_engine - INFO - StockHMM_600025状态校准完成: {0: np.float64(0.3389830508474576), 1: np.float64(0.5252525252525253), 2: np.float64(0.7422680412371134), 3: np.float64(0.6197183098591549)}
2026-06-07 12:53:00 - src.models.hmm_engine - INFO - StockHMM_600026状态校准完成: {0: np.float64(0.38461538461538464), 1: np.float64(0.45161290322580644), 2: np.float64(0.42452830188679247), 3: np.float64(0.543859649122807)}
2026-06-07 12:53:01 - src.models.hmm_engine - INFO - StockHMM_600027状态校准完成: {0: np.float64(0.5211267605633803), 1: np.float64(0.5131578947368421), 2: np.float64(0.5169491525423728), 3: np.float64(0.45098039215686275)}
2026-06-07 12:53:01 - src.models.hmm_engine - INFO - StockHMM_600028状态校准完成: {0: np.float64(0.5981308411214953), 1: np.float64(0.453125), 2: np.float64(0.45454545454545453), 3: np.float64(0.52)}
2026-06-07 12:53:01 - src.models.hmm_engine - INFO - StockHMM_600029状态校准完成: {0: np.float64(0.42857142857142855), 1: np.float64(0.3629032258064516), 2: np.float64(0.3488372093023256), 3: np.float64(0.4961832061068702)}
2026-06-07 12:53:01 - src.models.hmm_engine - INFO - StockHMM_600030状态校准完成: {0: np.float64(0.42857142857142855), 1: np.float64(0.48), 2: np.float64(0.4418604651162791), 3: np.float64(0.37254901960784315)}
2026-06-07 12:53:02 - src.models.hmm_engine - INFO - StockHMM_600031状态校准完成: {0: np.float64(0.5588235294117647), 1: np.float64(0.4298245614035088), 2: np.float64(0.4222222222222222), 3: np.float64(0.3181818181818182)}
2026-06-07 12:53:02 - src.models.hmm_engine - INFO - StockHMM_600036状态校准完成: {0: np.float64(0.48148148148148145), 1: np.float64(0.4233576642335766), 2: np.float64(0.7058823529411765), 3: np.float64(0.6186440677966102)}
2026-06-07 12:53:02 - src.models.hmm_engine - INFO - StockHMM_600039状态校准完成: {0: np.float64(0.41007194244604317), 1: np.float64(0.2727272727272727), 2: np.float64(0.4094488188976378), 3: np.float64(0.5625)}
2026-06-07 12:53:02 - src.models.hmm_engine - INFO - StockHMM_600048状态校准完成: {0: np.float64(0.36496350364963503), 1: np.float64(0.35714285714285715), 2: np.float64(0.18032786885245902), 3: np.float64(0.5333333333333333)}
2026-06-07 12:53:02 - src.models.hmm_engine - INFO - StockHMM_600050状态校准完成: {0: np.float64(0.4728682170542636), 1: np.float64(0.5), 2: np.float64(0.4782608695652174), 3: np.float64(0.3409090909090909)}
2026-06-07 12:53:03 - src.models.hmm_engine - INFO - StockHMM_600061状态校准完成: {0: np.float64(0.5436893203883495), 1: np.float64(0.3288590604026846), 2: np.float64(0.35294117647058826), 3: np.float64(0.42105263157894735)}
2026-06-07 12:53:03 - src.models.hmm_engine - INFO - StockHMM_600066状态校准完成: {0: np.float64(0.6022727272727273), 1: np.float64(0.36904761904761907), 2: np.float64(0.6438356164383562), 3: np.float64(0.654320987654321)}
2026-06-07 12:53:03 - src.models.hmm_engine - INFO - StockHMM_600085状态校准完成: {0: np.float64(0.4489795918367347), 1: np.float64(0.3619047619047619), 2: np.float64(0.5471698113207547), 3: np.float64(0.37142857142857144)}
2026-06-07 12:53:03 - src.models.hmm_engine - INFO - StockHMM_600089状态校准完成: {0: np.float64(0.3592233009708738), 1: np.float64(0.5211267605633803), 2: np.float64(0.5), 3: np.float64(0.4107142857142857)}
2026-06-07 12:53:04 - src.models.hmm_engine - INFO - StockHMM_600104状态校准完成: {0: np.float64(0.40441176470588236), 1: np.float64(0.4230769230769231), 2: np.float64(0.5357142857142857), 3: np.float64(0.5)}
2026-06-07 12:53:04 - src.models.hmm_engine - INFO - StockHMM_600111状态校准完成: {0: np.float64(0.5802469135802469), 1: np.float64(0.4672897196261682), 2: np.float64(0.2786885245901639), 3: np.float64(0.1875)}
2026-06-07 12:53:04 - src.models.hmm_engine - INFO - StockHMM_600115状态校准完成: {0: np.float64(0.5714285714285714), 1: np.float64(0.25882352941176473), 2: np.float64(0.1111111111111111), 3: np.float64(0.4666666666666667)}
2026-06-07 12:53:04 - src.models.hmm_engine - INFO - StockHMM_600150状态校准完成: {0: np.float64(0.5641025641025641), 1: np.float64(0.4107142857142857), 2: np.float64(0.5348837209302325), 3: np.float64(0.5189873417721519)}
2026-06-07 12:53:04 - src.models.hmm_engine - INFO - StockHMM_600160状态校准完成: {0: np.float64(0.423728813559322), 1: np.float64(0.47959183673469385), 2: np.float64(0.6857142857142857), 3: np.float64(0.40404040404040403)}
2026-06-07 12:53:05 - src.models.hmm_engine - INFO - StockHMM_600161状态校准完成: {0: np.float64(0.4074074074074074), 1: np.float64(0.584), 2: np.float64(0.6071428571428571), 3: np.float64(0.2972972972972973)}
2026-06-07 12:53:05 - src.models.hmm_engine - INFO - StockHMM_600176状态校准完成: {0: np.float64(0.525), 1: np.float64(0.5074626865671642), 2: np.float64(0.304635761589404), 3: np.float64(0.2857142857142857)}
2026-06-07 12:53:05 - src.models.hmm_engine - INFO - StockHMM_600183状态校准完成: {0: np.float64(0.6060606060606061), 1: np.float64(0.5930232558139535), 2: np.float64(0.42857142857142855), 3: np.float64(0.463768115942029)}
2026-06-07 12:53:06 - src.models.hmm_engine - INFO - StockHMM_600188状态校准完成: {0: np.float64(0.4174757281553398), 1: np.float64(0.5217391304347826), 2: np.float64(0.5454545454545454), 3: np.float64(0.5714285714285714)}
2026-06-07 12:53:06 - src.models.hmm_engine - INFO - StockHMM_600196状态校准完成: {0: np.float64(0.5882352941176471), 1: np.float64(0.4262295081967213), 2: np.float64(0.35454545454545455), 3: np.float64(0.5194805194805194)}
2026-06-07 12:53:06 - src.models.hmm_engine - INFO - StockHMM_600219状态校准完成: {0: np.float64(0.5777777777777777), 1: np.float64(0.5529411764705883), 2: np.float64(0.3918918918918919), 3: np.float64(0.4935064935064935)}
2026-06-07 12:53:06 - src.models.hmm_engine - INFO - StockHMM_600233状态校准完成: {0: np.float64(0.4551282051282051), 1: np.float64(0.3728813559322034), 2: np.float64(0.6666666666666666), 3: np.float64(0.48)}
2026-06-07 12:53:06 - src.models.hmm_engine - INFO - StockHMM_600276状态校准完成: {0: np.float64(0.64), 1: np.float64(0.32558139534883723), 2: np.float64(0.5111111111111111), 3: np.float64(0.3673469387755102)}
2026-06-07 12:53:07 - src.models.hmm_engine - INFO - StockHMM_600309状态校准完成: {0: np.float64(0.44086021505376344), 1: np.float64(0.125), 2: np.float64(0.32608695652173914), 3: np.float64(0.3684210526315789)}
2026-06-07 12:53:07 - src.models.hmm_engine - INFO - StockHMM_600346状态校准完成: {0: np.float64(0.4823529411764706), 1: np.float64(0.5128205128205128), 2: np.float64(0.4461538461538462), 3: np.float64(0.3055555555555556)}
2026-06-07 12:53:07 - src.models.hmm_engine - INFO - StockHMM_600362状态校准完成: {0: np.float64(0.546875), 1: np.float64(0.5733333333333334), 2: np.float64(0.3157894736842105), 3: np.float64(0.45045045045045046)}
2026-06-07 12:53:08 - src.models.hmm_engine - INFO - StockHMM_600372状态校准完成: {0: np.float64(0.3235294117647059), 1: np.float64(0.48333333333333334), 2: np.float64(0.5180722891566265), 3: np.float64(0.45454545454545453)}
2026-06-07 12:53:08 - src.models.hmm_engine - INFO - StockHMM_600377状态校准完成: {0: np.float64(0.5873015873015873), 1: np.float64(0.515625), 2: np.float64(0.6301369863013698), 3: np.float64(0.5873015873015873)}
2026-06-07 12:53:08 - src.models.hmm_engine - INFO - StockHMM_600406状态校准完成: {0: np.float64(0.5339805825242718), 1: np.float64(0.5172413793103449), 2: np.float64(0.47058823529411764), 3: np.float64(0.42391304347826086)}
2026-06-07 12:53:09 - src.models.hmm_engine - INFO - StockHMM_600415状态校准完成: {0: np.float64(0.6129032258064516), 1: np.float64(0.45806451612903226), 2: np.float64(0.45652173913043476), 3: np.float64(0.4375)}
2026-06-07 12:53:09 - src.models.hmm_engine - INFO - StockHMM_600426状态校准完成: {0: np.float64(0.41975308641975306), 1: np.float64(0.4392523364485981), 2: np.float64(0.2578125), 3: np.float64(0.3)}
2026-06-07 12:53:09 - src.models.hmm_engine - INFO - StockHMM_600436状态校准完成: {0: np.float64(0.3656716417910448), 1: np.float64(0.4318181818181818), 2: np.float64(0.0), 3: np.float64(0.41836734693877553)}
2026-06-07 12:53:09 - src.models.hmm_engine - INFO - StockHMM_600438状态校准完成: {0: np.float64(0.3695652173913043), 1: np.float64(0.32608695652173914), 2: np.float64(0.30097087378640774), 3: np.float64(0.5294117647058824)}
2026-06-07 12:53:09 - src.models.hmm_engine - INFO - StockHMM_600460状态校准完成: {0: np.float64(0.3181818181818182), 1: np.float64(0.54), 2: np.float64(0.5174825174825175), 3: np.float64(0.3582089552238806)}
2026-06-07 12:53:10 - src.models.hmm_engine - INFO - StockHMM_600482状态校准完成: {0: np.float64(0.525), 1: np.float64(0.5632183908045977), 2: np.float64(0.4573643410852713), 3: np.float64(0.31666666666666665)}
2026-06-07 12:53:10 - src.models.hmm_engine - INFO - StockHMM_600489状态校准完成: {0: np.float64(0.5714285714285714), 1: np.float64(0.5056179775280899), 2: np.float64(0.5098039215686274), 3: np.float64(0.5454545454545454)}
2026-06-07 12:53:10 - src.models.hmm_engine - INFO - StockHMM_600515状态校准完成: {0: np.float64(0.5245901639344263), 1: np.float64(0.2727272727272727), 2: np.float64(0.47413793103448276), 3: np.float64(0.4051724137931034)}
2026-06-07 12:53:10 - src.models.hmm_engine - INFO - StockHMM_600519状态校准完成: {0: np.float64(0.4), 1: np.float64(0.45045045045045046), 2: np.float64(0.4675324675324675), 3: np.float64(0.35185185185185186)}
2026-06-07 12:53:11 - src.models.hmm_engine - INFO - StockHMM_600522状态校准完成: {0: np.float64(0.45569620253164556), 1: np.float64(0.2692307692307692), 2: np.float64(0.4367816091954023), 3: np.float64(0.6785714285714286)}
2026-06-07 12:53:11 - src.models.hmm_engine - INFO - StockHMM_600547状态校准完成: {0: np.float64(0.3671875), 1: np.float64(0.42592592592592593), 2: np.float64(0.5733333333333334), 3: np.float64(0.43478260869565216)}
2026-06-07 12:53:11 - src.models.hmm_engine - INFO - StockHMM_600570状态校准完成: {0: np.float64(0.4444444444444444), 1: np.float64(0.36764705882352944), 2: np.float64(0.27710843373493976), 3: np.float64(0.5)}
2026-06-07 12:53:11 - src.models.hmm_engine - INFO - StockHMM_600584状态校准完成: {0: np.float64(0.4180327868852459), 1: np.float64(0.43103448275862066), 2: np.float64(0.4523809523809524), 3: np.float64(0.5252525252525253)}
2026-06-07 12:53:11 - src.models.hmm_engine - INFO - StockHMM_600585状态校准完成: {0: np.float64(0.3533834586466165), 1: np.float64(0.5975609756097561), 2: np.float64(0.6666666666666666), 3: np.float64(0.3548387096774194)}
2026-06-07 12:53:12 - src.models.hmm_engine - INFO - StockHMM_600588状态校准完成: {0: np.float64(0.3333333333333333), 1: np.float64(0.5416666666666666), 2: np.float64(0.524390243902439), 3: np.float64(0.4634146341463415)}
2026-06-07 12:53:12 - src.models.hmm_engine - INFO - StockHMM_600600状态校准完成: {0: np.float64(0.5393258426966292), 1: np.float64(0.37254901960784315), 2: np.float64(0.22580645161290322), 3: np.float64(0.42857142857142855)}
2026-06-07 12:53:12 - src.models.hmm_engine - INFO - StockHMM_600660状态校准完成: {0: np.float64(0.7439024390243902), 1: np.float64(0.6415094339622641), 2: np.float64(0.5462962962962963), 3: np.float64(0.4939759036144578)}
2026-06-07 12:53:13 - src.models.hmm_engine - INFO - StockHMM_600674状态校准完成: {0: np.float64(0.42857142857142855), 1: np.float64(0.45098039215686275), 2: np.float64(0.6696428571428571), 3: np.float64(0.34285714285714286)}
2026-06-07 12:53:13 - src.models.hmm_engine - INFO - StockHMM_600690状态校准完成: {0: np.float64(0.4473684210526316), 1: np.float64(0.336734693877551), 2: np.float64(0.7051282051282052), 3: np.float64(0.4722222222222222)}
2026-06-07 12:53:13 - src.models.hmm_engine - INFO - StockHMM_600741状态校准完成: {0: np.float64(0.4666666666666667), 1: np.float64(0.3333333333333333), 2: np.float64(0.59375), 3: np.float64(0.4380165289256198)}
2026-06-07 12:53:14 - src.models.hmm_engine - INFO - StockHMM_600760状态校准完成: {0: np.float64(0.45652173913043476), 1: np.float64(0.4931506849315068), 2: np.float64(0.3125), 3: np.float64(0.4745762711864407)}
2026-06-07 12:53:14 - src.models.hmm_engine - INFO - StockHMM_600795状态校准完成: {0: np.float64(0.5285714285714286), 1: np.float64(0.42857142857142855), 2: np.float64(0.6145833333333334), 3: np.float64(0.5072463768115942)}
2026-06-07 12:53:14 - src.models.hmm_engine - INFO - StockHMM_600803状态校准完成: {0: np.float64(0.48314606741573035), 1: np.float64(0.48598130841121495), 2: np.float64(0.532608695652174), 3: np.float64(0.5263157894736842)}
2026-06-07 12:53:14 - src.models.hmm_engine - INFO - StockHMM_600809状态校准完成: {0: np.float64(0.31690140845070425), 1: np.float64(0.32608695652173914), 2: np.float64(0.2), 3: np.float64(0.5844155844155844)}
2026-06-07 12:53:14 - src.models.hmm_engine - INFO - StockHMM_600845状态校准完成: {0: np.float64(0.367816091954023), 1: np.float64(0.4536082474226804), 2: np.float64(0.34523809523809523), 3: np.float64(0.29310344827586204)}
2026-06-07 12:53:15 - src.models.hmm_engine - INFO - StockHMM_600875状态校准完成: {0: np.float64(0.40425531914893614), 1: np.float64(0.3560606060606061), 2: np.float64(0.5), 3: np.float64(0.373134328358209)}
2026-06-07 12:53:15 - src.models.hmm_engine - INFO - StockHMM_600886状态校准完成: {0: np.float64(0.5533980582524272), 1: np.float64(0.45871559633027525), 2: np.float64(0.5652173913043478), 3: np.float64(0.45454545454545453)}
2026-06-07 12:53:15 - src.models.hmm_engine - INFO - StockHMM_600887状态校准完成: {0: np.float64(0.4676258992805755), 1: np.float64(0.3474576271186441), 2: np.float64(0.5689655172413793), 3: np.float64(0.36363636363636365)}
2026-06-07 12:53:15 - src.models.hmm_engine - INFO - StockHMM_600893状态校准完成: {0: np.float64(0.5480769230769231), 1: np.float64(0.38405797101449274), 2: np.float64(0.26785714285714285), 3: np.float64(0.4642857142857143)}
2026-06-07 12:53:15 - src.models.hmm_engine - INFO - StockHMM_600900状态校准完成: {0: np.float64(0.4523809523809524), 1: np.float64(0.6206896551724138), 2: np.float64(0.0), 3: np.float64(0.6354166666666666)}
2026-06-07 12:53:15 - src.models.hmm_engine - INFO - StockHMM_600905状态校准完成: {0: np.float64(0.49206349206349204), 1: np.float64(0.3503184713375796), 2: np.float64(0.4791666666666667), 3: np.float64(0.2)}
2026-06-07 12:53:16 - src.models.hmm_engine - INFO - StockHMM_600918状态校准完成: {0: np.float64(0.4351851851851852), 1: np.float64(0.4166666666666667), 2: np.float64(0.3560606060606061), 3: np.float64(0.35714285714285715)}
2026-06-07 12:53:16 - src.models.hmm_engine - INFO - StockHMM_600919状态校准完成: {0: np.float64(0.6428571428571429), 1: np.float64(0.6633663366336634), 2: np.float64(0.5384615384615384), 3: np.float64(0.49056603773584906)}
2026-06-07 12:53:16 - src.models.hmm_engine - INFO - StockHMM_600926状态校准完成: {0: np.float64(0.33), 1: np.float64(0.4), 2: np.float64(0.6774193548387096), 3: np.float64(0.5918367346938775)}
2026-06-07 12:53:16 - src.models.hmm_engine - INFO - StockHMM_600938状态校准完成: {0: np.float64(0.391304347826087), 1: np.float64(0.5727272727272728), 2: np.float64(0.5858585858585859), 3: np.float64(0.5774647887323944)}
2026-06-07 12:53:17 - src.models.hmm_engine - INFO - StockHMM_600941状态校准完成: {0: np.float64(0.6285714285714286), 1: np.float64(0.6052631578947368), 2: np.float64(0.48148148148148145), 3: np.float64(0.43902439024390244)}
2026-06-07 12:53:17 - src.models.hmm_engine - INFO - StockHMM_600958状态校准完成: {0: np.float64(0.3790322580645161), 1: np.float64(0.3968253968253968), 2: np.float64(0.5378787878787878), 3: np.float64(0.14285714285714285)}
2026-06-07 12:53:17 - src.models.hmm_engine - INFO - StockHMM_600989状态校准完成: {0: np.float64(0.5470085470085471), 1: np.float64(0.6781609195402298), 2: np.float64(0.43), 3: np.float64(0.3181818181818182)}
2026-06-07 12:53:18 - src.models.hmm_engine - INFO - StockHMM_600999状态校准完成: {0: np.float64(0.4172661870503597), 1: np.float64(0.5210084033613446), 2: np.float64(0.4782608695652174), 3: np.float64(0.36363636363636365)}
2026-06-07 12:53:18 - src.models.hmm_engine - INFO - StockHMM_601006状态校准完成: {0: np.float64(0.7105263157894737), 1: np.float64(0.4491525423728814), 2: np.float64(0.5789473684210527), 3: np.float64(0.5364238410596026)}
2026-06-07 12:53:18 - src.models.hmm_engine - INFO - StockHMM_601009状态校准完成: {0: np.float64(0.48905109489051096), 1: np.float64(0.3), 2: np.float64(0.3493975903614458), 3: np.float64(0.75)}
2026-06-07 12:53:19 - src.models.hmm_engine - INFO - StockHMM_601012状态校准完成: {0: np.float64(0.47619047619047616), 1: np.float64(0.43037974683544306), 2: np.float64(0.39805825242718446), 3: np.float64(0.22549019607843138)}
2026-06-07 12:53:19 - src.models.hmm_engine - INFO - StockHMM_601018状态校准完成: {0: np.float64(0.5053763440860215), 1: np.float64(0.5161290322580645), 2: np.float64(0.2727272727272727), 3: np.float64(0.5038759689922481)}
2026-06-07 12:53:19 - src.models.hmm_engine - INFO - StockHMM_601021状态校准完成: {0: np.float64(0.3333333333333333), 1: np.float64(0.5443037974683544), 2: np.float64(0.5833333333333334), 3: np.float64(0.32075471698113206)}
2026-06-07 12:53:19 - src.models.hmm_engine - INFO - StockHMM_601058状态校准完成: {0: np.float64(0.6455696202531646), 1: np.float64(0.3783783783783784), 2: np.float64(0.5315315315315315), 3: np.float64(0.28)}
2026-06-07 12:53:20 - src.models.hmm_engine - INFO - StockHMM_601059状态校准完成: {0: np.float64(0.5194805194805194), 1: np.float64(0.43956043956043955), 2: np.float64(0.39080459770114945), 3: np.float64(0.4788732394366197)}
2026-06-07 12:53:20 - src.models.hmm_engine - INFO - StockHMM_601066状态校准完成: {0: np.float64(0.48514851485148514), 1: np.float64(0.3111111111111111), 2: np.float64(0.43333333333333335), 3: np.float64(0.4)}
2026-06-07 12:53:20 - src.models.hmm_engine - INFO - StockHMM_601077状态校准完成: {0: np.float64(0.6470588235294118), 1: np.float64(0.7157894736842105), 2: np.float64(0.6), 3: np.float64(0.5158730158730159)}
2026-06-07 12:53:20 - src.models.hmm_engine - INFO - StockHMM_601088状态校准完成: {0: np.float64(0.5585585585585585), 1: np.float64(0.62), 2: np.float64(0.14285714285714285), 3: np.float64(0.5555555555555556)}
2026-06-07 12:53:21 - src.models.hmm_engine - INFO - StockHMM_601100状态校准完成: {0: np.float64(0.4528301886792453), 1: np.float64(0.43548387096774194), 2: np.float64(0.4423076923076923), 3: np.float64(0.48148148148148145)}
2026-06-07 12:53:21 - src.models.hmm_engine - INFO - StockHMM_601111状态校准完成: {0: np.float64(0.3387096774193548), 1: np.float64(0.484375), 2: np.float64(0.48863636363636365), 3: np.float64(0.25)}
2026-06-07 12:53:21 - src.models.hmm_engine - INFO - StockHMM_601117状态校准完成: {0: np.float64(0.4158415841584158), 1: np.float64(0.3488372093023256), 2: np.float64(0.5151515151515151), 3: np.float64(0.6507936507936508)}
2026-06-07 12:53:22 - src.models.hmm_engine - INFO - StockHMM_601127状态校准完成: {0: np.float64(0.7142857142857143), 1: np.float64(0.5274725274725275), 2: np.float64(0.5), 3: np.float64(0.45454545454545453)}
2026-06-07 12:53:22 - src.models.hmm_engine - INFO - StockHMM_601136状态校准完成: {0: np.float64(0.24390243902439024), 1: np.float64(0.46), 2: np.float64(0.6212121212121212), 3: np.float64(0.3865546218487395)}
2026-06-07 12:53:22 - src.models.hmm_engine - INFO - StockHMM_601138状态校准完成: {0: np.float64(0.4418604651162791), 1: np.float64(0.4262295081967213), 2: np.float64(0.4473684210526316), 3: np.float64(0.42592592592592593)}
2026-06-07 12:53:22 - src.models.hmm_engine - INFO - StockHMM_601166状态校准完成: {0: np.float64(0.4959349593495935), 1: np.float64(0.38095238095238093), 2: np.float64(0.5564516129032258), 3: np.float64(0.4482758620689655)}
2026-06-07 12:53:23 - src.models.hmm_engine - INFO - StockHMM_601169状态校准完成: {0: np.float64(0.47058823529411764), 1: np.float64(0.5478260869565217), 2: np.float64(0.5957446808510638), 3: np.float64(0.54)}
2026-06-07 12:53:23 - src.models.hmm_engine - INFO - StockHMM_601186状态校准完成: {0: np.float64(0.4444444444444444), 1: np.float64(0.391304347826087), 2: np.float64(0.4523809523809524), 3: np.float64(0.5045045045045045)}
2026-06-07 12:53:23 - src.models.hmm_engine - INFO - StockHMM_601211状态校准完成: {0: np.float64(0.5060240963855421), 1: np.float64(0.4772727272727273), 2: np.float64(0.4), 3: np.float64(0.44047619047619047)}
2026-06-07 12:53:23 - src.models.hmm_engine - INFO - StockHMM_601225状态校准完成: {0: np.float64(0.4444444444444444), 1: np.float64(0.5882352941176471), 2: np.float64(0.6153846153846154), 3: np.float64(0.4479166666666667)}
2026-06-07 12:53:23 - src.models.hmm_engine - INFO - StockHMM_601229状态校准完成: {0: np.float64(0.5212765957446809), 1: np.float64(0.5977011494252874), 2: np.float64(0.4444444444444444), 3: np.float64(0.7808219178082192)}
2026-06-07 12:53:24 - src.models.hmm_engine - INFO - StockHMM_601236状态校准完成: {0: np.float64(0.44565217391304346), 1: np.float64(0.4452054794520548), 2: np.float64(0.4791666666666667), 3: np.float64(0.425)}
2026-06-07 12:53:24 - src.models.hmm_engine - INFO - StockHMM_601238状态校准完成: {0: np.float64(0.3619047619047619), 1: np.float64(0.4375), 2: np.float64(0.5163934426229508), 3: np.float64(0.17142857142857143)}
2026-06-07 12:53:24 - src.models.hmm_engine - INFO - StockHMM_601288状态校准完成: {0: np.float64(0.6288659793814433), 1: np.float64(0.3125), 2: np.float64(0.6530612244897959), 3: np.float64(0.6161616161616161)}
2026-06-07 12:53:24 - src.models.hmm_engine - INFO - StockHMM_601298状态校准完成: {0: np.float64(0.5555555555555556), 1: np.float64(0.5529411764705883), 2: np.float64(0.46511627906976744), 3: np.float64(0.5974025974025974)}
2026-06-07 12:53:25 - src.models.hmm_engine - INFO - StockHMM_601318状态校准完成: {0: np.float64(0.4230769230769231), 1: np.float64(0.43243243243243246), 2: np.float64(0.39436619718309857), 3: np.float64(0.5802469135802469)}
2026-06-07 12:53:25 - src.models.hmm_engine - INFO - StockHMM_601319状态校准完成: {0: np.float64(0.39855072463768115), 1: np.float64(0.5934959349593496), 2: np.float64(0.6153846153846154), 3: np.float64(0.4807692307692308)}
2026-06-07 12:53:25 - src.models.hmm_engine - INFO - StockHMM_601328状态校准完成: {0: np.float64(0.6355140186915887), 1: np.float64(0.5964912280701754), 2: np.float64(0.5277777777777778), 3: np.float64(0.5217391304347826)}
2026-06-07 12:53:25 - src.models.hmm_engine - INFO - StockHMM_601336状态校准完成: {0: np.float64(0.4666666666666667), 1: np.float64(0.38095238095238093), 2: np.float64(0.4444444444444444), 3: np.float64(0.4672897196261682)}
2026-06-07 12:53:25 - src.models.hmm_engine - INFO - StockHMM_601360状态校准完成: {0: np.float64(0.5277777777777778), 1: np.float64(0.4), 2: np.float64(0.4878048780487805), 3: np.float64(0.13636363636363635)}
2026-06-07 12:53:26 - src.models.hmm_engine - INFO - StockHMM_601377状态校准完成: {0: np.float64(0.4431818181818182), 1: np.float64(0.4666666666666667), 2: np.float64(0.37142857142857144), 3: np.float64(0.5116279069767442)}
2026-06-07 12:53:26 - src.models.hmm_engine - INFO - StockHMM_601390状态校准完成: {0: np.float64(0.5), 1: np.float64(0.5384615384615384), 2: np.float64(0.47368421052631576), 3: np.float64(0.3829787234042553)}
2026-06-07 12:53:26 - src.models.hmm_engine - INFO - StockHMM_601398状态校准完成: {0: np.float64(0.5911949685534591), 1: np.float64(0.5294117647058824), 2: np.float64(0.5362318840579711), 3: np.float64(0.6419753086419753)}
2026-06-07 12:53:26 - src.models.hmm_engine - INFO - StockHMM_601456状态校准完成: {0: np.float64(0.3050847457627119), 1: np.float64(0.5547945205479452), 2: np.float64(0.4146341463414634), 3: np.float64(0.4)}
2026-06-07 12:53:27 - src.models.hmm_engine - INFO - StockHMM_601600状态校准完成: {0: np.float64(0.45098039215686275), 1: np.float64(0.47368421052631576), 2: np.float64(0.4431818181818182), 3: np.float64(0.5189873417721519)}
2026-06-07 12:53:27 - src.models.hmm_engine - INFO - StockHMM_601601状态校准完成: {0: np.float64(0.32142857142857145), 1: np.float64(0.5121951219512195), 2: np.float64(0.5510204081632653), 3: np.float64(0.4444444444444444)}
2026-06-07 12:53:27 - src.models.hmm_engine - INFO - StockHMM_601607状态校准完成: {0: np.float64(0.5241935483870968), 1: np.float64(0.45555555555555555), 2: np.float64(0.5142857142857142), 3: np.float64(0.5584415584415584)}
2026-06-07 12:53:27 - src.models.hmm_engine - INFO - StockHMM_601618状态校准完成: {0: np.float64(0.33783783783783783), 1: np.float64(0.44), 2: np.float64(0.48936170212765956), 3: np.float64(0.45714285714285713)}
2026-06-07 12:53:28 - src.models.hmm_engine - INFO - StockHMM_601628状态校准完成: {0: np.float64(0.4397590361445783), 1: np.float64(0.5463917525773195), 2: np.float64(0.36363636363636365), 3: np.float64(0.5192307692307693)}
2026-06-07 12:53:28 - src.models.hmm_engine - INFO - StockHMM_601633状态校准完成: {0: np.float64(0.6071428571428571), 1: np.float64(0.41346153846153844), 2: np.float64(0.2558139534883721), 3: np.float64(0.37894736842105264)}
2026-06-07 12:53:28 - src.models.hmm_engine - INFO - StockHMM_601658状态校准完成: {0: np.float64(0.52), 1: np.float64(0.5092592592592593), 2: np.float64(0.5), 3: np.float64(0.4050632911392405)}
2026-06-07 12:53:28 - src.models.hmm_engine - INFO - StockHMM_601668状态校准完成: {0: np.float64(0.4330708661417323), 1: np.float64(0.37777777777777777), 2: np.float64(0.5217391304347826), 3: np.float64(0.475)}
2026-06-07 12:53:29 - src.models.hmm_engine - INFO - StockHMM_601669状态校准完成: {0: np.float64(0.4161073825503356), 1: np.float64(0.41509433962264153), 2: np.float64(0.375), 3: np.float64(0.5079365079365079)}
2026-06-07 12:53:29 - src.models.hmm_engine - INFO - StockHMM_601688状态校准完成: {0: np.float64(0.3805970149253731), 1: np.float64(0.5346534653465347), 2: np.float64(0.43478260869565216), 3: np.float64(0.4852941176470588)}
2026-06-07 12:53:29 - src.models.hmm_engine - INFO - StockHMM_601689状态校准完成: {0: np.float64(0.4), 1: np.float64(0.55), 2: np.float64(0.49019607843137253), 3: np.float64(0.39473684210526316)}
2026-06-07 12:53:29 - src.models.hmm_engine - INFO - StockHMM_601698状态校准完成: {0: np.float64(0.29411764705882354), 1: np.float64(0.391304347826087), 2: np.float64(0.3609022556390977), 3: np.float64(0.5833333333333334)}
2026-06-07 12:53:29 - src.models.hmm_engine - INFO - StockHMM_601728状态校准完成: {0: np.float64(0.49206349206349204), 1: np.float64(0.5563380281690141), 2: np.float64(0.43333333333333335), 3: np.float64(0.5604395604395604)}
2026-06-07 12:53:30 - src.models.hmm_engine - INFO - StockHMM_601766状态校准完成: {0: np.float64(0.5663716814159292), 1: np.float64(0.35789473684210527), 2: np.float64(0.3157894736842105), 3: np.float64(0.5959595959595959)}
2026-06-07 12:53:30 - src.models.hmm_engine - INFO - StockHMM_601788状态校准完成: {0: np.float64(0.42528735632183906), 1: np.float64(0.45454545454545453), 2: np.float64(0.42857142857142855), 3: np.float64(0.4152046783625731)}
2026-06-07 12:53:30 - src.models.hmm_engine - INFO - StockHMM_601800状态校准完成: {0: np.float64(0.47), 1: np.float64(0.4576271186440678), 2: np.float64(0.368), 3: np.float64(0.4523809523809524)}
2026-06-07 12:53:30 - src.models.hmm_engine - INFO - StockHMM_601808状态校准完成: {0: np.float64(0.46218487394957986), 1: np.float64(0.40476190476190477), 2: np.float64(0.425531914893617), 3: np.float64(0.4583333333333333)}
2026-06-07 12:53:31 - src.models.hmm_engine - INFO - StockHMM_601816状态校准完成: {0: np.float64(0.475), 1: np.float64(0.4342105263157895), 2: np.float64(0.6238532110091743), 3: np.float64(0.2857142857142857)}
2026-06-07 12:53:31 - src.models.hmm_engine - INFO - StockHMM_601818状态校准完成: {0: np.float64(0.6346153846153846), 1: np.float64(0.5606060606060606), 2: np.float64(0.47863247863247865), 3: np.float64(0.32)}
2026-06-07 12:53:31 - src.models.hmm_engine - INFO - StockHMM_601825状态校准完成: {0: np.float64(0.43478260869565216), 1: np.float64(0.5915492957746479), 2: np.float64(0.4578313253012048), 3: np.float64(0.6)}
2026-06-07 12:53:32 - src.models.hmm_engine - INFO - StockHMM_601838状态校准完成: {0: np.float64(0.2857142857142857), 1: np.float64(0.3466666666666667), 2: np.float64(0.6608695652173913), 3: np.float64(0.45081967213114754)}
2026-06-07 12:53:32 - src.models.hmm_engine - INFO - StockHMM_601857状态校准完成: {0: np.float64(0.5263157894736842), 1: np.float64(0.4878048780487805), 2: np.float64(0.5416666666666666), 3: np.float64(0.4430379746835443)}
2026-06-07 12:53:32 - src.models.hmm_engine - INFO - StockHMM_601868状态校准完成: {0: np.float64(0.46153846153846156), 1: np.float64(0.4375), 2: np.float64(0.3221476510067114), 3: np.float64(0.4731182795698925)}
2026-06-07 12:53:32 - src.models.hmm_engine - INFO - StockHMM_601872状态校准完成: {0: np.float64(0.32), 1: np.float64(0.475), 2: np.float64(0.5), 3: np.float64(0.48717948717948717)}
2026-06-07 12:53:32 - src.models.hmm_engine - INFO - StockHMM_601877状态校准完成: {0: np.float64(0.43410852713178294), 1: np.float64(0.3541666666666667), 2: np.float64(0.4166666666666667), 3: np.float64(0.4606741573033708)}
2026-06-07 12:53:33 - src.models.hmm_engine - INFO - StockHMM_601878状态校准完成: {0: np.float64(0.423728813559322), 1: np.float64(0.5625), 2: np.float64(0.3469387755102041), 3: np.float64(0.4056603773584906)}
2026-06-07 12:53:33 - src.models.hmm_engine - INFO - StockHMM_601881状态校准完成: {0: np.float64(0.48936170212765956), 1: np.float64(0.45652173913043476), 2: np.float64(0.4305555555555556), 3: np.float64(0.5116279069767442)}
2026-06-07 12:53:33 - src.models.hmm_engine - INFO - StockHMM_601888状态校准完成: {0: np.float64(0.2840909090909091), 1: np.float64(0.46296296296296297), 2: np.float64(0.432), 3: np.float64(0.3050847457627119)}
2026-06-07 12:53:33 - src.models.hmm_engine - INFO - StockHMM_601898状态校准完成: {0: np.float64(0.5066666666666667), 1: np.float64(0.5112781954887218), 2: np.float64(0.5844155844155844), 3: np.float64(0.6341463414634146)}
2026-06-07 12:53:33 - src.models.hmm_engine - INFO - StockHMM_601899状态校准完成: {0: np.float64(0.5512820512820513), 1: np.float64(0.5888888888888889), 2: np.float64(0.44144144144144143), 3: np.float64(0.5106382978723404)}
2026-06-07 12:53:34 - src.models.hmm_engine - INFO - StockHMM_601901状态校准完成: {0: np.float64(0.23404255319148937), 1: np.float64(0.5454545454545454), 2: np.float64(0.48672566371681414), 3: np.float64(0.49624060150375937)}
2026-06-07 12:53:34 - src.models.hmm_engine - INFO - StockHMM_601916状态校准完成: {0: np.float64(0.4375), 1: np.float64(0.504424778761062), 2: np.float64(0.4818181818181818), 3: np.float64(0.5308641975308642)}
2026-06-07 12:53:35 - src.models.hmm_engine - INFO - StockHMM_601919状态校准完成: {0: np.float64(0.6165413533834586), 1: np.float64(0.4264705882352941), 2: np.float64(0.5256410256410257), 3: np.float64(0.5957446808510638)}
2026-06-07 12:53:35 - src.models.hmm_engine - INFO - StockHMM_601939状态校准完成: {0: np.float64(0.4), 1: np.float64(0.6990291262135923), 2: np.float64(0.5512820512820513), 3: np.float64(0.5416666666666666)}
2026-06-07 12:53:35 - src.models.hmm_engine - INFO - StockHMM_601985状态校准完成: {0: np.float64(0.6052631578947368), 1: np.float64(0.651685393258427), 2: np.float64(0.5714285714285714), 3: np.float64(0.4935064935064935)}
2026-06-07 12:53:35 - src.models.hmm_engine - INFO - StockHMM_601988状态校准完成: {0: np.float64(0.5789473684210527), 1: np.float64(0.6129032258064516), 2: np.float64(0.42857142857142855), 3: np.float64(0.6813186813186813)}
2026-06-07 12:53:36 - src.models.hmm_engine - INFO - StockHMM_601995状态校准完成: {0: np.float64(0.3333333333333333), 1: np.float64(0.4789915966386555), 2: np.float64(0.41304347826086957), 3: np.float64(0.41304347826086957)}
2026-06-07 12:53:36 - src.models.hmm_engine - INFO - StockHMM_601998状态校准完成: {0: np.float64(0.5251798561151079), 1: np.float64(0.3333333333333333), 2: np.float64(0.5922330097087378), 3: np.float64(0.4266666666666667)}
2026-06-07 12:53:36 - src.models.hmm_engine - INFO - StockHMM_603019状态校准完成: {0: np.float64(0.6444444444444445), 1: np.float64(0.4375), 2: np.float64(0.512396694214876), 3: np.float64(0.375)}
2026-06-07 12:53:36 - src.models.hmm_engine - INFO - StockHMM_603195状态校准完成: {0: np.float64(0.25), 1: np.float64(0.5042016806722689), 2: np.float64(0.48717948717948717), 3: np.float64(0.47706422018348627)}
2026-06-07 12:53:36 - src.models.hmm_engine - INFO - StockHMM_603259状态校准完成: {0: np.float64(0.4567901234567901), 1: np.float64(0.39215686274509803), 2: np.float64(0.5392156862745098), 3: np.float64(0.4146341463414634)}
2026-06-07 12:53:37 - src.models.hmm_engine - INFO - StockHMM_603260状态校准完成: {0: np.float64(0.3181818181818182), 1: np.float64(0.5319148936170213), 2: np.float64(0.3761467889908257), 3: np.float64(0.2911392405063291)}
2026-06-07 12:53:37 - src.models.hmm_engine - INFO - StockHMM_603288状态校准完成: {0: np.float64(0.417910447761194), 1: np.float64(0.4090909090909091), 2: np.float64(0.23333333333333334), 3: np.float64(0.5154639175257731)}
2026-06-07 12:53:37 - src.models.hmm_engine - INFO - StockHMM_603296状态校准完成: {0: np.float64(0.39655172413793105), 1: np.float64(0.32608695652173914), 2: np.float64(0.49333333333333335), 3: np.float64(0.46534653465346537)}
2026-06-07 12:53:37 - src.models.hmm_engine - INFO - StockHMM_603369状态校准完成: {0: np.float64(0.5176470588235295), 1: np.float64(0.33070866141732286), 2: np.float64(0.42424242424242425), 3: np.float64(0.32098765432098764)}
2026-06-07 12:53:38 - src.models.hmm_engine - INFO - StockHMM_603392状态校准完成: {0: np.float64(0.4714285714285714), 1: np.float64(0.4900662251655629), 2: np.float64(0.5660377358490566), 3: np.float64(0.40384615384615385)}
2026-06-07 12:53:38 - src.models.hmm_engine - INFO - StockHMM_603501状态校准完成: {0: np.float64(0.46226415094339623), 1: np.float64(0.49523809523809526), 2: np.float64(0.3333333333333333), 3: np.float64(0.4574468085106383)}
2026-06-07 12:53:38 - src.models.hmm_engine - INFO - StockHMM_603799状态校准完成: {0: np.float64(0.42391304347826086), 1: np.float64(0.4576271186440678), 2: np.float64(0.4132231404958678), 3: np.float64(0.14814814814814814)}
2026-06-07 12:53:39 - src.models.hmm_engine - INFO - StockHMM_603893状态校准完成: {0: np.float64(0.5862068965517241), 1: np.float64(0.34965034965034963), 2: np.float64(0.5757575757575758), 3: np.float64(0.5619834710743802)}
2026-06-07 12:53:39 - src.models.hmm_engine - INFO - StockHMM_603986状态校准完成: {0: np.float64(0.41964285714285715), 1: np.float64(0.3643410852713178), 2: np.float64(0.7419354838709677), 3: np.float64(0.43478260869565216)}
2026-06-07 12:53:39 - src.models.hmm_engine - INFO - StockHMM_603993状态校准完成: {0: np.float64(0.4051724137931034), 1: np.float64(0.47191011235955055), 2: np.float64(0.6538461538461539), 3: np.float64(0.5942028985507246)}
2026-06-07 12:53:39 - src.models.hmm_engine - INFO - StockHMM_605117状态校准完成: {0: np.float64(0.36893203883495146), 1: np.float64(0.5), 2: np.float64(0.6530612244897959), 3: np.float64(0.35714285714285715)}
2026-06-07 12:53:40 - src.models.hmm_engine - INFO - StockHMM_605499状态校准完成: {0: np.float64(0.44881889763779526), 1: np.float64(0.4861111111111111), 2: np.float64(0.42857142857142855), 3: np.float64(0.5208333333333334)}
2026-06-07 12:53:40 - src.models.hmm_engine - INFO - StockHMM_688008状态校准完成: {0: np.float64(0.4411764705882353), 1: np.float64(0.5157232704402516), 2: np.float64(0.5319148936170213), 3: np.float64(0.4444444444444444)}
2026-06-07 12:53:40 - src.models.hmm_engine - INFO - StockHMM_688009状态校准完成: {0: np.float64(0.4596774193548387), 1: np.float64(0.3229166666666667), 2: np.float64(0.5164835164835165), 3: np.float64(0.26666666666666666)}
2026-06-07 12:53:40 - src.models.hmm_engine - INFO - StockHMM_688012状态校准完成: {0: np.float64(0.5163934426229508), 1: np.float64(0.47183098591549294), 2: np.float64(0.42105263157894735), 3: np.float64(0.5416666666666666)}
2026-06-07 12:53:40 - src.models.hmm_engine - INFO - StockHMM_688036状态校准完成: {0: np.float64(0.23809523809523808), 1: np.float64(0.5), 2: np.float64(0.3855421686746988), 3: np.float64(0.5254237288135594)}
2026-06-07 12:53:40 - src.models.hmm_engine - INFO - StockHMM_688041状态校准完成: {0: np.float64(0.5515151515151515), 1: np.float64(0.5252525252525253), 2: np.float64(0.5853658536585366), 3: np.float64(0.42857142857142855)}
2026-06-07 12:53:41 - src.models.hmm_engine - INFO - StockHMM_688047状态校准完成: {0: np.float64(0.5106382978723404), 1: np.float64(0.44755244755244755), 2: np.float64(0.5517241379310345), 3: np.float64(0.3333333333333333)}
2026-06-07 12:53:41 - src.models.hmm_engine - INFO - StockHMM_688082状态校准完成: {0: np.float64(0.5058823529411764), 1: np.float64(0.358974358974359), 2: np.float64(0.3157894736842105), 3: np.float64(0.3103448275862069)}
2026-06-07 12:53:41 - src.models.hmm_engine - INFO - StockHMM_688111状态校准完成: {0: np.float64(0.5604395604395604), 1: np.float64(0.4), 2: np.float64(0.3620689655172414), 3: np.float64(0.42857142857142855)}
2026-06-07 12:53:41 - src.models.hmm_engine - INFO - StockHMM_688126状态校准完成: {0: np.float64(0.5047619047619047), 1: np.float64(0.3968253968253968), 2: np.float64(0.323943661971831), 3: np.float64(0.375)}
2026-06-07 12:53:41 - src.models.hmm_engine - INFO - StockHMM_688169状态校准完成: {0: np.float64(0.4155844155844156), 1: np.float64(0.5), 2: np.float64(0.47019867549668876), 3: np.float64(0.4423076923076923)}
2026-06-07 12:53:42 - src.models.hmm_engine - INFO - StockHMM_688187状态校准完成: {0: np.float64(0.5056179775280899), 1: np.float64(0.40186915887850466), 2: np.float64(0.4567901234567901), 3: np.float64(0.4897959183673469)}
2026-06-07 12:53:42 - src.models.hmm_engine - INFO - StockHMM_688223状态校准完成: {0: np.float64(0.25), 1: np.float64(0.4666666666666667), 2: np.float64(0.3917525773195876), 3: np.float64(0.47368421052631576)}
2026-06-07 12:53:42 - src.models.hmm_engine - INFO - StockHMM_688256状态校准完成: {0: np.float64(0.5957446808510638), 1: np.float64(0.40384615384615385), 2: np.float64(0.6274509803921569), 3: np.float64(0.5725806451612904)}
2026-06-07 12:53:42 - src.models.hmm_engine - INFO - StockHMM_688271状态校准完成: {0: np.float64(0.6875), 1: np.float64(0.41), 2: np.float64(0.39), 3: np.float64(0.43478260869565216)}
2026-06-07 12:53:42 - src.models.hmm_engine - INFO - StockHMM_688303状态校准完成: {0: np.float64(0.375), 1: np.float64(0.4), 2: np.float64(0.4365079365079365), 3: np.float64(0.17307692307692307)}
2026-06-07 12:53:43 - src.models.hmm_engine - INFO - StockHMM_688396状态校准完成: {0: np.float64(0.3611111111111111), 1: np.float64(0.48295454545454547), 2: np.float64(0.36363636363636365), 3: np.float64(0.27184466019417475)}
2026-06-07 12:53:43 - src.models.hmm_engine - INFO - StockHMM_688472状态校准完成: {0: np.float64(0.3684210526315789), 1: np.float64(0.3373493975903614), 2: np.float64(0.43333333333333335), 3: np.float64(0.6344086021505376)}
2026-06-07 12:53:43 - src.models.hmm_engine - INFO - StockHMM_688506状态校准完成: {0: np.float64(0.3372093023255814), 1: np.float64(0.5666666666666667), 2: np.float64(0.43564356435643564), 3: np.float64(0.42857142857142855)}
2026-06-07 12:53:44 - src.models.hmm_engine - INFO - StockHMM_688981状态校准完成: {0: np.float64(0.5294117647058824), 1: np.float64(0.5481927710843374), 2: np.float64(0.46938775510204084), 3: np.float64(0.4)}
2026-06-07 12:53:44 - src.models.hmm_engine - INFO - StockHMM_000001状态校准完成: {0: np.float64(0.5137614678899083), 1: np.float64(0.44642857142857145), 2: np.float64(0.4823529411764706), 3: np.float64(0.3)}
2026-06-07 12:53:44 - src.models.hmm_engine - INFO - StockHMM_000002状态校准完成: {0: np.float64(0.35714285714285715), 1: np.float64(0.36666666666666664), 2: np.float64(0.1958762886597938), 3: np.float64(0.3424657534246575)}
2026-06-07 12:53:44 - src.models.hmm_engine - INFO - StockHMM_000063状态校准完成: {0: np.float64(0.46601941747572817), 1: np.float64(0.425531914893617), 2: np.float64(0.4634146341463415), 3: np.float64(0.4772727272727273)}
2026-06-07 12:53:45 - src.models.hmm_engine - INFO - StockHMM_000100状态校准完成: {0: np.float64(0.5196078431372549), 1: np.float64(0.4351851851851852), 2: np.float64(0.3783783783783784), 3: np.float64(0.43037974683544306)}
2026-06-07 12:53:45 - src.models.hmm_engine - INFO - StockHMM_000157状态校准完成: {0: np.float64(0.5052631578947369), 1: np.float64(0.5333333333333333), 2: np.float64(0.3684210526315789), 3: np.float64(0.35)}
2026-06-07 12:53:45 - src.models.hmm_engine - INFO - StockHMM_000166状态校准完成: {0: np.float64(0.45774647887323944), 1: np.float64(0.54), 2: np.float64(0.4727272727272727), 3: np.float64(0.4166666666666667)}
2026-06-07 12:53:45 - src.models.hmm_engine - INFO - StockHMM_000301状态校准完成: {0: np.float64(0.2840909090909091), 1: np.float64(0.3008849557522124), 2: np.float64(0.43243243243243246), 3: np.float64(0.5340909090909091)}
2026-06-07 12:53:45 - src.models.hmm_engine - INFO - StockHMM_000333状态校准完成: {0: np.float64(0.45871559633027525), 1: np.float64(0.48717948717948717), 2: np.float64(0.42105263157894735), 3: np.float64(0.6166666666666667)}
2026-06-07 12:53:45 - src.models.hmm_engine - INFO - StockHMM_000338状态校准完成: {0: np.float64(0.5488721804511278), 1: np.float64(0.36619718309859156), 2: np.float64(0.32432432432432434), 3: np.float64(0.6705882352941176)}
2026-06-07 12:53:46 - src.models.hmm_engine - INFO - StockHMM_000408状态校准完成: {0: np.float64(0.5526315789473685), 1: np.float64(0.6111111111111112), 2: np.float64(0.4148936170212766), 3: np.float64(0.4393939393939394)}
2026-06-07 12:53:46 - src.models.hmm_engine - INFO - StockHMM_000425状态校准完成: {0: np.float64(0.5192307692307693), 1: np.float64(0.4782608695652174), 2: np.float64(0.5), 3: np.float64(0.4625)}
2026-06-07 12:53:46 - src.models.hmm_engine - INFO - StockHMM_000538状态校准完成: {0: np.float64(0.45454545454545453), 1: np.float64(0.5230769230769231), 2: np.float64(0.5416666666666666), 3: np.float64(0.4084507042253521)}
2026-06-07 12:53:46 - src.models.hmm_engine - INFO - StockHMM_000568状态校准完成: {0: np.float64(0.5365853658536586), 1: np.float64(0.23880597014925373), 2: np.float64(0.38636363636363635), 3: np.float64(0.3007518796992481)}
2026-06-07 12:53:47 - src.models.hmm_engine - INFO - StockHMM_000596状态校准完成: {0: np.float64(0.5625), 1: np.float64(0.3356643356643357), 2: np.float64(0.3170731707317073), 3: np.float64(0.28205128205128205)}
2026-06-07 12:53:47 - src.models.hmm_engine - INFO - StockHMM_000617状态校准完成: {0: np.float64(0.40414507772020725), 1: np.float64(0.5666666666666667), 2: np.float64(0.46774193548387094), 3: np.float64(0.1951219512195122)}
2026-06-07 12:53:47 - src.models.hmm_engine - INFO - StockHMM_000625状态校准完成: {0: np.float64(0.575), 1: np.float64(0.5167785234899329), 2: np.float64(0.21428571428571427), 3: np.float64(0.5522388059701493)}
2026-06-07 12:53:48 - src.models.hmm_engine - INFO - StockHMM_000630状态校准完成: {0: np.float64(0.5074626865671642), 1: np.float64(0.44565217391304346), 2: np.float64(0.4230769230769231), 3: np.float64(0.41843971631205673)}
2026-06-07 12:53:48 - src.models.hmm_engine - INFO - StockHMM_000651状态校准完成: {0: np.float64(0.5631067961165048), 1: np.float64(0.5433070866141733), 2: np.float64(0.5056179775280899), 3: np.float64(0.2857142857142857)}
2026-06-07 12:53:48 - src.models.hmm_engine - INFO - StockHMM_000661状态校准完成: {0: np.float64(0.54), 1: np.float64(0.37037037037037035), 2: np.float64(0.3669724770642202), 3: np.float64(0.46511627906976744)}
2026-06-07 12:53:49 - src.models.hmm_engine - INFO - StockHMM_000708状态校准完成: {0: np.float64(0.49038461538461536), 1: np.float64(0.3488372093023256), 2: np.float64(0.3697478991596639), 3: np.float64(0.23529411764705882)}
2026-06-07 12:53:49 - src.models.hmm_engine - INFO - StockHMM_000725状态校准完成: {0: np.float64(0.5537190082644629), 1: np.float64(0.3958333333333333), 2: np.float64(0.35294117647058826), 3: np.float64(0.4666666666666667)}
2026-06-07 12:53:49 - src.models.hmm_engine - INFO - StockHMM_000768状态校准完成: {0: np.float64(0.37681159420289856), 1: np.float64(0.5894736842105263), 2: np.float64(0.4), 3: np.float64(0.45454545454545453)}
2026-06-07 12:53:49 - src.models.hmm_engine - INFO - StockHMM_000776状态校准完成: {0: np.float64(0.4528301886792453), 1: np.float64(0.4608695652173913), 2: np.float64(0.302158273381295), 3: np.float64(0.47368421052631576)}
2026-06-07 12:53:49 - src.models.hmm_engine - INFO - StockHMM_000786状态校准完成: {0: np.float64(0.3333333333333333), 1: np.float64(0.4326923076923077), 2: np.float64(0.5138888888888888), 3: np.float64(0.4444444444444444)}
2026-06-07 12:53:50 - src.models.hmm_engine - INFO - StockHMM_000792状态校准完成: {0: np.float64(0.4444444444444444), 1: np.float64(0.36428571428571427), 2: np.float64(0.5217391304347826), 3: np.float64(0.42857142857142855)}
2026-06-07 12:53:50 - src.models.hmm_engine - INFO - StockHMM_000807状态校准完成: {0: np.float64(0.47368421052631576), 1: np.float64(0.5849056603773585), 2: np.float64(0.43478260869565216), 3: np.float64(0.425531914893617)}
2026-06-07 12:53:50 - src.models.hmm_engine - INFO - StockHMM_000858状态校准完成: {0: np.float64(0.39090909090909093), 1: np.float64(0.3178294573643411), 2: np.float64(0.36363636363636365), 3: np.float64(0.47368421052631576)}
2026-06-07 12:53:50 - src.models.hmm_engine - INFO - StockHMM_000876状态校准完成: {0: np.float64(0.460431654676259), 1: np.float64(0.23076923076923078), 2: np.float64(0.5185185185185185), 3: np.float64(0.1509433962264151)}
2026-06-07 12:53:50 - src.models.hmm_engine - INFO - StockHMM_000895状态校准完成: {0: np.float64(0.6041666666666666), 1: np.float64(0.5), 2: np.float64(0.39473684210526316), 3: np.float64(0.5555555555555556)}
2026-06-07 12:53:51 - src.models.hmm_engine - INFO - StockHMM_000938状态校准完成: {0: np.float64(0.5076923076923077), 1: np.float64(0.4144144144144144), 2: np.float64(0.4329896907216495), 3: np.float64(0.4716981132075472)}
2026-06-07 12:53:51 - src.models.hmm_engine - INFO - StockHMM_000963状态校准完成: {0: np.float64(0.3780487804878049), 1: np.float64(0.3488372093023256), 2: np.float64(0.504950495049505), 3: np.float64(0.47368421052631576)}
2026-06-07 12:53:51 - src.models.hmm_engine - INFO - StockHMM_000975状态校准完成: {0: np.float64(0.5185185185185185), 1: np.float64(0.5591397849462365), 2: np.float64(0.38596491228070173), 3: np.float64(0.5157894736842106)}
2026-06-07 12:53:52 - src.models.hmm_engine - INFO - StockHMM_000977状态校准完成: {0: np.float64(0.47244094488188976), 1: np.float64(0.5238095238095238), 2: np.float64(0.45454545454545453), 3: np.float64(0.6041666666666666)}
2026-06-07 12:53:52 - src.models.hmm_engine - INFO - StockHMM_000983状态校准完成: {0: np.float64(0.47959183673469385), 1: np.float64(0.6111111111111112), 2: np.float64(0.45454545454545453), 3: np.float64(0.36585365853658536)}
2026-06-07 12:53:52 - src.models.hmm_engine - INFO - StockHMM_000999状态校准完成: {0: np.float64(0.5227272727272727), 1: np.float64(0.4883720930232558), 2: np.float64(0.5492957746478874), 3: np.float64(0.4339622641509434)}
2026-06-07 12:53:53 - src.models.hmm_engine - INFO - StockHMM_001965状态校准完成: {0: np.float64(0.6875), 1: np.float64(0.5339805825242718), 2: np.float64(0.7083333333333334), 3: np.float64(0.5473684210526316)}
2026-06-07 12:53:53 - src.models.hmm_engine - INFO - StockHMM_001979状态校准完成: {0: np.float64(0.4146341463414634), 1: np.float64(0.4777777777777778), 2: np.float64(0.19047619047619047), 3: np.float64(0.4)}
2026-06-07 12:53:53 - src.models.hmm_engine - INFO - StockHMM_002001状态校准完成: {0: np.float64(0.5943396226415094), 1: np.float64(0.5), 2: np.float64(0.576271186440678), 3: np.float64(0.582089552238806)}
2026-06-07 12:53:54 - src.models.hmm_engine - INFO - StockHMM_002027状态校准完成: {0: np.float64(0.5789473684210527), 1: np.float64(0.5283018867924528), 2: np.float64(0.3333333333333333), 3: np.float64(0.45454545454545453)}
2026-06-07 12:53:54 - src.models.hmm_engine - INFO - StockHMM_002028状态校准完成: {0: np.float64(0.47692307692307695), 1: np.float64(0.417910447761194), 2: np.float64(0.5346534653465347), 3: np.float64(0.5913978494623656)}
2026-06-07 12:53:54 - src.models.hmm_engine - INFO - StockHMM_002049状态校准完成: {0: np.float64(0.375), 1: np.float64(0.4387755102040816), 2: np.float64(0.39090909090909093), 3: np.float64(0.37209302325581395)}
2026-06-07 12:53:55 - src.models.hmm_engine - INFO - StockHMM_002050状态校准完成: {0: np.float64(0.3953488372093023), 1: np.float64(0.32941176470588235), 2: np.float64(0.5692307692307692), 3: np.float64(0.4222222222222222)}
2026-06-07 12:53:55 - src.models.hmm_engine - INFO - StockHMM_002074状态校准完成: {0: np.float64(0.38738738738738737), 1: np.float64(0.3888888888888889), 2: np.float64(0.3181818181818182), 3: np.float64(0.5454545454545454)}
2026-06-07 12:53:55 - src.models.hmm_engine - INFO - StockHMM_002142状态校准完成: {0: np.float64(0.425531914893617), 1: np.float64(0.39552238805970147), 2: np.float64(0.36363636363636365), 3: np.float64(0.5714285714285714)}
2026-06-07 12:53:55 - src.models.hmm_engine - INFO - StockHMM_002179状态校准完成: {0: np.float64(0.5084745762711864), 1: np.float64(0.5151515151515151), 2: np.float64(0.39552238805970147), 3: np.float64(0.47058823529411764)}
2026-06-07 12:53:56 - src.models.hmm_engine - INFO - StockHMM_002230状态校准完成: {0: np.float64(0.4631578947368421), 1: np.float64(0.32978723404255317), 2: np.float64(0.5245901639344263), 3: np.float64(0.4605263157894737)}
2026-06-07 12:53:56 - src.models.hmm_engine - INFO - StockHMM_002236状态校准完成: {0: np.float64(0.37962962962962965), 1: np.float64(0.39285714285714285), 2: np.float64(0.5957446808510638), 3: np.float64(0.3050847457627119)}
2026-06-07 12:53:56 - src.models.hmm_engine - INFO - StockHMM_002241状态校准完成: {0: np.float64(0.35294117647058826), 1: np.float64(0.6694214876033058), 2: np.float64(0.48214285714285715), 3: np.float64(0.40816326530612246)}
2026-06-07 12:53:56 - src.models.hmm_engine - INFO - StockHMM_002252状态校准完成: {0: np.float64(0.6336633663366337), 1: np.float64(0.39603960396039606), 2: np.float64(0.3287671232876712), 3: np.float64(0.6136363636363636)}
2026-06-07 12:53:57 - src.models.hmm_engine - INFO - StockHMM_002304状态校准完成: {0: np.float64(0.37593984962406013), 1: np.float64(0.2413793103448276), 2: np.float64(0.11764705882352941), 3: np.float64(0.33707865168539325)}
2026-06-07 12:53:57 - src.models.hmm_engine - INFO - StockHMM_002311状态校准完成: {0: np.float64(0.29545454545454547), 1: np.float64(0.366412213740458), 2: np.float64(0.42105263157894735), 3: np.float64(0.5113636363636364)}
2026-06-07 12:53:57 - src.models.hmm_engine - INFO - StockHMM_002352状态校准完成: {0: np.float64(0.30973451327433627), 1: np.float64(0.5161290322580645), 2: np.float64(0.5108695652173914), 3: np.float64(0.5111111111111111)}
2026-06-07 12:53:57 - src.models.hmm_engine - INFO - StockHMM_002371状态校准完成: {0: np.float64(0.5454545454545454), 1: np.float64(0.43902439024390244), 2: np.float64(0.49295774647887325), 3: np.float64(0.5206611570247934)}
2026-06-07 12:53:57 - src.models.hmm_engine - INFO - StockHMM_002384状态校准完成: {0: np.float64(0.5584415584415584), 1: np.float64(0.4166666666666667), 2: np.float64(0.6190476190476191), 3: np.float64(0.5)}
2026-06-07 12:53:58 - src.models.hmm_engine - INFO - StockHMM_002415状态校准完成: {0: np.float64(0.36607142857142855), 1: np.float64(0.48854961832061067), 2: np.float64(0.32142857142857145), 3: np.float64(0.48148148148148145)}
2026-06-07 12:53:58 - src.models.hmm_engine - INFO - StockHMM_002422状态校准完成: {0: np.float64(0.5045045045045045), 1: np.float64(0.4485981308411215), 2: np.float64(0.5227272727272727), 3: np.float64(0.359375)}
2026-06-07 12:53:58 - src.models.hmm_engine - INFO - StockHMM_002459状态校准完成: {0: np.float64(0.3522727272727273), 1: np.float64(0.2903225806451613), 2: np.float64(0.5151515151515151), 3: np.float64(0.5416666666666666)}
2026-06-07 12:53:58 - src.models.hmm_engine - INFO - StockHMM_002460状态校准完成: {0: np.float64(0.43661971830985913), 1: np.float64(0.5094339622641509), 2: np.float64(0.34146341463414637), 3: np.float64(0.38333333333333336)}
2026-06-07 12:53:58 - src.models.hmm_engine - INFO - StockHMM_002463状态校准完成: {0: np.float64(0.44660194174757284), 1: np.float64(0.4528301886792453), 2: np.float64(0.48484848484848486), 3: np.float64(0.5474452554744526)}
2026-06-07 12:53:59 - src.models.hmm_engine - INFO - StockHMM_002466状态校准完成: {0: np.float64(0.39473684210526316), 1: np.float64(0.5), 2: np.float64(0.4375), 3: np.float64(0.25)}
2026-06-07 12:53:59 - src.models.hmm_engine - INFO - StockHMM_002475状态校准完成: {0: np.float64(0.5520833333333334), 1: np.float64(0.5393258426966292), 2: np.float64(0.5272727272727272), 3: np.float64(0.5232558139534884)}
2026-06-07 12:53:59 - src.models.hmm_engine - INFO - StockHMM_002493状态校准完成: {0: np.float64(0.4811320754716981), 1: np.float64(0.4583333333333333), 2: np.float64(0.3655913978494624), 3: np.float64(0.39805825242718446)}
2026-06-07 12:53:59 - src.models.hmm_engine - INFO - StockHMM_002594状态校准完成: {0: np.float64(0.46715328467153283), 1: np.float64(0.39285714285714285), 2: np.float64(0.4918032786885246), 3: np.float64(0.6388888888888888)}
2026-06-07 12:53:59 - src.models.hmm_engine - INFO - StockHMM_002600状态校准完成: {0: np.float64(0.5280898876404494), 1: np.float64(0.5384615384615384), 2: np.float64(0.5316455696202531), 3: np.float64(0.43010752688172044)}
2026-06-07 12:54:00 - src.models.hmm_engine - INFO - StockHMM_002601状态校准完成: {0: np.float64(0.38848920863309355), 1: np.float64(0.5416666666666666), 2: np.float64(0.3902439024390244), 3: np.float64(0.4594594594594595)}
2026-06-07 12:54:00 - src.models.hmm_engine - INFO - StockHMM_002625状态校准完成: {0: np.float64(0.5656565656565656), 1: np.float64(0.7105263157894737), 2: np.float64(0.4050632911392405), 3: np.float64(0.6451612903225806)}
2026-06-07 12:54:00 - src.models.hmm_engine - INFO - StockHMM_002648状态校准完成: {0: np.float64(0.5555555555555556), 1: np.float64(0.45112781954887216), 2: np.float64(0.5510204081632653), 3: np.float64(0.35802469135802467)}
2026-06-07 12:54:00 - src.models.hmm_engine - INFO - StockHMM_002709状态校准完成: {0: np.float64(0.37755102040816324), 1: np.float64(0.358974358974359), 2: np.float64(0.3076923076923077), 3: np.float64(0.4722222222222222)}
2026-06-07 12:54:01 - src.models.hmm_engine - INFO - StockHMM_002714状态校准完成: {0: np.float64(0.36619718309859156), 1: np.float64(0.671875), 2: np.float64(0.45098039215686275), 3: np.float64(0.463768115942029)}
2026-06-07 12:54:01 - src.models.hmm_engine - INFO - StockHMM_002736状态校准完成: {0: np.float64(0.5306122448979592), 1: np.float64(0.5923076923076923), 2: np.float64(0.3888888888888889), 3: np.float64(0.4369747899159664)}
2026-06-07 12:54:01 - src.models.hmm_engine - INFO - StockHMM_002916状态校准完成: {0: np.float64(0.7), 1: np.float64(0.4336283185840708), 2: np.float64(0.518796992481203), 3: np.float64(0.32)}
2026-06-07 12:54:01 - src.models.hmm_engine - INFO - StockHMM_002920状态校准完成: {0: np.float64(0.5), 1: np.float64(0.3511450381679389), 2: np.float64(0.5964912280701754), 3: np.float64(0.4883720930232558)}
2026-06-07 12:54:02 - src.models.hmm_engine - INFO - StockHMM_002938状态校准完成: {0: np.float64(0.5283018867924528), 1: np.float64(0.49473684210526314), 2: np.float64(0.65), 3: np.float64(0.4387755102040816)}
2026-06-07 12:54:02 - src.models.hmm_engine - INFO - StockHMM_003816状态校准完成: {0: np.float64(0.5795454545454546), 1: np.float64(0.47619047619047616), 2: np.float64(0.4772727272727273), 3: np.float64(0.6545454545454545)}
2026-06-07 12:54:02 - src.models.hmm_engine - INFO - StockHMM_300014状态校准完成: {0: np.float64(0.35064935064935066), 1: np.float64(0.49044585987261147), 2: np.float64(0.2564102564102564), 3: np.float64(0.5)}
2026-06-07 12:54:02 - src.models.hmm_engine - INFO - StockHMM_300015状态校准完成: {0: np.float64(0.3247863247863248), 1: np.float64(0.3277310924369748), 2: np.float64(0.40789473684210525), 3: np.float64(0.42857142857142855)}
2026-06-07 12:54:03 - src.models.hmm_engine - INFO - StockHMM_300033状态校准完成: {0: np.float64(0.3644067796610169), 1: np.float64(0.625), 2: np.float64(0.44680851063829785), 3: np.float64(0.5185185185185185)}
2026-06-07 12:54:03 - src.models.hmm_engine - INFO - StockHMM_300059状态校准完成: {0: np.float64(0.3645833333333333), 1: np.float64(0.6), 2: np.float64(0.3353658536585366), 3: np.float64(0.5853658536585366)}
2026-06-07 12:54:03 - src.models.hmm_engine - INFO - StockHMM_300122状态校准完成: {0: np.float64(0.2911392405063291), 1: np.float64(0.75), 2: np.float64(0.39622641509433965), 3: np.float64(0.4774774774774775)}
2026-06-07 12:54:03 - src.models.hmm_engine - INFO - StockHMM_300124状态校准完成: {0: np.float64(0.45054945054945056), 1: np.float64(0.4444444444444444), 2: np.float64(0.5), 3: np.float64(0.34782608695652173)}
2026-06-07 12:54:04 - src.models.hmm_engine - INFO - StockHMM_300251状态校准完成: {0: np.float64(0.38271604938271603), 1: np.float64(0.6086956521739131), 2: np.float64(0.36879432624113473), 3: np.float64(0.5689655172413793)}
2026-06-07 12:54:04 - src.models.hmm_engine - INFO - StockHMM_300274状态校准完成: {0: np.float64(0.45454545454545453), 1: np.float64(0.2948717948717949), 2: np.float64(0.3333333333333333), 3: np.float64(0.5405405405405406)}
2026-06-07 12:54:04 - src.models.hmm_engine - INFO - StockHMM_300308状态校准完成: {0: np.float64(0.42424242424242425), 1: np.float64(0.4482758620689655), 2: np.float64(0.5625), 3: np.float64(0.5)}
2026-06-07 12:54:05 - src.models.hmm_engine - INFO - StockHMM_300316状态校准完成: {0: np.float64(0.2839506172839506), 1: np.float64(0.41228070175438597), 2: np.float64(0.3225806451612903), 3: np.float64(0.35)}
2026-06-07 12:54:05 - src.models.hmm_engine - INFO - StockHMM_300347状态校准完成: {0: np.float64(0.4166666666666667), 1: np.float64(0.37755102040816324), 2: np.float64(0.4019607843137255), 3: np.float64(0.5897435897435898)}
2026-06-07 12:54:05 - src.models.hmm_engine - INFO - StockHMM_300394状态校准完成: {0: np.float64(0.5178571428571429), 1: np.float64(0.5957446808510638), 2: np.float64(0.3619047619047619), 3: np.float64(0.41935483870967744)}
2026-06-07 12:54:05 - src.models.hmm_engine - INFO - StockHMM_300408状态校准完成: {0: np.float64(0.5203252032520326), 1: np.float64(0.5294117647058824), 2: np.float64(0.42857142857142855), 3: np.float64(0.45652173913043476)}
2026-06-07 12:54:06 - src.models.hmm_engine - INFO - StockHMM_300413状态校准完成: {0: np.float64(0.43333333333333335), 1: np.float64(0.53), 2: np.float64(0.297029702970297), 3: np.float64(0.5428571428571428)}
2026-06-07 12:54:06 - src.models.hmm_engine - INFO - StockHMM_300418状态校准完成: {0: np.float64(0.4523809523809524), 1: np.float64(0.4566929133858268), 2: np.float64(0.3670886075949367), 3: np.float64(0.7222222222222222)}
2026-06-07 12:54:06 - src.models.hmm_engine - INFO - StockHMM_300433状态校准完成: {0: np.float64(0.4507042253521127), 1: np.float64(0.5641025641025641), 2: np.float64(0.6379310344827587), 3: np.float64(0.53)}
2026-06-07 12:54:06 - src.models.hmm_engine - INFO - StockHMM_300442状态校准完成: {0: np.float64(0.528169014084507), 1: np.float64(0.3448275862068966), 2: np.float64(0.6666666666666666), 3: np.float64(0.3972602739726027)}
2026-06-07 12:54:06 - src.models.hmm_engine - INFO - StockHMM_300476状态校准完成: {0: np.float64(0.6451612903225806), 1: np.float64(0.44761904761904764), 2: np.float64(0.5507246376811594), 3: np.float64(0.5041322314049587)}
2026-06-07 12:54:07 - src.models.hmm_engine - INFO - StockHMM_300498状态校准完成: {0: np.float64(0.391304347826087), 1: np.float64(0.4857142857142857), 2: np.float64(0.25), 3: np.float64(0.46511627906976744)}
2026-06-07 12:54:07 - src.models.hmm_engine - INFO - StockHMM_300502状态校准完成: {0: np.float64(0.578125), 1: np.float64(0.5121951219512195), 2: np.float64(0.5072463768115942), 3: np.float64(0.425531914893617)}
2026-06-07 12:54:07 - src.models.hmm_engine - INFO - StockHMM_300628状态校准完成: {0: np.float64(0.4418604651162791), 1: np.float64(0.36363636363636365), 2: np.float64(0.5277777777777778), 3: np.float64(0.6451612903225806)}
2026-06-07 12:54:07 - src.models.hmm_engine - INFO - StockHMM_300661状态校准完成: {0: np.float64(0.4528301886792453), 1: np.float64(0.4117647058823529), 2: np.float64(0.5112781954887218), 3: np.float64(0.42105263157894735)}
2026-06-07 12:54:07 - src.models.hmm_engine - INFO - StockHMM_300750状态校准完成: {0: np.float64(0.5483870967741935), 1: np.float64(0.42857142857142855), 2: np.float64(0.4188034188034188), 3: np.float64(0.5081967213114754)}
2026-06-07 12:54:08 - src.models.hmm_engine - INFO - StockHMM_300759状态校准完成: {0: np.float64(0.3670886075949367), 1: np.float64(0.36), 2: np.float64(0.5), 3: np.float64(0.6133333333333333)}
2026-06-07 12:54:08 - src.models.hmm_engine - INFO - StockHMM_300760状态校准完成: {0: np.float64(0.4878048780487805), 1: np.float64(0.40217391304347827), 2: np.float64(0.3333333333333333), 3: np.float64(0.30392156862745096)}
2026-06-07 12:54:08 - src.models.hmm_engine - INFO - StockHMM_300782状态校准完成: {0: np.float64(0.38095238095238093), 1: np.float64(0.29411764705882354), 2: np.float64(0.5925925925925926), 3: np.float64(0.325)}
2026-06-07 12:54:08 - src.models.hmm_engine - INFO - StockHMM_300803状态校准完成: {0: np.float64(0.44680851063829785), 1: np.float64(0.7272727272727273), 2: np.float64(0.4473684210526316), 3: np.float64(0.3238095238095238)}
2026-06-07 12:54:09 - src.models.hmm_engine - INFO - StockHMM_300832状态校准完成: {0: np.float64(0.07692307692307693), 1: np.float64(0.6240601503759399), 2: np.float64(0.47126436781609193), 3: np.float64(0.5268817204301075)}
2026-06-07 12:54:10 - src.models.hmm_engine - INFO - StockHMM_300866状态校准完成: {0: np.float64(0.5319148936170213), 1: np.float64(0.5784313725490197), 2: np.float64(0.44871794871794873), 3: np.float64(0.45454545454545453)}
2026-06-07 12:54:10 - src.models.hmm_engine - INFO - StockHMM_300896状态校准完成: {0: np.float64(0.35772357723577236), 1: np.float64(0.43478260869565216), 2: np.float64(0.46153846153846156), 3: np.float64(0.35714285714285715)}
2026-06-07 12:54:10 - src.models.hmm_engine - INFO - StockHMM_300979状态校准完成: {0: np.float64(0.5392156862745098), 1: np.float64(0.44285714285714284), 2: np.float64(0.61), 3: np.float64(0.4444444444444444)}
2026-06-07 12:54:10 - src.models.hmm_engine - INFO - StockHMM_300999状态校准完成: {0: np.float64(0.47368421052631576), 1: np.float64(0.4603174603174603), 2: np.float64(0.45689655172413796), 3: np.float64(0.3046875)}
2026-06-07 12:54:10 - src.models.hmm_engine - INFO - StockHMM_301236状态校准完成: {0: np.float64(0.4857142857142857), 1: np.float64(0.4642857142857143), 2: np.float64(0.5612244897959183), 3: np.float64(0.48623853211009177)}
2026-06-07 12:54:11 - src.models.hmm_engine - INFO - StockHMM_301269状态校准完成: {0: np.float64(0.5694444444444444), 1: np.float64(0.38461538461538464), 2: np.float64(0.4601226993865031), 3: np.float64(0.48717948717948717)}
2026-06-07 12:54:11 - src.models.hmm_engine - INFO - StockHMM_302132状态校准完成: {0: np.float64(0.5858585858585859), 1: np.float64(0.5476190476190477), 2: np.float64(0.43636363636363634), 3: np.float64(0.6)}
2026-06-07 12:55:28 - src.models.hmm_engine - INFO - StockHMM_600000状态校准完成: {0: np.float64(0.54), 1: np.float64(0.6172839506172839), 2: np.float64(0.45454545454545453), 3: np.float64(0.5203252032520326)}
2026-06-07 12:56:11 - src.models.hmm_engine - INFO - StockHMM_600000状态校准完成: {0: np.float64(0.54), 1: np.float64(0.6172839506172839), 2: np.float64(0.45454545454545453), 3: np.float64(0.5203252032520326)}
2026-06-07 12:58:21 - src.models.hmm_engine - INFO - StockHMM_600000状态校准完成: {0: np.float64(0.54), 1: np.float64(0.6172839506172839), 2: np.float64(0.45454545454545453), 3: np.float64(0.5203252032520326)}
2026-06-07 12:58:22 - src.models.hmm_engine - INFO - StockHMM_600009状态校准完成: {0: np.float64(0.10344827586206896), 1: np.float64(0.40310077519379844), 2: np.float64(0.36283185840707965), 3: np.float64(0.6181818181818182)}
2026-06-07 12:58:22 - src.models.hmm_engine - INFO - StockHMM_600010状态校准完成: {0: np.float64(0.43333333333333335), 1: np.float64(0.25), 2: np.float64(0.5789473684210527), 3: np.float64(0.3728813559322034)}
2026-06-07 13:33:59 - src.models.hmm_engine - INFO - StockHMM_600000状态校准完成: {0: np.float64(0.54), 1: np.float64(0.6172839506172839), 2: np.float64(0.45454545454545453), 3: np.float64(0.5203252032520326)}
2026-06-07 13:34:00 - src.models.hmm_engine - INFO - StockHMM_600009状态校准完成: {0: np.float64(0.10344827586206896), 1: np.float64(0.40310077519379844), 2: np.float64(0.36283185840707965), 3: np.float64(0.6181818181818182)}
2026-06-07 13:34:00 - src.models.hmm_engine - INFO - StockHMM_600010状态校准完成: {0: np.float64(0.43333333333333335), 1: np.float64(0.25), 2: np.float64(0.5789473684210527), 3: np.float64(0.3728813559322034)}
2026-06-07 13:34:00 - src.models.hmm_engine - INFO - StockHMM_600011状态校准完成: {0: np.float64(0.5348837209302325), 1: np.float64(0.4787234042553192), 2: np.float64(0.4878048780487805), 3: np.float64(0.22727272727272727)}
2026-06-07 13:34:00 - src.models.hmm_engine - INFO - StockHMM_600015状态校准完成: {0: np.float64(0.5692307692307692), 1: np.float64(0.6129032258064516), 2: np.float64(0.6048387096774194), 3: np.float64(0.49056603773584906)}
2026-06-07 13:34:01 - src.models.hmm_engine - INFO - StockHMM_600016状态校准完成: {0: np.float64(0.3870967741935484), 1: np.float64(0.4728682170542636), 2: np.float64(0.46), 3: np.float64(0.43103448275862066)}
2026-06-07 13:34:01 - src.models.hmm_engine - INFO - StockHMM_600018状态校准完成: {0: np.float64(0.5392156862745098), 1: np.float64(0.4666666666666667), 2: np.float64(0.536), 3: np.float64(0.5217391304347826)}
2026-06-07 13:34:01 - src.models.hmm_engine - INFO - StockHMM_600019状态校准完成: {0: np.float64(0.44166666666666665), 1: np.float64(0.43119266055045874), 2: np.float64(0.42105263157894735), 3: np.float64(0.5384615384615384)}
2026-06-07 13:34:01 - src.models.hmm_engine - INFO - StockHMM_600023状态校准完成: {0: np.float64(0.46808510638297873), 1: np.float64(0.42016806722689076), 2: np.float64(0.5394736842105263), 3: np.float64(0.6071428571428571)}
2026-06-07 13:34:02 - src.models.hmm_engine - INFO - StockHMM_600025状态校准完成: {0: np.float64(0.3389830508474576), 1: np.float64(0.5252525252525253), 2: np.float64(0.7422680412371134), 3: np.float64(0.6197183098591549)}
2026-06-07 13:34:02 - src.models.hmm_engine - INFO - StockHMM_600026状态校准完成: {0: np.float64(0.38461538461538464), 1: np.float64(0.45161290322580644), 2: np.float64(0.42452830188679247), 3: np.float64(0.543859649122807)}
2026-06-07 13:34:02 - src.models.hmm_engine - INFO - StockHMM_600027状态校准完成: {0: np.float64(0.5211267605633803), 1: np.float64(0.5131578947368421), 2: np.float64(0.5169491525423728), 3: np.float64(0.45098039215686275)}
2026-06-07 13:34:02 - src.models.hmm_engine - INFO - StockHMM_600028状态校准完成: {0: np.float64(0.5981308411214953), 1: np.float64(0.453125), 2: np.float64(0.45454545454545453), 3: np.float64(0.52)}
2026-06-07 13:34:03 - src.models.hmm_engine - INFO - StockHMM_600029状态校准完成: {0: np.float64(0.42857142857142855), 1: np.float64(0.3629032258064516), 2: np.float64(0.3488372093023256), 3: np.float64(0.4961832061068702)}
2026-06-07 13:34:03 - src.models.hmm_engine - INFO - StockHMM_600030状态校准完成: {0: np.float64(0.42857142857142855), 1: np.float64(0.48), 2: np.float64(0.4418604651162791), 3: np.float64(0.37254901960784315)}
2026-06-07 13:34:03 - src.models.hmm_engine - INFO - StockHMM_600031状态校准完成: {0: np.float64(0.5588235294117647), 1: np.float64(0.4298245614035088), 2: np.float64(0.4222222222222222), 3: np.float64(0.3181818181818182)}
2026-06-07 13:34:03 - src.models.hmm_engine - INFO - StockHMM_600036状态校准完成: {0: np.float64(0.48148148148148145), 1: np.float64(0.4233576642335766), 2: np.float64(0.7058823529411765), 3: np.float64(0.6186440677966102)}
2026-06-07 13:34:04 - src.models.hmm_engine - INFO - StockHMM_600039状态校准完成: {0: np.float64(0.41007194244604317), 1: np.float64(0.2727272727272727), 2: np.float64(0.4094488188976378), 3: np.float64(0.5625)}
2026-06-07 13:34:04 - src.models.hmm_engine - INFO - StockHMM_600048状态校准完成: {0: np.float64(0.36496350364963503), 1: np.float64(0.35714285714285715), 2: np.float64(0.18032786885245902), 3: np.float64(0.5333333333333333)}
2026-06-07 13:34:04 - src.models.hmm_engine - INFO - StockHMM_600050状态校准完成: {0: np.float64(0.4728682170542636), 1: np.float64(0.5), 2: np.float64(0.4782608695652174), 3: np.float64(0.3409090909090909)}
2026-06-07 13:34:05 - src.models.hmm_engine - INFO - StockHMM_600061状态校准完成: {0: np.float64(0.5436893203883495), 1: np.float64(0.3288590604026846), 2: np.float64(0.35294117647058826), 3: np.float64(0.42105263157894735)}
2026-06-07 13:34:05 - src.models.hmm_engine - INFO - StockHMM_600066状态校准完成: {0: np.float64(0.6022727272727273), 1: np.float64(0.36904761904761907), 2: np.float64(0.6438356164383562), 3: np.float64(0.654320987654321)}
2026-06-07 13:34:05 - src.models.hmm_engine - INFO - StockHMM_600085状态校准完成: {0: np.float64(0.4489795918367347), 1: np.float64(0.3619047619047619), 2: np.float64(0.5471698113207547), 3: np.float64(0.37142857142857144)}
2026-06-07 13:34:05 - src.models.hmm_engine - INFO - StockHMM_600089状态校准完成: {0: np.float64(0.3592233009708738), 1: np.float64(0.5211267605633803), 2: np.float64(0.5), 3: np.float64(0.4107142857142857)}
2026-06-07 13:34:06 - src.models.hmm_engine - INFO - StockHMM_600104状态校准完成: {0: np.float64(0.40441176470588236), 1: np.float64(0.4230769230769231), 2: np.float64(0.5357142857142857), 3: np.float64(0.5)}
2026-06-07 13:34:06 - src.models.hmm_engine - INFO - StockHMM_600111状态校准完成: {0: np.float64(0.5802469135802469), 1: np.float64(0.4672897196261682), 2: np.float64(0.2786885245901639), 3: np.float64(0.1875)}
2026-06-07 13:34:06 - src.models.hmm_engine - INFO - StockHMM_600115状态校准完成: {0: np.float64(0.5714285714285714), 1: np.float64(0.25882352941176473), 2: np.float64(0.1111111111111111), 3: np.float64(0.4666666666666667)}
2026-06-07 13:34:06 - src.models.hmm_engine - INFO - StockHMM_600150状态校准完成: {0: np.float64(0.5641025641025641), 1: np.float64(0.4107142857142857), 2: np.float64(0.5348837209302325), 3: np.float64(0.5189873417721519)}
2026-06-07 13:34:07 - src.models.hmm_engine - INFO - StockHMM_600160状态校准完成: {0: np.float64(0.423728813559322), 1: np.float64(0.47959183673469385), 2: np.float64(0.6857142857142857), 3: np.float64(0.40404040404040403)}
2026-06-07 13:34:07 - src.models.hmm_engine - INFO - StockHMM_600161状态校准完成: {0: np.float64(0.4074074074074074), 1: np.float64(0.584), 2: np.float64(0.6071428571428571), 3: np.float64(0.2972972972972973)}
2026-06-07 13:34:07 - src.models.hmm_engine - INFO - StockHMM_600176状态校准完成: {0: np.float64(0.525), 1: np.float64(0.5074626865671642), 2: np.float64(0.304635761589404), 3: np.float64(0.2857142857142857)}
2026-06-07 13:34:07 - src.models.hmm_engine - INFO - StockHMM_600183状态校准完成: {0: np.float64(0.6060606060606061), 1: np.float64(0.5930232558139535), 2: np.float64(0.42857142857142855), 3: np.float64(0.463768115942029)}
2026-06-07 13:34:08 - src.models.hmm_engine - INFO - StockHMM_600188状态校准完成: {0: np.float64(0.4174757281553398), 1: np.float64(0.5217391304347826), 2: np.float64(0.5454545454545454), 3: np.float64(0.5714285714285714)}
2026-06-07 13:34:08 - src.models.hmm_engine - INFO - StockHMM_600196状态校准完成: {0: np.float64(0.5882352941176471), 1: np.float64(0.4262295081967213), 2: np.float64(0.35454545454545455), 3: np.float64(0.5194805194805194)}
2026-06-07 13:34:08 - src.models.hmm_engine - INFO - StockHMM_600219状态校准完成: {0: np.float64(0.5777777777777777), 1: np.float64(0.5529411764705883), 2: np.float64(0.3918918918918919), 3: np.float64(0.4935064935064935)}
2026-06-07 13:34:08 - src.models.hmm_engine - INFO - StockHMM_600233状态校准完成: {0: np.float64(0.4551282051282051), 1: np.float64(0.3728813559322034), 2: np.float64(0.6666666666666666), 3: np.float64(0.48)}
2026-06-07 13:34:09 - src.models.hmm_engine - INFO - StockHMM_600276状态校准完成: {0: np.float64(0.64), 1: np.float64(0.32558139534883723), 2: np.float64(0.5111111111111111), 3: np.float64(0.3673469387755102)}
2026-06-07 13:34:09 - src.models.hmm_engine - INFO - StockHMM_600309状态校准完成: {0: np.float64(0.44086021505376344), 1: np.float64(0.125), 2: np.float64(0.32608695652173914), 3: np.float64(0.3684210526315789)}
2026-06-07 13:34:09 - src.models.hmm_engine - INFO - StockHMM_600346状态校准完成: {0: np.float64(0.4823529411764706), 1: np.float64(0.5128205128205128), 2: np.float64(0.4461538461538462), 3: np.float64(0.3055555555555556)}
2026-06-07 13:34:10 - src.models.hmm_engine - INFO - StockHMM_600362状态校准完成: {0: np.float64(0.546875), 1: np.float64(0.5733333333333334), 2: np.float64(0.3157894736842105), 3: np.float64(0.45045045045045046)}
2026-06-07 13:34:10 - src.models.hmm_engine - INFO - StockHMM_600372状态校准完成: {0: np.float64(0.3235294117647059), 1: np.float64(0.48333333333333334), 2: np.float64(0.5180722891566265), 3: np.float64(0.45454545454545453)}
2026-06-07 13:34:10 - src.models.hmm_engine - INFO - StockHMM_600377状态校准完成: {0: np.float64(0.5873015873015873), 1: np.float64(0.515625), 2: np.float64(0.6301369863013698), 3: np.float64(0.5873015873015873)}
2026-06-07 13:34:10 - src.models.hmm_engine - INFO - StockHMM_600406状态校准完成: {0: np.float64(0.5339805825242718), 1: np.float64(0.5172413793103449), 2: np.float64(0.47058823529411764), 3: np.float64(0.42391304347826086)}
2026-06-07 13:34:11 - src.models.hmm_engine - INFO - StockHMM_600415状态校准完成: {0: np.float64(0.6129032258064516), 1: np.float64(0.45806451612903226), 2: np.float64(0.45652173913043476), 3: np.float64(0.4375)}
2026-06-07 13:34:11 - src.models.hmm_engine - INFO - StockHMM_600426状态校准完成: {0: np.float64(0.41975308641975306), 1: np.float64(0.4392523364485981), 2: np.float64(0.2578125), 3: np.float64(0.3)}
2026-06-07 13:34:11 - src.models.hmm_engine - INFO - StockHMM_600436状态校准完成: {0: np.float64(0.3656716417910448), 1: np.float64(0.4318181818181818), 2: np.float64(0.0), 3: np.float64(0.41836734693877553)}
2026-06-07 13:34:11 - src.models.hmm_engine - INFO - StockHMM_600438状态校准完成: {0: np.float64(0.3695652173913043), 1: np.float64(0.32608695652173914), 2: np.float64(0.30097087378640774), 3: np.float64(0.5294117647058824)}
2026-06-07 13:34:12 - src.models.hmm_engine - INFO - StockHMM_600460状态校准完成: {0: np.float64(0.3181818181818182), 1: np.float64(0.54), 2: np.float64(0.5174825174825175), 3: np.float64(0.3582089552238806)}
2026-06-07 13:34:12 - src.models.hmm_engine - INFO - StockHMM_600482状态校准完成: {0: np.float64(0.525), 1: np.float64(0.5632183908045977), 2: np.float64(0.4573643410852713), 3: np.float64(0.31666666666666665)}
2026-06-07 13:34:12 - src.models.hmm_engine - INFO - StockHMM_600489状态校准完成: {0: np.float64(0.5714285714285714), 1: np.float64(0.5056179775280899), 2: np.float64(0.5098039215686274), 3: np.float64(0.5454545454545454)}
2026-06-07 13:34:12 - src.models.hmm_engine - INFO - StockHMM_600515状态校准完成: {0: np.float64(0.5245901639344263), 1: np.float64(0.2727272727272727), 2: np.float64(0.47413793103448276), 3: np.float64(0.4051724137931034)}
2026-06-07 13:34:13 - src.models.hmm_engine - INFO - StockHMM_600519状态校准完成: {0: np.float64(0.4), 1: np.float64(0.45045045045045046), 2: np.float64(0.4675324675324675), 3: np.float64(0.35185185185185186)}
2026-06-07 13:34:13 - src.models.hmm_engine - INFO - StockHMM_600522状态校准完成: {0: np.float64(0.45569620253164556), 1: np.float64(0.2692307692307692), 2: np.float64(0.4367816091954023), 3: np.float64(0.6785714285714286)}
2026-06-07 13:34:13 - src.models.hmm_engine - INFO - StockHMM_600547状态校准完成: {0: np.float64(0.3671875), 1: np.float64(0.42592592592592593), 2: np.float64(0.5733333333333334), 3: np.float64(0.43478260869565216)}
2026-06-07 13:34:13 - src.models.hmm_engine - INFO - StockHMM_600570状态校准完成: {0: np.float64(0.4444444444444444), 1: np.float64(0.36764705882352944), 2: np.float64(0.27710843373493976), 3: np.float64(0.5)}
2026-06-07 13:34:14 - src.models.hmm_engine - INFO - StockHMM_600584状态校准完成: {0: np.float64(0.4180327868852459), 1: np.float64(0.43103448275862066), 2: np.float64(0.4523809523809524), 3: np.float64(0.5252525252525253)}
2026-06-07 13:34:14 - src.models.hmm_engine - INFO - StockHMM_600585状态校准完成: {0: np.float64(0.3533834586466165), 1: np.float64(0.5975609756097561), 2: np.float64(0.6666666666666666), 3: np.float64(0.3548387096774194)}
2026-06-07 13:34:14 - src.models.hmm_engine - INFO - StockHMM_600588状态校准完成: {0: np.float64(0.3333333333333333), 1: np.float64(0.5416666666666666), 2: np.float64(0.524390243902439), 3: np.float64(0.4634146341463415)}
2026-06-07 13:34:15 - src.models.hmm_engine - INFO - StockHMM_600600状态校准完成: {0: np.float64(0.5393258426966292), 1: np.float64(0.37254901960784315), 2: np.float64(0.22580645161290322), 3: np.float64(0.42857142857142855)}
2026-06-07 13:34:15 - src.models.hmm_engine - INFO - StockHMM_600660状态校准完成: {0: np.float64(0.7439024390243902), 1: np.float64(0.6415094339622641), 2: np.float64(0.5462962962962963), 3: np.float64(0.4939759036144578)}
2026-06-07 13:34:15 - src.models.hmm_engine - INFO - StockHMM_600674状态校准完成: {0: np.float64(0.42857142857142855), 1: np.float64(0.45098039215686275), 2: np.float64(0.6696428571428571), 3: np.float64(0.34285714285714286)}
2026-06-07 13:34:15 - src.models.hmm_engine - INFO - StockHMM_600690状态校准完成: {0: np.float64(0.4473684210526316), 1: np.float64(0.336734693877551), 2: np.float64(0.7051282051282052), 3: np.float64(0.4722222222222222)}
2026-06-07 13:34:16 - src.models.hmm_engine - INFO - StockHMM_600741状态校准完成: {0: np.float64(0.4666666666666667), 1: np.float64(0.3333333333333333), 2: np.float64(0.59375), 3: np.float64(0.4380165289256198)}
2026-06-07 13:34:16 - src.models.hmm_engine - INFO - StockHMM_600760状态校准完成: {0: np.float64(0.45652173913043476), 1: np.float64(0.4931506849315068), 2: np.float64(0.3125), 3: np.float64(0.4745762711864407)}
2026-06-07 13:34:16 - src.models.hmm_engine - INFO - StockHMM_600795状态校准完成: {0: np.float64(0.5285714285714286), 1: np.float64(0.42857142857142855), 2: np.float64(0.6145833333333334), 3: np.float64(0.5072463768115942)}
2026-06-07 13:34:16 - src.models.hmm_engine - INFO - StockHMM_600803状态校准完成: {0: np.float64(0.48314606741573035), 1: np.float64(0.48598130841121495), 2: np.float64(0.532608695652174), 3: np.float64(0.5263157894736842)}
2026-06-07 13:34:17 - src.models.hmm_engine - INFO - StockHMM_600809状态校准完成: {0: np.float64(0.31690140845070425), 1: np.float64(0.32608695652173914), 2: np.float64(0.2), 3: np.float64(0.5844155844155844)}
2026-06-07 13:34:17 - src.models.hmm_engine - INFO - StockHMM_600845状态校准完成: {0: np.float64(0.367816091954023), 1: np.float64(0.4536082474226804), 2: np.float64(0.34523809523809523), 3: np.float64(0.29310344827586204)}
2026-06-07 13:34:17 - src.models.hmm_engine - INFO - StockHMM_600875状态校准完成: {0: np.float64(0.40425531914893614), 1: np.float64(0.3560606060606061), 2: np.float64(0.5), 3: np.float64(0.373134328358209)}
2026-06-07 13:34:17 - src.models.hmm_engine - INFO - StockHMM_600886状态校准完成: {0: np.float64(0.5533980582524272), 1: np.float64(0.45871559633027525), 2: np.float64(0.5652173913043478), 3: np.float64(0.45454545454545453)}
2026-06-07 13:34:18 - src.models.hmm_engine - INFO - StockHMM_600887状态校准完成: {0: np.float64(0.4676258992805755), 1: np.float64(0.3474576271186441), 2: np.float64(0.5689655172413793), 3: np.float64(0.36363636363636365)}
2026-06-07 13:34:18 - src.models.hmm_engine - INFO - StockHMM_600893状态校准完成: {0: np.float64(0.5480769230769231), 1: np.float64(0.38405797101449274), 2: np.float64(0.26785714285714285), 3: np.float64(0.4642857142857143)}
2026-06-07 13:34:18 - src.models.hmm_engine - INFO - StockHMM_600900状态校准完成: {0: np.float64(0.4523809523809524), 1: np.float64(0.6206896551724138), 2: np.float64(0.0), 3: np.float64(0.6354166666666666)}
2026-06-07 13:34:19 - src.models.hmm_engine - INFO - StockHMM_600905状态校准完成: {0: np.float64(0.49206349206349204), 1: np.float64(0.3503184713375796), 2: np.float64(0.4791666666666667), 3: np.float64(0.2)}
2026-06-07 13:34:19 - src.models.hmm_engine - INFO - StockHMM_600918状态校准完成: {0: np.float64(0.4351851851851852), 1: np.float64(0.4166666666666667), 2: np.float64(0.3560606060606061), 3: np.float64(0.35714285714285715)}
2026-06-07 13:34:19 - src.models.hmm_engine - INFO - StockHMM_600919状态校准完成: {0: np.float64(0.6428571428571429), 1: np.float64(0.6633663366336634), 2: np.float64(0.5384615384615384), 3: np.float64(0.49056603773584906)}
2026-06-07 13:34:19 - src.models.hmm_engine - INFO - StockHMM_600926状态校准完成: {0: np.float64(0.33), 1: np.float64(0.4), 2: np.float64(0.6774193548387096), 3: np.float64(0.5918367346938775)}
2026-06-07 13:34:20 - src.models.hmm_engine - INFO - StockHMM_600938状态校准完成: {0: np.float64(0.391304347826087), 1: np.float64(0.5727272727272728), 2: np.float64(0.5858585858585859), 3: np.float64(0.5774647887323944)}
2026-06-07 13:34:20 - src.models.hmm_engine - INFO - StockHMM_600941状态校准完成: {0: np.float64(0.6285714285714286), 1: np.float64(0.6052631578947368), 2: np.float64(0.48148148148148145), 3: np.float64(0.43902439024390244)}
2026-06-07 13:34:20 - src.models.hmm_engine - INFO - StockHMM_600958状态校准完成: {0: np.float64(0.3790322580645161), 1: np.float64(0.3968253968253968), 2: np.float64(0.5378787878787878), 3: np.float64(0.14285714285714285)}
2026-06-07 13:34:20 - src.models.hmm_engine - INFO - StockHMM_600989状态校准完成: {0: np.float64(0.5470085470085471), 1: np.float64(0.6781609195402298), 2: np.float64(0.43), 3: np.float64(0.3181818181818182)}
2026-06-07 13:34:21 - src.models.hmm_engine - INFO - StockHMM_600999状态校准完成: {0: np.float64(0.4172661870503597), 1: np.float64(0.5210084033613446), 2: np.float64(0.4782608695652174), 3: np.float64(0.36363636363636365)}
2026-06-07 13:34:21 - src.models.hmm_engine - INFO - StockHMM_601006状态校准完成: {0: np.float64(0.7105263157894737), 1: np.float64(0.4491525423728814), 2: np.float64(0.5789473684210527), 3: np.float64(0.5364238410596026)}
2026-06-07 13:34:21 - src.models.hmm_engine - INFO - StockHMM_601009状态校准完成: {0: np.float64(0.48905109489051096), 1: np.float64(0.3), 2: np.float64(0.3493975903614458), 3: np.float64(0.75)}
2026-06-07 13:34:21 - src.models.hmm_engine - INFO - StockHMM_601012状态校准完成: {0: np.float64(0.47619047619047616), 1: np.float64(0.43037974683544306), 2: np.float64(0.39805825242718446), 3: np.float64(0.22549019607843138)}
2026-06-07 13:34:22 - src.models.hmm_engine - INFO - StockHMM_601018状态校准完成: {0: np.float64(0.5053763440860215), 1: np.float64(0.5161290322580645), 2: np.float64(0.2727272727272727), 3: np.float64(0.5038759689922481)}
2026-06-07 13:34:22 - src.models.hmm_engine - INFO - StockHMM_601021状态校准完成: {0: np.float64(0.3333333333333333), 1: np.float64(0.5443037974683544), 2: np.float64(0.5833333333333334), 3: np.float64(0.32075471698113206)}
2026-06-07 13:34:22 - src.models.hmm_engine - INFO - StockHMM_601058状态校准完成: {0: np.float64(0.6455696202531646), 1: np.float64(0.3783783783783784), 2: np.float64(0.5315315315315315), 3: np.float64(0.28)}
2026-06-07 13:34:22 - src.models.hmm_engine - INFO - StockHMM_601059状态校准完成: {0: np.float64(0.5194805194805194), 1: np.float64(0.43956043956043955), 2: np.float64(0.39080459770114945), 3: np.float64(0.4788732394366197)}
2026-06-07 13:34:23 - src.models.hmm_engine - INFO - StockHMM_601066状态校准完成: {0: np.float64(0.48514851485148514), 1: np.float64(0.3111111111111111), 2: np.float64(0.43333333333333335), 3: np.float64(0.4)}
2026-06-07 13:34:23 - src.models.hmm_engine - INFO - StockHMM_601077状态校准完成: {0: np.float64(0.6470588235294118), 1: np.float64(0.7157894736842105), 2: np.float64(0.6), 3: np.float64(0.5158730158730159)}
2026-06-07 13:34:23 - src.models.hmm_engine - INFO - StockHMM_601088状态校准完成: {0: np.float64(0.5585585585585585), 1: np.float64(0.62), 2: np.float64(0.14285714285714285), 3: np.float64(0.5555555555555556)}
2026-06-07 13:34:24 - src.models.hmm_engine - INFO - StockHMM_601100状态校准完成: {0: np.float64(0.4528301886792453), 1: np.float64(0.43548387096774194), 2: np.float64(0.4423076923076923), 3: np.float64(0.48148148148148145)}
2026-06-07 13:34:24 - src.models.hmm_engine - INFO - StockHMM_601111状态校准完成: {0: np.float64(0.3387096774193548), 1: np.float64(0.484375), 2: np.float64(0.48863636363636365), 3: np.float64(0.25)}
2026-06-07 13:34:24 - src.models.hmm_engine - INFO - StockHMM_601117状态校准完成: {0: np.float64(0.4158415841584158), 1: np.float64(0.3488372093023256), 2: np.float64(0.5151515151515151), 3: np.float64(0.6507936507936508)}
2026-06-07 13:34:24 - src.models.hmm_engine - INFO - StockHMM_601127状态校准完成: {0: np.float64(0.7142857142857143), 1: np.float64(0.5274725274725275), 2: np.float64(0.5), 3: np.float64(0.45454545454545453)}
2026-06-07 13:34:25 - src.models.hmm_engine - INFO - StockHMM_601136状态校准完成: {0: np.float64(0.24390243902439024), 1: np.float64(0.46), 2: np.float64(0.6212121212121212), 3: np.float64(0.3865546218487395)}
2026-06-07 13:34:25 - src.models.hmm_engine - INFO - StockHMM_601138状态校准完成: {0: np.float64(0.4418604651162791), 1: np.float64(0.4262295081967213), 2: np.float64(0.4473684210526316), 3: np.float64(0.42592592592592593)}
2026-06-07 13:34:25 - src.models.hmm_engine - INFO - StockHMM_601166状态校准完成: {0: np.float64(0.4959349593495935), 1: np.float64(0.38095238095238093), 2: np.float64(0.5564516129032258), 3: np.float64(0.4482758620689655)}
2026-06-07 13:34:25 - src.models.hmm_engine - INFO - StockHMM_601169状态校准完成: {0: np.float64(0.47058823529411764), 1: np.float64(0.5478260869565217), 2: np.float64(0.5957446808510638), 3: np.float64(0.54)}
2026-06-07 13:34:26 - src.models.hmm_engine - INFO - StockHMM_601186状态校准完成: {0: np.float64(0.4444444444444444), 1: np.float64(0.391304347826087), 2: np.float64(0.4523809523809524), 3: np.float64(0.5045045045045045)}
2026-06-07 13:34:26 - src.models.hmm_engine - INFO - StockHMM_601211状态校准完成: {0: np.float64(0.5060240963855421), 1: np.float64(0.4772727272727273), 2: np.float64(0.4), 3: np.float64(0.44047619047619047)}
2026-06-07 13:34:26 - src.models.hmm_engine - INFO - StockHMM_601225状态校准完成: {0: np.float64(0.4444444444444444), 1: np.float64(0.5882352941176471), 2: np.float64(0.6153846153846154), 3: np.float64(0.4479166666666667)}
2026-06-07 13:34:27 - src.models.hmm_engine - INFO - StockHMM_601229状态校准完成: {0: np.float64(0.5212765957446809), 1: np.float64(0.5977011494252874), 2: np.float64(0.4444444444444444), 3: np.float64(0.7808219178082192)}
2026-06-07 13:34:27 - src.models.hmm_engine - INFO - StockHMM_601236状态校准完成: {0: np.float64(0.44565217391304346), 1: np.float64(0.4452054794520548), 2: np.float64(0.4791666666666667), 3: np.float64(0.425)}
2026-06-07 13:34:27 - src.models.hmm_engine - INFO - StockHMM_601238状态校准完成: {0: np.float64(0.3619047619047619), 1: np.float64(0.4375), 2: np.float64(0.5163934426229508), 3: np.float64(0.17142857142857143)}
2026-06-07 13:34:27 - src.models.hmm_engine - INFO - StockHMM_601288状态校准完成: {0: np.float64(0.6288659793814433), 1: np.float64(0.3125), 2: np.float64(0.6530612244897959), 3: np.float64(0.6161616161616161)}
2026-06-07 13:34:28 - src.models.hmm_engine - INFO - StockHMM_601298状态校准完成: {0: np.float64(0.5555555555555556), 1: np.float64(0.5529411764705883), 2: np.float64(0.46511627906976744), 3: np.float64(0.5974025974025974)}
2026-06-07 13:34:28 - src.models.hmm_engine - INFO - StockHMM_601318状态校准完成: {0: np.float64(0.4230769230769231), 1: np.float64(0.43243243243243246), 2: np.float64(0.39436619718309857), 3: np.float64(0.5802469135802469)}
2026-06-07 13:34:28 - src.models.hmm_engine - INFO - StockHMM_601319状态校准完成: {0: np.float64(0.39855072463768115), 1: np.float64(0.5934959349593496), 2: np.float64(0.6153846153846154), 3: np.float64(0.4807692307692308)}
2026-06-07 13:34:28 - src.models.hmm_engine - INFO - StockHMM_601328状态校准完成: {0: np.float64(0.6355140186915887), 1: np.float64(0.5964912280701754), 2: np.float64(0.5277777777777778), 3: np.float64(0.5217391304347826)}
2026-06-07 13:34:29 - src.models.hmm_engine - INFO - StockHMM_601336状态校准完成: {0: np.float64(0.4666666666666667), 1: np.float64(0.38095238095238093), 2: np.float64(0.4444444444444444), 3: np.float64(0.4672897196261682)}
2026-06-07 13:34:29 - src.models.hmm_engine - INFO - StockHMM_601360状态校准完成: {0: np.float64(0.5277777777777778), 1: np.float64(0.4), 2: np.float64(0.4878048780487805), 3: np.float64(0.13636363636363635)}
2026-06-07 13:34:29 - src.models.hmm_engine - INFO - StockHMM_601377状态校准完成: {0: np.float64(0.4431818181818182), 1: np.float64(0.4666666666666667), 2: np.float64(0.37142857142857144), 3: np.float64(0.5116279069767442)}
2026-06-07 13:34:29 - src.models.hmm_engine - INFO - StockHMM_601390状态校准完成: {0: np.float64(0.5), 1: np.float64(0.5384615384615384), 2: np.float64(0.47368421052631576), 3: np.float64(0.3829787234042553)}
2026-06-07 13:34:30 - src.models.hmm_engine - INFO - StockHMM_601398状态校准完成: {0: np.float64(0.5911949685534591), 1: np.float64(0.5294117647058824), 2: np.float64(0.5362318840579711), 3: np.float64(0.6419753086419753)}
2026-06-07 13:34:30 - src.models.hmm_engine - INFO - StockHMM_601456状态校准完成: {0: np.float64(0.3050847457627119), 1: np.float64(0.5547945205479452), 2: np.float64(0.4146341463414634), 3: np.float64(0.4)}
2026-06-07 13:34:30 - src.models.hmm_engine - INFO - StockHMM_601600状态校准完成: {0: np.float64(0.45098039215686275), 1: np.float64(0.47368421052631576), 2: np.float64(0.4431818181818182), 3: np.float64(0.5189873417721519)}
2026-06-07 13:34:30 - src.models.hmm_engine - INFO - StockHMM_601601状态校准完成: {0: np.float64(0.32142857142857145), 1: np.float64(0.5121951219512195), 2: np.float64(0.5510204081632653), 3: np.float64(0.4444444444444444)}
2026-06-07 13:34:31 - src.models.hmm_engine - INFO - StockHMM_601607状态校准完成: {0: np.float64(0.5241935483870968), 1: np.float64(0.45555555555555555), 2: np.float64(0.5142857142857142), 3: np.float64(0.5584415584415584)}
2026-06-07 13:34:31 - src.models.hmm_engine - INFO - StockHMM_601618状态校准完成: {0: np.float64(0.33783783783783783), 1: np.float64(0.44), 2: np.float64(0.48936170212765956), 3: np.float64(0.45714285714285713)}
2026-06-07 13:34:31 - src.models.hmm_engine - INFO - StockHMM_601628状态校准完成: {0: np.float64(0.4397590361445783), 1: np.float64(0.5463917525773195), 2: np.float64(0.36363636363636365), 3: np.float64(0.5192307692307693)}
2026-06-07 13:34:32 - src.models.hmm_engine - INFO - StockHMM_601633状态校准完成: {0: np.float64(0.6071428571428571), 1: np.float64(0.41346153846153844), 2: np.float64(0.2558139534883721), 3: np.float64(0.37894736842105264)}
2026-06-07 13:34:32 - src.models.hmm_engine - INFO - StockHMM_601658状态校准完成: {0: np.float64(0.52), 1: np.float64(0.5092592592592593), 2: np.float64(0.5), 3: np.float64(0.4050632911392405)}
2026-06-07 13:34:32 - src.models.hmm_engine - INFO - StockHMM_601668状态校准完成: {0: np.float64(0.4330708661417323), 1: np.float64(0.37777777777777777), 2: np.float64(0.5217391304347826), 3: np.float64(0.475)}
2026-06-07 13:34:32 - src.models.hmm_engine - INFO - StockHMM_601669状态校准完成: {0: np.float64(0.4161073825503356), 1: np.float64(0.41509433962264153), 2: np.float64(0.375), 3: np.float64(0.5079365079365079)}
2026-06-07 13:34:33 - src.models.hmm_engine - INFO - StockHMM_601688状态校准完成: {0: np.float64(0.3805970149253731), 1: np.float64(0.5346534653465347), 2: np.float64(0.43478260869565216), 3: np.float64(0.4852941176470588)}
2026-06-07 13:34:33 - src.models.hmm_engine - INFO - StockHMM_601689状态校准完成: {0: np.float64(0.4), 1: np.float64(0.55), 2: np.float64(0.49019607843137253), 3: np.float64(0.39473684210526316)}
2026-06-07 13:34:33 - src.models.hmm_engine - INFO - StockHMM_601698状态校准完成: {0: np.float64(0.29411764705882354), 1: np.float64(0.391304347826087), 2: np.float64(0.3609022556390977), 3: np.float64(0.5833333333333334)}
2026-06-07 13:34:33 - src.models.hmm_engine - INFO - StockHMM_601728状态校准完成: {0: np.float64(0.49206349206349204), 1: np.float64(0.5563380281690141), 2: np.float64(0.43333333333333335), 3: np.float64(0.5604395604395604)}
2026-06-07 13:34:34 - src.models.hmm_engine - INFO - StockHMM_601766状态校准完成: {0: np.float64(0.5663716814159292), 1: np.float64(0.35789473684210527), 2: np.float64(0.3157894736842105), 3: np.float64(0.5959595959595959)}
2026-06-07 13:34:34 - src.models.hmm_engine - INFO - StockHMM_601788状态校准完成: {0: np.float64(0.42528735632183906), 1: np.float64(0.45454545454545453), 2: np.float64(0.42857142857142855), 3: np.float64(0.4152046783625731)}
2026-06-07 13:34:34 - src.models.hmm_engine - INFO - StockHMM_601800状态校准完成: {0: np.float64(0.47), 1: np.float64(0.4576271186440678), 2: np.float64(0.368), 3: np.float64(0.4523809523809524)}
2026-06-07 13:34:35 - src.models.hmm_engine - INFO - StockHMM_601808状态校准完成: {0: np.float64(0.46218487394957986), 1: np.float64(0.40476190476190477), 2: np.float64(0.425531914893617), 3: np.float64(0.4583333333333333)}
2026-06-07 13:34:35 - src.models.hmm_engine - INFO - StockHMM_601816状态校准完成: {0: np.float64(0.475), 1: np.float64(0.4342105263157895), 2: np.float64(0.6238532110091743), 3: np.float64(0.2857142857142857)}
2026-06-07 13:34:35 - src.models.hmm_engine - INFO - StockHMM_601818状态校准完成: {0: np.float64(0.6346153846153846), 1: np.float64(0.5606060606060606), 2: np.float64(0.47863247863247865), 3: np.float64(0.32)}
2026-06-07 13:34:35 - src.models.hmm_engine - INFO - StockHMM_601825状态校准完成: {0: np.float64(0.43478260869565216), 1: np.float64(0.5915492957746479), 2: np.float64(0.4578313253012048), 3: np.float64(0.6)}
2026-06-07 13:34:36 - src.models.hmm_engine - INFO - StockHMM_601838状态校准完成: {0: np.float64(0.2857142857142857), 1: np.float64(0.3466666666666667), 2: np.float64(0.6608695652173913), 3: np.float64(0.45081967213114754)}
2026-06-07 13:34:36 - src.models.hmm_engine - INFO - StockHMM_601857状态校准完成: {0: np.float64(0.5263157894736842), 1: np.float64(0.4878048780487805), 2: np.float64(0.5416666666666666), 3: np.float64(0.4430379746835443)}
2026-06-07 13:34:36 - src.models.hmm_engine - INFO - StockHMM_601868状态校准完成: {0: np.float64(0.46153846153846156), 1: np.float64(0.4375), 2: np.float64(0.3221476510067114), 3: np.float64(0.4731182795698925)}
2026-06-07 13:34:36 - src.models.hmm_engine - INFO - StockHMM_601872状态校准完成: {0: np.float64(0.32), 1: np.float64(0.475), 2: np.float64(0.5), 3: np.float64(0.48717948717948717)}
2026-06-07 13:34:37 - src.models.hmm_engine - INFO - StockHMM_601877状态校准完成: {0: np.float64(0.43410852713178294), 1: np.float64(0.3541666666666667), 2: np.float64(0.4166666666666667), 3: np.float64(0.4606741573033708)}
2026-06-07 13:34:37 - src.models.hmm_engine - INFO - StockHMM_601878状态校准完成: {0: np.float64(0.423728813559322), 1: np.float64(0.5625), 2: np.float64(0.3469387755102041), 3: np.float64(0.4056603773584906)}
2026-06-07 13:34:37 - src.models.hmm_engine - INFO - StockHMM_601881状态校准完成: {0: np.float64(0.48936170212765956), 1: np.float64(0.45652173913043476), 2: np.float64(0.4305555555555556), 3: np.float64(0.5116279069767442)}
2026-06-07 13:34:37 - src.models.hmm_engine - INFO - StockHMM_601888状态校准完成: {0: np.float64(0.2840909090909091), 1: np.float64(0.46296296296296297), 2: np.float64(0.432), 3: np.float64(0.3050847457627119)}
2026-06-07 13:34:38 - src.models.hmm_engine - INFO - StockHMM_601898状态校准完成: {0: np.float64(0.5066666666666667), 1: np.float64(0.5112781954887218), 2: np.float64(0.5844155844155844), 3: np.float64(0.6341463414634146)}
2026-06-07 13:34:38 - src.models.hmm_engine - INFO - StockHMM_601899状态校准完成: {0: np.float64(0.5512820512820513), 1: np.float64(0.5888888888888889), 2: np.float64(0.44144144144144143), 3: np.float64(0.5106382978723404)}
2026-06-07 13:34:38 - src.models.hmm_engine - INFO - StockHMM_601901状态校准完成: {0: np.float64(0.23404255319148937), 1: np.float64(0.5454545454545454), 2: np.float64(0.48672566371681414), 3: np.float64(0.49624060150375937)}
2026-06-07 13:34:38 - src.models.hmm_engine - INFO - StockHMM_601916状态校准完成: {0: np.float64(0.4375), 1: np.float64(0.504424778761062), 2: np.float64(0.4818181818181818), 3: np.float64(0.5308641975308642)}
2026-06-07 13:34:39 - src.models.hmm_engine - INFO - StockHMM_601919状态校准完成: {0: np.float64(0.6165413533834586), 1: np.float64(0.4264705882352941), 2: np.float64(0.5256410256410257), 3: np.float64(0.5957446808510638)}
2026-06-07 13:34:39 - src.models.hmm_engine - INFO - StockHMM_601939状态校准完成: {0: np.float64(0.4), 1: np.float64(0.6990291262135923), 2: np.float64(0.5512820512820513), 3: np.float64(0.5416666666666666)}
2026-06-07 13:34:39 - src.models.hmm_engine - INFO - StockHMM_601985状态校准完成: {0: np.float64(0.6052631578947368), 1: np.float64(0.651685393258427), 2: np.float64(0.5714285714285714), 3: np.float64(0.4935064935064935)}
2026-06-07 13:34:40 - src.models.hmm_engine - INFO - StockHMM_601988状态校准完成: {0: np.float64(0.5789473684210527), 1: np.float64(0.6129032258064516), 2: np.float64(0.42857142857142855), 3: np.float64(0.6813186813186813)}
2026-06-07 13:34:40 - src.models.hmm_engine - INFO - StockHMM_601995状态校准完成: {0: np.float64(0.3333333333333333), 1: np.float64(0.4789915966386555), 2: np.float64(0.41304347826086957), 3: np.float64(0.41304347826086957)}
2026-06-07 13:34:40 - src.models.hmm_engine - INFO - StockHMM_601998状态校准完成: {0: np.float64(0.5251798561151079), 1: np.float64(0.3333333333333333), 2: np.float64(0.5922330097087378), 3: np.float64(0.4266666666666667)}
2026-06-07 13:34:40 - src.models.hmm_engine - INFO - StockHMM_603019状态校准完成: {0: np.float64(0.6444444444444445), 1: np.float64(0.4375), 2: np.float64(0.512396694214876), 3: np.float64(0.375)}
2026-06-07 13:34:41 - src.models.hmm_engine - INFO - StockHMM_603195状态校准完成: {0: np.float64(0.25), 1: np.float64(0.5042016806722689), 2: np.float64(0.48717948717948717), 3: np.float64(0.47706422018348627)}
2026-06-07 13:34:41 - src.models.hmm_engine - INFO - StockHMM_603259状态校准完成: {0: np.float64(0.4567901234567901), 1: np.float64(0.39215686274509803), 2: np.float64(0.5392156862745098), 3: np.float64(0.4146341463414634)}
2026-06-07 13:34:41 - src.models.hmm_engine - INFO - StockHMM_603260状态校准完成: {0: np.float64(0.3181818181818182), 1: np.float64(0.5319148936170213), 2: np.float64(0.3761467889908257), 3: np.float64(0.2911392405063291)}
2026-06-07 13:34:41 - src.models.hmm_engine - INFO - StockHMM_603288状态校准完成: {0: np.float64(0.417910447761194), 1: np.float64(0.4090909090909091), 2: np.float64(0.23333333333333334), 3: np.float64(0.5154639175257731)}
2026-06-07 13:34:42 - src.models.hmm_engine - INFO - StockHMM_603296状态校准完成: {0: np.float64(0.39655172413793105), 1: np.float64(0.32608695652173914), 2: np.float64(0.49333333333333335), 3: np.float64(0.46534653465346537)}
2026-06-07 13:34:42 - src.models.hmm_engine - INFO - StockHMM_603369状态校准完成: {0: np.float64(0.5176470588235295), 1: np.float64(0.33070866141732286), 2: np.float64(0.42424242424242425), 3: np.float64(0.32098765432098764)}
2026-06-07 13:34:42 - src.models.hmm_engine - INFO - StockHMM_603392状态校准完成: {0: np.float64(0.4714285714285714), 1: np.float64(0.4900662251655629), 2: np.float64(0.5660377358490566), 3: np.float64(0.40384615384615385)}
2026-06-07 13:34:42 - src.models.hmm_engine - INFO - StockHMM_603501状态校准完成: {0: np.float64(0.46226415094339623), 1: np.float64(0.49523809523809526), 2: np.float64(0.3333333333333333), 3: np.float64(0.4574468085106383)}
2026-06-07 13:34:43 - src.models.hmm_engine - INFO - StockHMM_603799状态校准完成: {0: np.float64(0.42391304347826086), 1: np.float64(0.4576271186440678), 2: np.float64(0.4132231404958678), 3: np.float64(0.14814814814814814)}
2026-06-07 13:34:43 - src.models.hmm_engine - INFO - StockHMM_603893状态校准完成: {0: np.float64(0.5862068965517241), 1: np.float64(0.34965034965034963), 2: np.float64(0.5757575757575758), 3: np.float64(0.5619834710743802)}
2026-06-07 13:34:43 - src.models.hmm_engine - INFO - StockHMM_603986状态校准完成: {0: np.float64(0.41964285714285715), 1: np.float64(0.3643410852713178), 2: np.float64(0.7419354838709677), 3: np.float64(0.43478260869565216)}
2026-06-07 13:34:43 - src.models.hmm_engine - INFO - StockHMM_603993状态校准完成: {0: np.float64(0.4051724137931034), 1: np.float64(0.47191011235955055), 2: np.float64(0.6538461538461539), 3: np.float64(0.5942028985507246)}
2026-06-07 13:34:44 - src.models.hmm_engine - INFO - StockHMM_605117状态校准完成: {0: np.float64(0.36893203883495146), 1: np.float64(0.5), 2: np.float64(0.6530612244897959), 3: np.float64(0.35714285714285715)}
2026-06-07 13:34:44 - src.models.hmm_engine - INFO - StockHMM_605499状态校准完成: {0: np.float64(0.44881889763779526), 1: np.float64(0.4861111111111111), 2: np.float64(0.42857142857142855), 3: np.float64(0.5208333333333334)}
2026-06-07 13:34:44 - src.models.hmm_engine - INFO - StockHMM_688008状态校准完成: {0: np.float64(0.4411764705882353), 1: np.float64(0.5157232704402516), 2: np.float64(0.5319148936170213), 3: np.float64(0.4444444444444444)}
2026-06-07 13:34:45 - src.models.hmm_engine - INFO - StockHMM_688009状态校准完成: {0: np.float64(0.4596774193548387), 1: np.float64(0.3229166666666667), 2: np.float64(0.5164835164835165), 3: np.float64(0.26666666666666666)}
2026-06-07 13:34:45 - src.models.hmm_engine - INFO - StockHMM_688012状态校准完成: {0: np.float64(0.5163934426229508), 1: np.float64(0.47183098591549294), 2: np.float64(0.42105263157894735), 3: np.float64(0.5416666666666666)}
2026-06-07 13:34:45 - src.models.hmm_engine - INFO - StockHMM_688036状态校准完成: {0: np.float64(0.23809523809523808), 1: np.float64(0.5), 2: np.float64(0.3855421686746988), 3: np.float64(0.5254237288135594)}
2026-06-07 13:34:45 - src.models.hmm_engine - INFO - StockHMM_688041状态校准完成: {0: np.float64(0.5515151515151515), 1: np.float64(0.5252525252525253), 2: np.float64(0.5853658536585366), 3: np.float64(0.42857142857142855)}
2026-06-07 13:34:46 - src.models.hmm_engine - INFO - StockHMM_688047状态校准完成: {0: np.float64(0.5106382978723404), 1: np.float64(0.44755244755244755), 2: np.float64(0.5517241379310345), 3: np.float64(0.3333333333333333)}
2026-06-07 13:34:46 - src.models.hmm_engine - INFO - StockHMM_688082状态校准完成: {0: np.float64(0.5058823529411764), 1: np.float64(0.358974358974359), 2: np.float64(0.3157894736842105), 3: np.float64(0.3103448275862069)}
2026-06-07 13:34:46 - src.models.hmm_engine - INFO - StockHMM_688111状态校准完成: {0: np.float64(0.5604395604395604), 1: np.float64(0.4), 2: np.float64(0.3620689655172414), 3: np.float64(0.42857142857142855)}
2026-06-07 13:34:46 - src.models.hmm_engine - INFO - StockHMM_688126状态校准完成: {0: np.float64(0.5047619047619047), 1: np.float64(0.3968253968253968), 2: np.float64(0.323943661971831), 3: np.float64(0.375)}
2026-06-07 13:34:47 - src.models.hmm_engine - INFO - StockHMM_688169状态校准完成: {0: np.float64(0.4155844155844156), 1: np.float64(0.5), 2: np.float64(0.47019867549668876), 3: np.float64(0.4423076923076923)}
2026-06-07 13:34:47 - src.models.hmm_engine - INFO - StockHMM_688187状态校准完成: {0: np.float64(0.5056179775280899), 1: np.float64(0.40186915887850466), 2: np.float64(0.4567901234567901), 3: np.float64(0.4897959183673469)}
2026-06-07 13:34:47 - src.models.hmm_engine - INFO - StockHMM_688223状态校准完成: {0: np.float64(0.25), 1: np.float64(0.4666666666666667), 2: np.float64(0.3917525773195876), 3: np.float64(0.47368421052631576)}
2026-06-07 13:34:47 - src.models.hmm_engine - INFO - StockHMM_688256状态校准完成: {0: np.float64(0.5957446808510638), 1: np.float64(0.40384615384615385), 2: np.float64(0.6274509803921569), 3: np.float64(0.5725806451612904)}
2026-06-07 13:34:48 - src.models.hmm_engine - INFO - StockHMM_688271状态校准完成: {0: np.float64(0.6875), 1: np.float64(0.41), 2: np.float64(0.39), 3: np.float64(0.43478260869565216)}
2026-06-07 13:34:48 - src.models.hmm_engine - INFO - StockHMM_688303状态校准完成: {0: np.float64(0.375), 1: np.float64(0.4), 2: np.float64(0.4365079365079365), 3: np.float64(0.17307692307692307)}
2026-06-07 13:34:48 - src.models.hmm_engine - INFO - StockHMM_688396状态校准完成: {0: np.float64(0.3611111111111111), 1: np.float64(0.48295454545454547), 2: np.float64(0.36363636363636365), 3: np.float64(0.27184466019417475)}
2026-06-07 13:34:48 - src.models.hmm_engine - INFO - StockHMM_688472状态校准完成: {0: np.float64(0.3684210526315789), 1: np.float64(0.3373493975903614), 2: np.float64(0.43333333333333335), 3: np.float64(0.6344086021505376)}
2026-06-07 13:34:49 - src.models.hmm_engine - INFO - StockHMM_688506状态校准完成: {0: np.float64(0.3372093023255814), 1: np.float64(0.5666666666666667), 2: np.float64(0.43564356435643564), 3: np.float64(0.42857142857142855)}
2026-06-07 13:34:49 - src.models.hmm_engine - INFO - StockHMM_688981状态校准完成: {0: np.float64(0.5294117647058824), 1: np.float64(0.5481927710843374), 2: np.float64(0.46938775510204084), 3: np.float64(0.4)}
2026-06-07 13:34:49 - src.models.hmm_engine - INFO - StockHMM_000001状态校准完成: {0: np.float64(0.5137614678899083), 1: np.float64(0.44642857142857145), 2: np.float64(0.4823529411764706), 3: np.float64(0.3)}
2026-06-07 13:34:49 - src.models.hmm_engine - INFO - StockHMM_000002状态校准完成: {0: np.float64(0.35714285714285715), 1: np.float64(0.36666666666666664), 2: np.float64(0.1958762886597938), 3: np.float64(0.3424657534246575)}
2026-06-07 13:34:50 - src.models.hmm_engine - INFO - StockHMM_000063状态校准完成: {0: np.float64(0.46601941747572817), 1: np.float64(0.425531914893617), 2: np.float64(0.4634146341463415), 3: np.float64(0.4772727272727273)}
2026-06-07 13:34:50 - src.models.hmm_engine - INFO - StockHMM_000100状态校准完成: {0: np.float64(0.5196078431372549), 1: np.float64(0.4351851851851852), 2: np.float64(0.3783783783783784), 3: np.float64(0.43037974683544306)}
2026-06-07 13:34:50 - src.models.hmm_engine - INFO - StockHMM_000157状态校准完成: {0: np.float64(0.5052631578947369), 1: np.float64(0.5333333333333333), 2: np.float64(0.3684210526315789), 3: np.float64(0.35)}
2026-06-07 13:34:51 - src.models.hmm_engine - INFO - StockHMM_000166状态校准完成: {0: np.float64(0.45774647887323944), 1: np.float64(0.54), 2: np.float64(0.4727272727272727), 3: np.float64(0.4166666666666667)}
2026-06-07 13:34:51 - src.models.hmm_engine - INFO - StockHMM_000301状态校准完成: {0: np.float64(0.2840909090909091), 1: np.float64(0.3008849557522124), 2: np.float64(0.43243243243243246), 3: np.float64(0.5340909090909091)}
2026-06-07 13:34:51 - src.models.hmm_engine - INFO - StockHMM_000333状态校准完成: {0: np.float64(0.45871559633027525), 1: np.float64(0.48717948717948717), 2: np.float64(0.42105263157894735), 3: np.float64(0.6166666666666667)}
2026-06-07 13:34:51 - src.models.hmm_engine - INFO - StockHMM_000338状态校准完成: {0: np.float64(0.5488721804511278), 1: np.float64(0.36619718309859156), 2: np.float64(0.32432432432432434), 3: np.float64(0.6705882352941176)}
2026-06-07 13:34:52 - src.models.hmm_engine - INFO - StockHMM_000408状态校准完成: {0: np.float64(0.5526315789473685), 1: np.float64(0.6111111111111112), 2: np.float64(0.4148936170212766), 3: np.float64(0.4393939393939394)}
2026-06-07 13:34:52 - src.models.hmm_engine - INFO - StockHMM_000425状态校准完成: {0: np.float64(0.5192307692307693), 1: np.float64(0.4782608695652174), 2: np.float64(0.5), 3: np.float64(0.4625)}
2026-06-07 13:34:52 - src.models.hmm_engine - INFO - StockHMM_000538状态校准完成: {0: np.float64(0.45454545454545453), 1: np.float64(0.5230769230769231), 2: np.float64(0.5416666666666666), 3: np.float64(0.4084507042253521)}
2026-06-07 13:34:52 - src.models.hmm_engine - INFO - StockHMM_000568状态校准完成: {0: np.float64(0.5365853658536586), 1: np.float64(0.23880597014925373), 2: np.float64(0.38636363636363635), 3: np.float64(0.3007518796992481)}
2026-06-07 13:34:53 - src.models.hmm_engine - INFO - StockHMM_000596状态校准完成: {0: np.float64(0.5625), 1: np.float64(0.3356643356643357), 2: np.float64(0.3170731707317073), 3: np.float64(0.28205128205128205)}
2026-06-07 13:34:53 - src.models.hmm_engine - INFO - StockHMM_000617状态校准完成: {0: np.float64(0.40414507772020725), 1: np.float64(0.5666666666666667), 2: np.float64(0.46774193548387094), 3: np.float64(0.1951219512195122)}
2026-06-07 13:34:53 - src.models.hmm_engine - INFO - StockHMM_000625状态校准完成: {0: np.float64(0.575), 1: np.float64(0.5167785234899329), 2: np.float64(0.21428571428571427), 3: np.float64(0.5522388059701493)}
2026-06-07 13:34:53 - src.models.hmm_engine - INFO - StockHMM_000630状态校准完成: {0: np.float64(0.5074626865671642), 1: np.float64(0.44565217391304346), 2: np.float64(0.4230769230769231), 3: np.float64(0.41843971631205673)}
2026-06-07 13:34:54 - src.models.hmm_engine - INFO - StockHMM_000651状态校准完成: {0: np.float64(0.5631067961165048), 1: np.float64(0.5433070866141733), 2: np.float64(0.5056179775280899), 3: np.float64(0.2857142857142857)}
2026-06-07 13:34:54 - src.models.hmm_engine - INFO - StockHMM_000661状态校准完成: {0: np.float64(0.54), 1: np.float64(0.37037037037037035), 2: np.float64(0.3669724770642202), 3: np.float64(0.46511627906976744)}
2026-06-07 13:34:54 - src.models.hmm_engine - INFO - StockHMM_000708状态校准完成: {0: np.float64(0.49038461538461536), 1: np.float64(0.3488372093023256), 2: np.float64(0.3697478991596639), 3: np.float64(0.23529411764705882)}
2026-06-07 13:34:55 - src.models.hmm_engine - INFO - StockHMM_000725状态校准完成: {0: np.float64(0.5537190082644629), 1: np.float64(0.3958333333333333), 2: np.float64(0.35294117647058826), 3: np.float64(0.4666666666666667)}
2026-06-07 13:34:55 - src.models.hmm_engine - INFO - StockHMM_000768状态校准完成: {0: np.float64(0.37681159420289856), 1: np.float64(0.5894736842105263), 2: np.float64(0.4), 3: np.float64(0.45454545454545453)}
2026-06-07 13:34:55 - src.models.hmm_engine - INFO - StockHMM_000776状态校准完成: {0: np.float64(0.4528301886792453), 1: np.float64(0.4608695652173913), 2: np.float64(0.302158273381295), 3: np.float64(0.47368421052631576)}
2026-06-07 13:34:55 - src.models.hmm_engine - INFO - StockHMM_000786状态校准完成: {0: np.float64(0.3333333333333333), 1: np.float64(0.4326923076923077), 2: np.float64(0.5138888888888888), 3: np.float64(0.4444444444444444)}
2026-06-07 13:34:56 - src.models.hmm_engine - INFO - StockHMM_000792状态校准完成: {0: np.float64(0.4444444444444444), 1: np.float64(0.36428571428571427), 2: np.float64(0.5217391304347826), 3: np.float64(0.42857142857142855)}
2026-06-07 13:34:56 - src.models.hmm_engine - INFO - StockHMM_000807状态校准完成: {0: np.float64(0.47368421052631576), 1: np.float64(0.5849056603773585), 2: np.float64(0.43478260869565216), 3: np.float64(0.425531914893617)}
2026-06-07 13:34:56 - src.models.hmm_engine - INFO - StockHMM_000858状态校准完成: {0: np.float64(0.39090909090909093), 1: np.float64(0.3178294573643411), 2: np.float64(0.36363636363636365), 3: np.float64(0.47368421052631576)}
2026-06-07 13:34:56 - src.models.hmm_engine - INFO - StockHMM_000876状态校准完成: {0: np.float64(0.460431654676259), 1: np.float64(0.23076923076923078), 2: np.float64(0.5185185185185185), 3: np.float64(0.1509433962264151)}
2026-06-07 13:34:57 - src.models.hmm_engine - INFO - StockHMM_000895状态校准完成: {0: np.float64(0.6041666666666666), 1: np.float64(0.5), 2: np.float64(0.39473684210526316), 3: np.float64(0.5555555555555556)}
2026-06-07 13:34:57 - src.models.hmm_engine - INFO - StockHMM_000938状态校准完成: {0: np.float64(0.5076923076923077), 1: np.float64(0.4144144144144144), 2: np.float64(0.4329896907216495), 3: np.float64(0.4716981132075472)}
2026-06-07 13:34:57 - src.models.hmm_engine - INFO - StockHMM_000963状态校准完成: {0: np.float64(0.3780487804878049), 1: np.float64(0.3488372093023256), 2: np.float64(0.504950495049505), 3: np.float64(0.47368421052631576)}
2026-06-07 13:34:58 - src.models.hmm_engine - INFO - StockHMM_000975状态校准完成: {0: np.float64(0.5185185185185185), 1: np.float64(0.5591397849462365), 2: np.float64(0.38596491228070173), 3: np.float64(0.5157894736842106)}
2026-06-07 13:34:58 - src.models.hmm_engine - INFO - StockHMM_000977状态校准完成: {0: np.float64(0.47244094488188976), 1: np.float64(0.5238095238095238), 2: np.float64(0.45454545454545453), 3: np.float64(0.6041666666666666)}
2026-06-07 13:34:58 - src.models.hmm_engine - INFO - StockHMM_000983状态校准完成: {0: np.float64(0.47959183673469385), 1: np.float64(0.6111111111111112), 2: np.float64(0.45454545454545453), 3: np.float64(0.36585365853658536)}
2026-06-07 13:34:58 - src.models.hmm_engine - INFO - StockHMM_000999状态校准完成: {0: np.float64(0.5227272727272727), 1: np.float64(0.4883720930232558), 2: np.float64(0.5492957746478874), 3: np.float64(0.4339622641509434)}
2026-06-07 13:34:59 - src.models.hmm_engine - INFO - StockHMM_001965状态校准完成: {0: np.float64(0.6875), 1: np.float64(0.5339805825242718), 2: np.float64(0.7083333333333334), 3: np.float64(0.5473684210526316)}
2026-06-07 13:34:59 - src.models.hmm_engine - INFO - StockHMM_001979状态校准完成: {0: np.float64(0.4146341463414634), 1: np.float64(0.4777777777777778), 2: np.float64(0.19047619047619047), 3: np.float64(0.4)}
2026-06-07 13:34:59 - src.models.hmm_engine - INFO - StockHMM_002001状态校准完成: {0: np.float64(0.5943396226415094), 1: np.float64(0.5), 2: np.float64(0.576271186440678), 3: np.float64(0.582089552238806)}
2026-06-07 13:34:59 - src.models.hmm_engine - INFO - StockHMM_002027状态校准完成: {0: np.float64(0.5789473684210527), 1: np.float64(0.5283018867924528), 2: np.float64(0.3333333333333333), 3: np.float64(0.45454545454545453)}
2026-06-07 13:35:00 - src.models.hmm_engine - INFO - StockHMM_002028状态校准完成: {0: np.float64(0.47692307692307695), 1: np.float64(0.417910447761194), 2: np.float64(0.5346534653465347), 3: np.float64(0.5913978494623656)}
2026-06-07 13:35:00 - src.models.hmm_engine - INFO - StockHMM_002049状态校准完成: {0: np.float64(0.375), 1: np.float64(0.4387755102040816), 2: np.float64(0.39090909090909093), 3: np.float64(0.37209302325581395)}
2026-06-07 13:35:00 - src.models.hmm_engine - INFO - StockHMM_002050状态校准完成: {0: np.float64(0.3953488372093023), 1: np.float64(0.32941176470588235), 2: np.float64(0.5692307692307692), 3: np.float64(0.4222222222222222)}
2026-06-07 13:35:00 - src.models.hmm_engine - INFO - StockHMM_002074状态校准完成: {0: np.float64(0.38738738738738737), 1: np.float64(0.3888888888888889), 2: np.float64(0.3181818181818182), 3: np.float64(0.5454545454545454)}
2026-06-07 13:35:01 - src.models.hmm_engine - INFO - StockHMM_002142状态校准完成: {0: np.float64(0.425531914893617), 1: np.float64(0.39552238805970147), 2: np.float64(0.36363636363636365), 3: np.float64(0.5714285714285714)}
2026-06-07 13:35:01 - src.models.hmm_engine - INFO - StockHMM_002179状态校准完成: {0: np.float64(0.5084745762711864), 1: np.float64(0.5151515151515151), 2: np.float64(0.39552238805970147), 3: np.float64(0.47058823529411764)}
2026-06-07 13:35:01 - src.models.hmm_engine - INFO - StockHMM_002230状态校准完成: {0: np.float64(0.4631578947368421), 1: np.float64(0.32978723404255317), 2: np.float64(0.5245901639344263), 3: np.float64(0.4605263157894737)}
2026-06-07 13:35:02 - src.models.hmm_engine - INFO - StockHMM_002236状态校准完成: {0: np.float64(0.37962962962962965), 1: np.float64(0.39285714285714285), 2: np.float64(0.5957446808510638), 3: np.float64(0.3050847457627119)}
2026-06-07 13:35:02 - src.models.hmm_engine - INFO - StockHMM_002241状态校准完成: {0: np.float64(0.35294117647058826), 1: np.float64(0.6694214876033058), 2: np.float64(0.48214285714285715), 3: np.float64(0.40816326530612246)}
2026-06-07 13:35:02 - src.models.hmm_engine - INFO - StockHMM_002252状态校准完成: {0: np.float64(0.6336633663366337), 1: np.float64(0.39603960396039606), 2: np.float64(0.3287671232876712), 3: np.float64(0.6136363636363636)}
2026-06-07 13:35:02 - src.models.hmm_engine - INFO - StockHMM_002304状态校准完成: {0: np.float64(0.37593984962406013), 1: np.float64(0.2413793103448276), 2: np.float64(0.11764705882352941), 3: np.float64(0.33707865168539325)}
2026-06-07 13:35:03 - src.models.hmm_engine - INFO - StockHMM_002311状态校准完成: {0: np.float64(0.29545454545454547), 1: np.float64(0.366412213740458), 2: np.float64(0.42105263157894735), 3: np.float64(0.5113636363636364)}
2026-06-07 13:35:03 - src.models.hmm_engine - INFO - StockHMM_002352状态校准完成: {0: np.float64(0.30973451327433627), 1: np.float64(0.5161290322580645), 2: np.float64(0.5108695652173914), 3: np.float64(0.5111111111111111)}
2026-06-07 13:35:03 - src.models.hmm_engine - INFO - StockHMM_002371状态校准完成: {0: np.float64(0.5454545454545454), 1: np.float64(0.43902439024390244), 2: np.float64(0.49295774647887325), 3: np.float64(0.5206611570247934)}
2026-06-07 13:35:03 - src.models.hmm_engine - INFO - StockHMM_002384状态校准完成: {0: np.float64(0.5584415584415584), 1: np.float64(0.4166666666666667), 2: np.float64(0.6190476190476191), 3: np.float64(0.5)}
2026-06-07 13:35:04 - src.models.hmm_engine - INFO - StockHMM_002415状态校准完成: {0: np.float64(0.36607142857142855), 1: np.float64(0.48854961832061067), 2: np.float64(0.32142857142857145), 3: np.float64(0.48148148148148145)}
2026-06-07 13:35:04 - src.models.hmm_engine - INFO - StockHMM_002422状态校准完成: {0: np.float64(0.5045045045045045), 1: np.float64(0.4485981308411215), 2: np.float64(0.5227272727272727), 3: np.float64(0.359375)}
2026-06-07 13:35:04 - src.models.hmm_engine - INFO - StockHMM_002459状态校准完成: {0: np.float64(0.3522727272727273), 1: np.float64(0.2903225806451613), 2: np.float64(0.5151515151515151), 3: np.float64(0.5416666666666666)}
2026-06-07 13:35:04 - src.models.hmm_engine - INFO - StockHMM_002460状态校准完成: {0: np.float64(0.43661971830985913), 1: np.float64(0.5094339622641509), 2: np.float64(0.34146341463414637), 3: np.float64(0.38333333333333336)}
2026-06-07 13:35:05 - src.models.hmm_engine - INFO - StockHMM_002463状态校准完成: {0: np.float64(0.44660194174757284), 1: np.float64(0.4528301886792453), 2: np.float64(0.48484848484848486), 3: np.float64(0.5474452554744526)}
2026-06-07 13:35:05 - src.models.hmm_engine - INFO - StockHMM_002466状态校准完成: {0: np.float64(0.39473684210526316), 1: np.float64(0.5), 2: np.float64(0.4375), 3: np.float64(0.25)}
2026-06-07 13:35:05 - src.models.hmm_engine - INFO - StockHMM_002475状态校准完成: {0: np.float64(0.5520833333333334), 1: np.float64(0.5393258426966292), 2: np.float64(0.5272727272727272), 3: np.float64(0.5232558139534884)}
2026-06-07 13:35:05 - src.models.hmm_engine - INFO - StockHMM_002493状态校准完成: {0: np.float64(0.4811320754716981), 1: np.float64(0.4583333333333333), 2: np.float64(0.3655913978494624), 3: np.float64(0.39805825242718446)}
2026-06-07 13:35:06 - src.models.hmm_engine - INFO - StockHMM_002594状态校准完成: {0: np.float64(0.46715328467153283), 1: np.float64(0.39285714285714285), 2: np.float64(0.4918032786885246), 3: np.float64(0.6388888888888888)}
2026-06-07 13:35:06 - src.models.hmm_engine - INFO - StockHMM_002600状态校准完成: {0: np.float64(0.5280898876404494), 1: np.float64(0.5384615384615384), 2: np.float64(0.5316455696202531), 3: np.float64(0.43010752688172044)}
2026-06-07 13:35:06 - src.models.hmm_engine - INFO - StockHMM_002601状态校准完成: {0: np.float64(0.38848920863309355), 1: np.float64(0.5416666666666666), 2: np.float64(0.3902439024390244), 3: np.float64(0.4594594594594595)}
2026-06-07 13:35:07 - src.models.hmm_engine - INFO - StockHMM_002625状态校准完成: {0: np.float64(0.5656565656565656), 1: np.float64(0.7105263157894737), 2: np.float64(0.4050632911392405), 3: np.float64(0.6451612903225806)}
2026-06-07 13:35:07 - src.models.hmm_engine - INFO - StockHMM_002648状态校准完成: {0: np.float64(0.5555555555555556), 1: np.float64(0.45112781954887216), 2: np.float64(0.5510204081632653), 3: np.float64(0.35802469135802467)}
2026-06-07 13:35:07 - src.models.hmm_engine - INFO - StockHMM_002709状态校准完成: {0: np.float64(0.37755102040816324), 1: np.float64(0.358974358974359), 2: np.float64(0.3076923076923077), 3: np.float64(0.4722222222222222)}
2026-06-07 13:35:07 - src.models.hmm_engine - INFO - StockHMM_002714状态校准完成: {0: np.float64(0.36619718309859156), 1: np.float64(0.671875), 2: np.float64(0.45098039215686275), 3: np.float64(0.463768115942029)}
2026-06-07 13:35:08 - src.models.hmm_engine - INFO - StockHMM_002736状态校准完成: {0: np.float64(0.5306122448979592), 1: np.float64(0.5923076923076923), 2: np.float64(0.3888888888888889), 3: np.float64(0.4369747899159664)}
2026-06-07 13:35:08 - src.models.hmm_engine - INFO - StockHMM_002916状态校准完成: {0: np.float64(0.7), 1: np.float64(0.4336283185840708), 2: np.float64(0.518796992481203), 3: np.float64(0.32)}
2026-06-07 13:35:08 - src.models.hmm_engine - INFO - StockHMM_002920状态校准完成: {0: np.float64(0.5), 1: np.float64(0.3511450381679389), 2: np.float64(0.5964912280701754), 3: np.float64(0.4883720930232558)}
2026-06-07 13:35:09 - src.models.hmm_engine - INFO - StockHMM_002938状态校准完成: {0: np.float64(0.5283018867924528), 1: np.float64(0.49473684210526314), 2: np.float64(0.65), 3: np.float64(0.4387755102040816)}
2026-06-07 13:35:09 - src.models.hmm_engine - INFO - StockHMM_003816状态校准完成: {0: np.float64(0.5795454545454546), 1: np.float64(0.47619047619047616), 2: np.float64(0.4772727272727273), 3: np.float64(0.6545454545454545)}
2026-06-07 13:35:09 - src.models.hmm_engine - INFO - StockHMM_300014状态校准完成: {0: np.float64(0.35064935064935066), 1: np.float64(0.49044585987261147), 2: np.float64(0.2564102564102564), 3: np.float64(0.5)}
2026-06-07 13:35:09 - src.models.hmm_engine - INFO - StockHMM_300015状态校准完成: {0: np.float64(0.3247863247863248), 1: np.float64(0.3277310924369748), 2: np.float64(0.40789473684210525), 3: np.float64(0.42857142857142855)}
2026-06-07 13:35:10 - src.models.hmm_engine - INFO - StockHMM_300033状态校准完成: {0: np.float64(0.3644067796610169), 1: np.float64(0.625), 2: np.float64(0.44680851063829785), 3: np.float64(0.5185185185185185)}
2026-06-07 13:35:10 - src.models.hmm_engine - INFO - StockHMM_300059状态校准完成: {0: np.float64(0.3645833333333333), 1: np.float64(0.6), 2: np.float64(0.3353658536585366), 3: np.float64(0.5853658536585366)}
2026-06-07 13:35:10 - src.models.hmm_engine - INFO - StockHMM_300122状态校准完成: {0: np.float64(0.2911392405063291), 1: np.float64(0.75), 2: np.float64(0.39622641509433965), 3: np.float64(0.4774774774774775)}
2026-06-07 13:35:10 - src.models.hmm_engine - INFO - StockHMM_300124状态校准完成: {0: np.float64(0.45054945054945056), 1: np.float64(0.4444444444444444), 2: np.float64(0.5), 3: np.float64(0.34782608695652173)}
2026-06-07 13:35:11 - src.models.hmm_engine - INFO - StockHMM_300251状态校准完成: {0: np.float64(0.38271604938271603), 1: np.float64(0.6086956521739131), 2: np.float64(0.36879432624113473), 3: np.float64(0.5689655172413793)}
2026-06-07 13:35:11 - src.models.hmm_engine - INFO - StockHMM_300274状态校准完成: {0: np.float64(0.45454545454545453), 1: np.float64(0.2948717948717949), 2: np.float64(0.3333333333333333), 3: np.float64(0.5405405405405406)}
2026-06-07 13:35:11 - src.models.hmm_engine - INFO - StockHMM_300308状态校准完成: {0: np.float64(0.42424242424242425), 1: np.float64(0.4482758620689655), 2: np.float64(0.5625), 3: np.float64(0.5)}
2026-06-07 13:35:11 - src.models.hmm_engine - INFO - StockHMM_300316状态校准完成: {0: np.float64(0.2839506172839506), 1: np.float64(0.41228070175438597), 2: np.float64(0.3225806451612903), 3: np.float64(0.35)}
2026-06-07 13:35:12 - src.models.hmm_engine - INFO - StockHMM_300347状态校准完成: {0: np.float64(0.4166666666666667), 1: np.float64(0.37755102040816324), 2: np.float64(0.4019607843137255), 3: np.float64(0.5897435897435898)}
2026-06-07 13:35:12 - src.models.hmm_engine - INFO - StockHMM_300394状态校准完成: {0: np.float64(0.5178571428571429), 1: np.float64(0.5957446808510638), 2: np.float64(0.3619047619047619), 3: np.float64(0.41935483870967744)}
2026-06-07 13:35:12 - src.models.hmm_engine - INFO - StockHMM_300408状态校准完成: {0: np.float64(0.5203252032520326), 1: np.float64(0.5294117647058824), 2: np.float64(0.42857142857142855), 3: np.float64(0.45652173913043476)}
2026-06-07 13:35:13 - src.models.hmm_engine - INFO - StockHMM_300413状态校准完成: {0: np.float64(0.43333333333333335), 1: np.float64(0.53), 2: np.float64(0.297029702970297), 3: np.float64(0.5428571428571428)}
2026-06-07 13:35:13 - src.models.hmm_engine - INFO - StockHMM_300418状态校准完成: {0: np.float64(0.4523809523809524), 1: np.float64(0.4566929133858268), 2: np.float64(0.3670886075949367), 3: np.float64(0.7222222222222222)}
2026-06-07 13:35:13 - src.models.hmm_engine - INFO - StockHMM_300433状态校准完成: {0: np.float64(0.4507042253521127), 1: np.float64(0.5641025641025641), 2: np.float64(0.6379310344827587), 3: np.float64(0.53)}
2026-06-07 13:35:13 - src.models.hmm_engine - INFO - StockHMM_300442状态校准完成: {0: np.float64(0.528169014084507), 1: np.float64(0.3448275862068966), 2: np.float64(0.6666666666666666), 3: np.float64(0.3972602739726027)}
2026-06-07 13:35:14 - src.models.hmm_engine - INFO - StockHMM_300476状态校准完成: {0: np.float64(0.6451612903225806), 1: np.float64(0.44761904761904764), 2: np.float64(0.5507246376811594), 3: np.float64(0.5041322314049587)}
2026-06-07 13:35:14 - src.models.hmm_engine - INFO - StockHMM_300498状态校准完成: {0: np.float64(0.391304347826087), 1: np.float64(0.4857142857142857), 2: np.float64(0.25), 3: np.float64(0.46511627906976744)}
2026-06-07 13:35:14 - src.models.hmm_engine - INFO - StockHMM_300502状态校准完成: {0: np.float64(0.578125), 1: np.float64(0.5121951219512195), 2: np.float64(0.5072463768115942), 3: np.float64(0.425531914893617)}
2026-06-07 13:35:14 - src.models.hmm_engine - INFO - StockHMM_300628状态校准完成: {0: np.float64(0.4418604651162791), 1: np.float64(0.36363636363636365), 2: np.float64(0.5277777777777778), 3: np.float64(0.6451612903225806)}
2026-06-07 13:35:15 - src.models.hmm_engine - INFO - StockHMM_300661状态校准完成: {0: np.float64(0.4528301886792453), 1: np.float64(0.4117647058823529), 2: np.float64(0.5112781954887218), 3: np.float64(0.42105263157894735)}
2026-06-07 13:35:15 - src.models.hmm_engine - INFO - StockHMM_300750状态校准完成: {0: np.float64(0.5483870967741935), 1: np.float64(0.42857142857142855), 2: np.float64(0.4188034188034188), 3: np.float64(0.5081967213114754)}
2026-06-07 13:35:15 - src.models.hmm_engine - INFO - StockHMM_300759状态校准完成: {0: np.float64(0.3670886075949367), 1: np.float64(0.36), 2: np.float64(0.5), 3: np.float64(0.6133333333333333)}
2026-06-07 13:35:15 - src.models.hmm_engine - INFO - StockHMM_300760状态校准完成: {0: np.float64(0.4878048780487805), 1: np.float64(0.40217391304347827), 2: np.float64(0.3333333333333333), 3: np.float64(0.30392156862745096)}
2026-06-07 13:35:16 - src.models.hmm_engine - INFO - StockHMM_300782状态校准完成: {0: np.float64(0.38095238095238093), 1: np.float64(0.29411764705882354), 2: np.float64(0.5925925925925926), 3: np.float64(0.325)}
2026-06-07 13:35:16 - src.models.hmm_engine - INFO - StockHMM_300803状态校准完成: {0: np.float64(0.44680851063829785), 1: np.float64(0.7272727272727273), 2: np.float64(0.4473684210526316), 3: np.float64(0.3238095238095238)}
2026-06-07 13:35:16 - src.models.hmm_engine - INFO - StockHMM_300832状态校准完成: {0: np.float64(0.07692307692307693), 1: np.float64(0.6240601503759399), 2: np.float64(0.47126436781609193), 3: np.float64(0.5268817204301075)}
2026-06-07 13:35:16 - src.models.hmm_engine - INFO - StockHMM_300866状态校准完成: {0: np.float64(0.5319148936170213), 1: np.float64(0.5784313725490197), 2: np.float64(0.44871794871794873), 3: np.float64(0.45454545454545453)}
2026-06-07 13:35:17 - src.models.hmm_engine - INFO - StockHMM_300896状态校准完成: {0: np.float64(0.35772357723577236), 1: np.float64(0.43478260869565216), 2: np.float64(0.46153846153846156), 3: np.float64(0.35714285714285715)}
2026-06-07 13:35:17 - src.models.hmm_engine - INFO - StockHMM_300979状态校准完成: {0: np.float64(0.5392156862745098), 1: np.float64(0.44285714285714284), 2: np.float64(0.61), 3: np.float64(0.4444444444444444)}
2026-06-07 13:35:17 - src.models.hmm_engine - INFO - StockHMM_300999状态校准完成: {0: np.float64(0.47368421052631576), 1: np.float64(0.4603174603174603), 2: np.float64(0.45689655172413796), 3: np.float64(0.3046875)}
2026-06-07 13:35:18 - src.models.hmm_engine - INFO - StockHMM_301236状态校准完成: {0: np.float64(0.4857142857142857), 1: np.float64(0.4642857142857143), 2: np.float64(0.5612244897959183), 3: np.float64(0.48623853211009177)}
2026-06-07 13:35:18 - src.models.hmm_engine - INFO - StockHMM_301269状态校准完成: {0: np.float64(0.5694444444444444), 1: np.float64(0.38461538461538464), 2: np.float64(0.4601226993865031), 3: np.float64(0.48717948717948717)}
2026-06-07 13:35:18 - src.models.hmm_engine - INFO - StockHMM_302132状态校准完成: {0: np.float64(0.5858585858585859), 1: np.float64(0.5476190476190477), 2: np.float64(0.43636363636363634), 3: np.float64(0.6)}
2026-06-07 17:06:50 - src.models.hmm_engine - INFO - StockHMM_sh.600000状态校准完成: {0: np.float64(0.5207100591715976), 1: np.float64(0.5643564356435643), 2: np.float64(0.5527950310559007), 3: np.float64(0.3722627737226277)}
2026-06-07 17:06:51 - src.models.hmm_engine - INFO - StockHMM_sh.600009状态校准完成: {0: np.float64(0.3108108108108108), 1: np.float64(0.4731182795698925), 2: np.float64(0.40625), 3: np.float64(0.4639175257731959)}
2026-06-07 17:06:51 - src.models.hmm_engine - INFO - StockHMM_sh.600010状态校准完成: {0: np.float64(0.4946808510638298), 1: np.float64(0.4297872340425532), 2: np.float64(0.44274809160305345), 3: np.float64(0.4260869565217391)}
2026-06-07 17:06:51 - src.models.hmm_engine - INFO - StockHMM_sh.600011状态校准完成: {0: np.float64(0.43558282208588955), 1: np.float64(0.5795053003533569), 2: np.float64(0.43243243243243246), 3: np.float64(0.5066666666666667)}
2026-06-07 17:06:51 - src.models.hmm_engine - INFO - StockHMM_sh.600015状态校准完成: {0: np.float64(0.5), 1: np.float64(0.5702479338842975), 2: np.float64(0.4666666666666667), 3: np.float64(0.5526315789473685)}
2026-06-07 17:06:51 - src.models.hmm_engine - INFO - StockHMM_sh.600016状态校准完成: {0: np.float64(0.5316455696202531), 1: np.float64(0.41935483870967744), 2: np.float64(0.4279835390946502), 3: np.float64(0.5076923076923077)}
2026-06-07 17:06:51 - src.models.hmm_engine - INFO - StockHMM_sh.600018状态校准完成: {0: np.float64(0.4271356783919598), 1: np.float64(0.42276422764227645), 2: np.float64(0.5303643724696356), 3: np.float64(0.55)}
2026-06-07 17:06:51 - src.models.hmm_engine - INFO - StockHMM_sh.600019状态校准完成: {0: np.float64(0.4641509433962264), 1: np.float64(0.43478260869565216), 2: np.float64(0.42735042735042733), 3: np.float64(0.5436893203883495)}
2026-06-07 17:06:52 - src.models.hmm_engine - INFO - StockHMM_sh.600023状态校准完成: {0: np.float64(0.4177215189873418), 1: np.float64(0.5670103092783505), 2: np.float64(0.48226950354609927), 3: np.float64(0.5647058823529412)}
2026-06-07 17:06:52 - src.models.hmm_engine - INFO - StockHMM_sh.600025状态校准完成: {0: np.float64(0.7415730337078652), 1: np.float64(0.4555160142348754), 2: np.float64(0.5898876404494382), 3: np.float64(0.4132231404958678)}
2026-06-07 17:06:52 - src.models.hmm_engine - INFO - StockHMM_sh.600026状态校准完成: {0: np.float64(0.5029239766081871), 1: np.float64(0.4627450980392157), 2: np.float64(0.2631578947368421), 3: np.float64(0.5588235294117647)}
2026-06-07 17:06:52 - src.models.hmm_engine - INFO - StockHMM_sh.600027状态校准完成: {0: np.float64(0.5497382198952879), 1: np.float64(0.5177304964539007), 2: np.float64(0.49514563106796117), 3: np.float64(0.5044642857142857)}
2026-06-07 17:06:52 - src.models.hmm_engine - INFO - StockHMM_sh.600028状态校准完成: {0: np.float64(0.3558282208588957), 1: np.float64(0.4631578947368421), 2: np.float64(0.4148936170212766), 3: np.float64(0.5709779179810726)}
2026-06-07 17:06:52 - src.models.hmm_engine - INFO - StockHMM_sh.600029状态校准完成: {0: np.float64(0.43089430894308944), 1: np.float64(0.48214285714285715), 2: np.float64(0.45222929936305734), 3: np.float64(0.47653429602888087)}
2026-06-07 17:06:53 - src.models.hmm_engine - INFO - StockHMM_sh.600030状态校准完成: {0: np.float64(0.5), 1: np.float64(0.4067796610169492), 2: np.float64(0.4764705882352941), 3: np.float64(0.4606741573033708)}
2026-06-07 17:06:53 - src.models.hmm_engine - INFO - StockHMM_sh.600031状态校准完成: {0: np.float64(0.44140625), 1: np.float64(0.41847826086956524), 2: np.float64(0.45625), 3: np.float64(0.6086956521739131)}
2026-06-07 17:06:53 - src.models.hmm_engine - INFO - StockHMM_sh.600036状态校准完成: {0: np.float64(0.5094339622641509), 1: np.float64(0.46923076923076923), 2: np.float64(0.6203703703703703), 3: np.float64(0.5068493150684932)}
2026-06-07 17:06:53 - src.models.hmm_engine - INFO - StockHMM_sh.600039状态校准完成: {0: np.float64(0.5), 1: np.float64(0.5597826086956522), 2: np.float64(0.3744493392070485), 3: np.float64(0.5063291139240507)}
2026-06-07 17:06:53 - src.models.hmm_engine - INFO - StockHMM_sh.600048状态校准完成: {0: np.float64(0.4318181818181818), 1: np.float64(0.3967391304347826), 2: np.float64(0.23178807947019867), 3: np.float64(0.4230769230769231)}
2026-06-07 17:06:53 - src.models.hmm_engine - INFO - StockHMM_sh.600050状态校准完成: {0: np.float64(0.49206349206349204), 1: np.float64(0.47560975609756095), 2: np.float64(0.36885245901639346), 3: np.float64(0.5051546391752577)}
2026-06-07 17:06:54 - src.models.hmm_engine - INFO - StockHMM_sh.600061状态校准完成: {0: np.float64(0.533678756476684), 1: np.float64(0.4142857142857143), 2: np.float64(0.4297872340425532), 3: np.float64(0.48514851485148514)}
2026-06-07 17:06:54 - src.models.hmm_engine - INFO - StockHMM_sh.600066状态校准完成: {0: np.float64(0.6204379562043796), 1: np.float64(0.5087719298245614), 2: np.float64(0.59375), 3: np.float64(0.5397727272727273)}
2026-06-07 17:06:54 - src.models.hmm_engine - INFO - StockHMM_sh.600085状态校准完成: {0: np.float64(0.48214285714285715), 1: np.float64(0.4430379746835443), 2: np.float64(0.39622641509433965), 3: np.float64(0.3155080213903743)}
2026-06-07 17:06:54 - src.models.hmm_engine - INFO - StockHMM_sh.600089状态校准完成: {0: np.float64(0.429042904290429), 1: np.float64(0.5405405405405406), 2: np.float64(0.574585635359116), 3: np.float64(0.44594594594594594)}
2026-06-07 17:06:54 - src.models.hmm_engine - INFO - StockHMM_sh.600104状态校准完成: {0: np.float64(0.49372384937238495), 1: np.float64(0.3682008368200837), 2: np.float64(0.4077669902912621), 3: np.float64(0.42045454545454547)}
2026-06-07 17:06:54 - src.models.hmm_engine - INFO - StockHMM_sh.600111状态校准完成: {0: np.float64(0.4791666666666667), 1: np.float64(0.37850467289719625), 2: np.float64(0.45454545454545453), 3: np.float64(0.5522388059701493)}
2026-06-07 17:06:55 - src.models.hmm_engine - INFO - StockHMM_sh.600115状态校准完成: {0: np.float64(0.46017699115044247), 1: np.float64(0.5294117647058824), 2: np.float64(0.4867924528301887), 3: np.float64(0.45145631067961167)}
2026-06-07 17:06:55 - src.models.hmm_engine - INFO - StockHMM_sh.600150状态校准完成: {0: np.float64(0.5397727272727273), 1: np.float64(0.49557522123893805), 2: np.float64(0.400990099009901), 3: np.float64(0.5670731707317073)}
2026-06-07 17:06:55 - src.models.hmm_engine - INFO - StockHMM_sh.600160状态校准完成: {0: np.float64(0.46), 1: np.float64(0.562962962962963), 2: np.float64(0.5234042553191489), 3: np.float64(0.5637583892617449)}
2026-06-07 17:06:55 - src.models.hmm_engine - INFO - StockHMM_sh.600161状态校准完成: {0: np.float64(0.45054945054945056), 1: np.float64(0.5542168674698795), 2: np.float64(0.43023255813953487), 3: np.float64(0.31746031746031744)}
2026-06-07 17:06:55 - src.models.hmm_engine - INFO - StockHMM_sh.600176状态校准完成: {0: np.float64(0.3943089430894309), 1: np.float64(0.6444444444444445), 2: np.float64(0.4857142857142857), 3: np.float64(0.5641025641025641)}
2026-06-07 17:06:56 - src.models.hmm_engine - INFO - StockHMM_sh.600183状态校准完成: {0: np.float64(0.6123595505617978), 1: np.float64(0.5349794238683128), 2: np.float64(0.5466666666666666), 3: np.float64(0.6020408163265306)}
2026-06-07 17:06:56 - src.models.hmm_engine - INFO - StockHMM_sh.600188状态校准完成: {0: np.float64(0.5357142857142857), 1: np.float64(0.5), 2: np.float64(0.47808764940239046), 3: np.float64(0.5251798561151079)}
2026-06-07 17:06:56 - src.models.hmm_engine - INFO - StockHMM_sh.600196状态校准完成: {0: np.float64(0.45982142857142855), 1: np.float64(0.5684210526315789), 2: np.float64(0.3902439024390244), 3: np.float64(0.46206896551724136)}
2026-06-07 17:06:56 - src.models.hmm_engine - INFO - StockHMM_sh.600219状态校准完成: {0: np.float64(0.5972222222222222), 1: np.float64(0.5388349514563107), 2: np.float64(0.5126050420168067), 3: np.float64(0.5698529411764706)}
2026-06-07 17:06:56 - src.models.hmm_engine - INFO - StockHMM_sh.600233状态校准完成: {0: np.float64(0.532967032967033), 1: np.float64(0.4276315789473684), 2: np.float64(0.4880952380952381), 3: np.float64(0.5662650602409639)}
2026-06-07 17:06:56 - src.models.hmm_engine - INFO - StockHMM_sh.600276状态校准完成: {0: np.float64(0.4885844748858447), 1: np.float64(0.5223880597014925), 2: np.float64(0.5), 3: np.float64(0.44029850746268656)}
2026-06-07 17:06:56 - src.models.hmm_engine - INFO - StockHMM_sh.600309状态校准完成: {0: np.float64(0.49230769230769234), 1: np.float64(0.4864864864864865), 2: np.float64(0.5029585798816568), 3: np.float64(0.31981981981981983)}
2026-06-07 17:06:57 - src.models.hmm_engine - INFO - StockHMM_sh.600346状态校准完成: {0: np.float64(0.4), 1: np.float64(0.48868778280542985), 2: np.float64(0.5370370370370371), 3: np.float64(0.4266666666666667)}
2026-06-07 17:06:57 - src.models.hmm_engine - INFO - StockHMM_sh.600362状态校准完成: {0: np.float64(0.5056179775280899), 1: np.float64(0.5283018867924528), 2: np.float64(0.538860103626943), 3: np.float64(0.5048543689320388)}
2026-06-07 17:06:57 - src.models.hmm_engine - INFO - StockHMM_sh.600372状态校准完成: {0: np.float64(0.5053003533568905), 1: np.float64(0.5324675324675324), 2: np.float64(0.475), 3: np.float64(0.4479166666666667)}
2026-06-07 17:06:57 - src.models.hmm_engine - INFO - StockHMM_sh.600377状态校准完成: {0: np.float64(0.5833333333333334), 1: np.float64(0.576036866359447), 2: np.float64(0.5952380952380952), 3: np.float64(0.405)}
2026-06-07 17:06:57 - src.models.hmm_engine - INFO - StockHMM_sh.600406状态校准完成: {0: np.float64(0.5347222222222222), 1: np.float64(0.45595854922279794), 2: np.float64(0.3627450980392157), 3: np.float64(0.46511627906976744)}
2026-06-07 17:06:58 - src.models.hmm_engine - INFO - StockHMM_sh.600415状态校准完成: {0: np.float64(0.46099290780141844), 1: np.float64(0.43859649122807015), 2: np.float64(0.48412698412698413), 3: np.float64(0.5021645021645021)}
2026-06-07 17:06:58 - src.models.hmm_engine - INFO - StockHMM_sh.600426状态校准完成: {0: np.float64(0.44223107569721115), 1: np.float64(0.5591397849462365), 2: np.float64(0.4044943820224719), 3: np.float64(0.4449152542372881)}
2026-06-07 17:06:58 - src.models.hmm_engine - INFO - StockHMM_sh.600436状态校准完成: {0: np.float64(0.36464088397790057), 1: np.float64(0.272), 2: np.float64(0.3473282442748092), 3: np.float64(0.5247524752475248)}
2026-06-07 17:06:58 - src.models.hmm_engine - INFO - StockHMM_sh.600438状态校准完成: {0: np.float64(0.3413173652694611), 1: np.float64(0.4205607476635514), 2: np.float64(0.31788079470198677), 3: np.float64(0.4658119658119658)}
2026-06-07 17:06:58 - src.models.hmm_engine - INFO - StockHMM_sh.600460状态校准完成: {0: np.float64(0.4331983805668016), 1: np.float64(0.5663716814159292), 2: np.float64(0.45098039215686275), 3: np.float64(0.6280193236714976)}
2026-06-07 17:06:58 - src.models.hmm_engine - INFO - StockHMM_sh.600482状态校准完成: {0: np.float64(0.5034722222222222), 1: np.float64(0.5138888888888888), 2: np.float64(0.5060240963855421), 3: np.float64(0.44907407407407407)}
2026-06-07 17:06:58 - src.models.hmm_engine - INFO - StockHMM_sh.600489状态校准完成: {0: np.float64(0.5703703703703704), 1: np.float64(0.5582191780821918), 2: np.float64(0.6065573770491803), 3: np.float64(0.5580110497237569)}
2026-06-07 17:06:59 - src.models.hmm_engine - INFO - StockHMM_sh.600515状态校准完成: {0: np.float64(0.4634920634920635), 1: np.float64(0.34210526315789475), 2: np.float64(0.4018264840182648), 3: np.float64(0.3220338983050847)}
2026-06-07 17:06:59 - src.models.hmm_engine - INFO - StockHMM_sh.600519状态校准完成: {0: np.float64(0.5041666666666667), 1: np.float64(0.4244604316546763), 2: np.float64(0.40625), 3: np.float64(0.34536082474226804)}
2026-06-07 17:06:59 - src.models.hmm_engine - INFO - StockHMM_sh.600522状态校准完成: {0: np.float64(0.45161290322580644), 1: np.float64(0.6144578313253012), 2: np.float64(0.4834123222748815), 3: np.float64(0.5396825396825397)}
2026-06-07 17:06:59 - src.models.hmm_engine - INFO - StockHMM_sh.600547状态校准完成: {0: np.float64(0.37142857142857144), 1: np.float64(0.50390625), 2: np.float64(0.5535714285714286), 3: np.float64(0.4744897959183674)}
2026-06-07 17:06:59 - src.models.hmm_engine - INFO - StockHMM_sh.600570状态校准完成: {0: np.float64(0.3308550185873606), 1: np.float64(0.463768115942029), 2: np.float64(0.3953488372093023), 3: np.float64(0.5099009900990099)}
2026-06-07 17:06:59 - src.models.hmm_engine - INFO - StockHMM_sh.600584状态校准完成: {0: np.float64(0.424390243902439), 1: np.float64(0.5424528301886793), 2: np.float64(0.5617977528089888), 3: np.float64(0.5072463768115942)}
2026-06-07 17:07:00 - src.models.hmm_engine - INFO - StockHMM_sh.600585状态校准完成: {0: np.float64(0.4888888888888889), 1: np.float64(0.41708542713567837), 2: np.float64(0.34913793103448276), 3: np.float64(0.5689655172413793)}
2026-06-07 17:07:00 - src.models.hmm_engine - INFO - StockHMM_sh.600588状态校准完成: {0: np.float64(0.41968911917098445), 1: np.float64(0.42857142857142855), 2: np.float64(0.46788990825688076), 3: np.float64(0.4853801169590643)}
2026-06-07 17:07:00 - src.models.hmm_engine - INFO - StockHMM_sh.600600状态校准完成: {0: np.float64(0.5142857142857142), 1: np.float64(0.3452914798206278), 2: np.float64(0.44881889763779526), 3: np.float64(0.40654205607476634)}
2026-06-07 17:07:00 - src.models.hmm_engine - INFO - StockHMM_sh.600660状态校准完成: {0: np.float64(0.6285714285714286), 1: np.float64(0.491869918699187), 2: np.float64(0.6067415730337079), 3: np.float64(0.45161290322580644)}
2026-06-07 17:07:00 - src.models.hmm_engine - INFO - StockHMM_sh.600674状态校准完成: {0: np.float64(0.6447368421052632), 1: np.float64(0.4681818181818182), 2: np.float64(0.4536082474226804), 3: np.float64(0.38)}
2026-06-07 17:07:00 - src.models.hmm_engine - INFO - StockHMM_sh.600690状态校准完成: {0: np.float64(0.4358974358974359), 1: np.float64(0.43373493975903615), 2: np.float64(0.45454545454545453), 3: np.float64(0.5637583892617449)}
2026-06-07 17:07:01 - src.models.hmm_engine - INFO - StockHMM_sh.600741状态校准完成: {0: np.float64(0.4838709677419355), 1: np.float64(0.45454545454545453), 2: np.float64(0.5108695652173914), 3: np.float64(0.5131578947368421)}
2026-06-07 17:07:01 - src.models.hmm_engine - INFO - StockHMM_sh.600760状态校准完成: {0: np.float64(0.45544554455445546), 1: np.float64(0.4909090909090909), 2: np.float64(0.41935483870967744), 3: np.float64(0.47368421052631576)}
2026-06-07 17:07:01 - src.models.hmm_engine - INFO - StockHMM_sh.600795状态校准完成: {0: np.float64(0.48295454545454547), 1: np.float64(0.5069124423963134), 2: np.float64(0.5256410256410257), 3: np.float64(0.6833333333333333)}
2026-06-07 17:07:01 - src.models.hmm_engine - INFO - StockHMM_sh.600803状态校准完成: {0: np.float64(0.5), 1: np.float64(0.5033557046979866), 2: np.float64(0.5563380281690141), 3: np.float64(0.48314606741573035)}
2026-06-07 17:07:01 - src.models.hmm_engine - INFO - StockHMM_sh.600809状态校准完成: {0: np.float64(0.30158730158730157), 1: np.float64(0.45), 2: np.float64(0.37872340425531914), 3: np.float64(0.49523809523809526)}
2026-06-07 17:07:01 - src.models.hmm_engine - INFO - StockHMM_sh.600845状态校准完成: {0: np.float64(0.3793103448275862), 1: np.float64(0.37272727272727274), 2: np.float64(0.4713375796178344), 3: np.float64(0.4557823129251701)}
2026-06-07 17:07:02 - src.models.hmm_engine - INFO - StockHMM_sh.600875状态校准完成: {0: np.float64(0.6135265700483091), 1: np.float64(0.44), 2: np.float64(0.3389830508474576), 3: np.float64(0.48717948717948717)}
2026-06-07 17:07:02 - src.models.hmm_engine - INFO - StockHMM_sh.600886状态校准完成: {0: np.float64(0.504), 1: np.float64(0.38645418326693226), 2: np.float64(0.5260416666666666), 3: np.float64(0.5841584158415841)}
2026-06-07 17:07:02 - src.models.hmm_engine - INFO - StockHMM_sh.600887状态校准完成: {0: np.float64(0.4016393442622951), 1: np.float64(0.39915966386554624), 2: np.float64(0.5555555555555556), 3: np.float64(0.4383561643835616)}
2026-06-07 17:07:02 - src.models.hmm_engine - INFO - StockHMM_sh.600893状态校准完成: {0: np.float64(0.46368715083798884), 1: np.float64(0.4117647058823529), 2: np.float64(0.3700787401574803), 3: np.float64(0.5555555555555556)}
2026-06-07 17:07:02 - src.models.hmm_engine - INFO - StockHMM_sh.600900状态校准完成: {0: np.float64(0.6153846153846154), 1: np.float64(0.44029850746268656), 2: np.float64(0.5952380952380952), 3: np.float64(0.5666666666666667)}
2026-06-07 17:07:02 - src.models.hmm_engine - INFO - StockHMM_sh.600905状态校准完成: {0: np.float64(0.46632124352331605), 1: np.float64(0.3707865168539326), 2: np.float64(0.5294117647058824), 3: np.float64(0.45517241379310347)}
2026-06-07 17:07:02 - src.models.hmm_engine - INFO - StockHMM_sh.600918状态校准完成: {0: np.float64(0.42016806722689076), 1: np.float64(0.436046511627907), 2: np.float64(0.4222222222222222), 3: np.float64(0.42011834319526625)}
2026-06-07 17:07:03 - src.models.hmm_engine - INFO - StockHMM_sh.600919状态校准完成: {0: np.float64(0.4556213017751479), 1: np.float64(0.6180904522613065), 2: np.float64(0.7164179104477612), 3: np.float64(0.5555555555555556)}
2026-06-07 17:07:03 - src.models.hmm_engine - INFO - StockHMM_sh.600926状态校准完成: {0: np.float64(0.5016835016835017), 1: np.float64(0.5483870967741935), 2: np.float64(0.32558139534883723), 3: np.float64(0.6133333333333333)}
2026-06-07 17:07:03 - src.models.hmm_engine - INFO - StockHMM_sh.600930状态校准完成: {0: np.float64(0.5666666666666667), 1: np.float64(0.4117647058823529), 2: np.float64(0.5396825396825397), 3: np.float64(0.5454545454545454)}
2026-06-07 17:07:03 - src.models.hmm_engine - INFO - StockHMM_sh.600938状态校准完成: {0: np.float64(0.6148148148148148), 1: np.float64(0.5), 2: np.float64(0.49044585987261147), 3: np.float64(0.5372340425531915)}
2026-06-07 17:07:03 - src.models.hmm_engine - INFO - StockHMM_sh.600941状态校准完成: {0: np.float64(0.4863013698630137), 1: np.float64(0.46956521739130436), 2: np.float64(0.625), 3: np.float64(0.421875)}
2026-06-07 17:07:03 - src.models.hmm_engine - INFO - StockHMM_sh.600958状态校准完成: {0: np.float64(0.4068627450980392), 1: np.float64(0.5121951219512195), 2: np.float64(0.45132743362831856), 3: np.float64(0.40875912408759124)}
2026-06-07 17:07:04 - src.models.hmm_engine - INFO - StockHMM_sh.600989状态校准完成: {0: np.float64(0.6071428571428571), 1: np.float64(0.40625), 2: np.float64(0.4444444444444444), 3: np.float64(0.5302325581395348)}
2026-06-07 17:07:04 - src.models.hmm_engine - INFO - StockHMM_sh.600999状态校准完成: {0: np.float64(0.46963562753036436), 1: np.float64(0.5294117647058824), 2: np.float64(0.4426229508196721), 3: np.float64(0.3333333333333333)}
2026-06-07 17:07:04 - src.models.hmm_engine - INFO - StockHMM_sh.601006状态校准完成: {0: np.float64(0.5783132530120482), 1: np.float64(0.47435897435897434), 2: np.float64(0.31851851851851853), 3: np.float64(0.5084745762711864)}
2026-06-07 17:07:04 - src.models.hmm_engine - INFO - StockHMM_sh.601009状态校准完成: {0: np.float64(0.4375), 1: np.float64(0.5555555555555556), 2: np.float64(0.6137931034482759), 3: np.float64(0.41304347826086957)}
2026-06-07 17:07:04 - src.models.hmm_engine - INFO - StockHMM_sh.601012状态校准完成: {0: np.float64(0.4166666666666667), 1: np.float64(0.36818181818181817), 2: np.float64(0.4357142857142857), 3: np.float64(0.5174129353233831)}
2026-06-07 17:07:04 - src.models.hmm_engine - INFO - StockHMM_sh.601018状态校准完成: {0: np.float64(0.44360902255639095), 1: np.float64(0.5126903553299492), 2: np.float64(0.5168067226890757), 3: np.float64(0.3564356435643564)}
2026-06-07 17:07:05 - src.models.hmm_engine - INFO - StockHMM_sh.601021状态校准完成: {0: np.float64(0.36065573770491804), 1: np.float64(0.5), 2: np.float64(0.5615942028985508), 3: np.float64(0.47297297297297297)}
2026-06-07 17:07:05 - src.models.hmm_engine - INFO - StockHMM_sh.601058状态校准完成: {0: np.float64(0.5419354838709678), 1: np.float64(0.48148148148148145), 2: np.float64(0.42452830188679247), 3: np.float64(0.49101796407185627)}
2026-06-07 17:07:05 - src.models.hmm_engine - INFO - StockHMM_sh.601059状态校准完成: {0: np.float64(0.3987730061349693), 1: np.float64(0.5087719298245614), 2: np.float64(0.5135135135135135), 3: np.float64(0.3978494623655914)}
2026-06-07 17:07:05 - src.models.hmm_engine - INFO - StockHMM_sh.601066状态校准完成: {0: np.float64(0.47368421052631576), 1: np.float64(0.4460093896713615), 2: np.float64(0.41365461847389556), 3: np.float64(0.4)}
2026-06-07 17:07:05 - src.models.hmm_engine - INFO - StockHMM_sh.601077状态校准完成: {0: np.float64(0.5344827586206896), 1: np.float64(0.6434426229508197), 2: np.float64(0.5105263157894737), 3: np.float64(0.519774011299435)}
2026-06-07 17:07:05 - src.models.hmm_engine - INFO - StockHMM_sh.601088状态校准完成: {0: np.float64(0.5843621399176955), 1: np.float64(0.558252427184466), 2: np.float64(0.47706422018348627), 3: np.float64(0.6237623762376238)}
2026-06-07 17:07:06 - src.models.hmm_engine - INFO - StockHMM_sh.601100状态校准完成: {0: np.float64(0.4911242603550296), 1: np.float64(0.4722222222222222), 2: np.float64(0.48128342245989303), 3: np.float64(0.5502958579881657)}
2026-06-07 17:07:06 - src.models.hmm_engine - INFO - StockHMM_sh.601111状态校准完成: {0: np.float64(0.529126213592233), 1: np.float64(0.4803921568627451), 2: np.float64(0.4327731092436975), 3: np.float64(0.34959349593495936)}
2026-06-07 17:07:06 - src.models.hmm_engine - INFO - StockHMM_sh.601117状态校准完成: {0: np.float64(0.42857142857142855), 1: np.float64(0.45), 2: np.float64(0.5819672131147541), 3: np.float64(0.44021739130434784)}
2026-06-07 17:07:06 - src.models.hmm_engine - INFO - StockHMM_sh.601127状态校准完成: {0: np.float64(0.47368421052631576), 1: np.float64(0.7368421052631579), 2: np.float64(0.4472361809045226), 3: np.float64(0.3855421686746988)}
2026-06-07 17:07:06 - src.models.hmm_engine - INFO - StockHMM_sh.601136状态校准完成: {0: np.float64(0.4652777777777778), 1: np.float64(0.49612403100775193), 2: np.float64(0.39285714285714285), 3: np.float64(0.38372093023255816)}
2026-06-07 17:07:06 - src.models.hmm_engine - INFO - StockHMM_sh.601138状态校准完成: {0: np.float64(0.4864864864864865), 1: np.float64(0.4702194357366771), 2: np.float64(0.5795454545454546), 3: np.float64(0.5364238410596026)}
2026-06-07 17:07:06 - src.models.hmm_engine - INFO - StockHMM_sh.601166状态校准完成: {0: np.float64(0.5874439461883408), 1: np.float64(0.48128342245989303), 2: np.float64(0.41708542713567837), 3: np.float64(0.5)}
2026-06-07 17:07:07 - src.models.hmm_engine - INFO - StockHMM_sh.601169状态校准完成: {0: np.float64(0.5592592592592592), 1: np.float64(0.4074074074074074), 2: np.float64(0.5957446808510638), 3: np.float64(0.5470588235294118)}
2026-06-07 17:07:07 - src.models.hmm_engine - INFO - StockHMM_sh.601186状态校准完成: {0: np.float64(0.37185929648241206), 1: np.float64(0.47413793103448276), 2: np.float64(0.47038327526132406), 3: np.float64(0.3880597014925373)}
2026-06-07 17:07:07 - src.models.hmm_engine - INFO - StockHMM_sh.601211状态校准完成: {0: np.float64(0.3915094339622642), 1: np.float64(0.48148148148148145), 2: np.float64(0.5020576131687243), 3: np.float64(0.5297619047619048)}
2026-06-07 17:07:07 - src.models.hmm_engine - INFO - StockHMM_sh.601225状态校准完成: {0: np.float64(0.4636363636363636), 1: np.float64(0.5414012738853503), 2: np.float64(0.47150259067357514), 3: np.float64(0.5311004784688995)}
2026-06-07 17:07:07 - src.models.hmm_engine - INFO - StockHMM_sh.601229状态校准完成: {0: np.float64(0.5279187817258884), 1: np.float64(0.6192660550458715), 2: np.float64(0.5736434108527132), 3: np.float64(0.424)}
2026-06-07 17:07:07 - src.models.hmm_engine - INFO - StockHMM_sh.601236状态校准完成: {0: np.float64(0.49324324324324326), 1: np.float64(0.4089068825910931), 2: np.float64(0.4375), 3: np.float64(0.42783505154639173)}
2026-06-07 17:07:07 - src.models.hmm_engine - INFO - StockHMM_sh.601238状态校准完成: {0: np.float64(0.42201834862385323), 1: np.float64(0.2692307692307692), 2: np.float64(0.42857142857142855), 3: np.float64(0.4411764705882353)}
2026-06-07 17:07:08 - src.models.hmm_engine - INFO - StockHMM_sh.601288状态校准完成: {0: np.float64(0.6090909090909091), 1: np.float64(0.6129032258064516), 2: np.float64(0.6171003717472119), 3: np.float64(0.35555555555555557)}
2026-06-07 17:07:08 - src.models.hmm_engine - INFO - StockHMM_sh.601298状态校准完成: {0: np.float64(0.5581395348837209), 1: np.float64(0.536723163841808), 2: np.float64(0.5), 3: np.float64(0.47202797202797203)}
2026-06-07 17:07:08 - src.models.hmm_engine - INFO - StockHMM_sh.601318状态校准完成: {0: np.float64(0.4689265536723164), 1: np.float64(0.5641025641025641), 2: np.float64(0.47802197802197804), 3: np.float64(0.5130434782608696)}
2026-06-07 17:07:08 - src.models.hmm_engine - INFO - StockHMM_sh.601319状态校准完成: {0: np.float64(0.4942528735632184), 1: np.float64(0.5084745762711864), 2: np.float64(0.45977011494252873), 3: np.float64(0.45930232558139533)}
2026-06-07 17:07:08 - src.models.hmm_engine - INFO - StockHMM_sh.601328状态校准完成: {0: np.float64(0.6306818181818182), 1: np.float64(0.43564356435643564), 2: np.float64(0.4939759036144578), 3: np.float64(0.5576923076923077)}
2026-06-07 17:07:08 - src.models.hmm_engine - INFO - StockHMM_sh.601336状态校准完成: {0: np.float64(0.3684210526315789), 1: np.float64(0.4854368932038835), 2: np.float64(0.4484304932735426), 3: np.float64(0.593103448275862)}
2026-06-07 17:07:08 - src.models.hmm_engine - INFO - StockHMM_sh.601360状态校准完成: {0: np.float64(0.44966442953020136), 1: np.float64(0.45147679324894513), 2: np.float64(0.5341614906832298), 3: np.float64(0.39344262295081966)}
2026-06-07 17:07:09 - src.models.hmm_engine - INFO - StockHMM_sh.601377状态校准完成: {0: np.float64(0.46116504854368934), 1: np.float64(0.4142857142857143), 2: np.float64(0.47368421052631576), 3: np.float64(0.46396396396396394)}
2026-06-07 17:07:09 - src.models.hmm_engine - INFO - StockHMM_sh.601390状态校准完成: {0: np.float64(0.4980544747081712), 1: np.float64(0.4785276073619632), 2: np.float64(0.4537037037037037), 3: np.float64(0.375886524822695)}
2026-06-07 17:07:09 - src.models.hmm_engine - INFO - StockHMM_sh.601398状态校准完成: {0: np.float64(0.5055350553505535), 1: np.float64(0.5941176470588235), 2: np.float64(0.6125), 3: np.float64(0.5147058823529411)}
2026-06-07 17:07:09 - src.models.hmm_engine - INFO - StockHMM_sh.601456状态校准完成: {0: np.float64(0.43564356435643564), 1: np.float64(0.40869565217391307), 2: np.float64(0.45901639344262296), 3: np.float64(0.41509433962264153)}
2026-06-07 17:07:09 - src.models.hmm_engine - INFO - StockHMM_sh.601600状态校准完成: {0: np.float64(0.5223880597014925), 1: np.float64(0.5652173913043478), 2: np.float64(0.4954954954954955), 3: np.float64(0.5245901639344263)}
2026-06-07 17:07:09 - src.models.hmm_engine - INFO - StockHMM_sh.601601状态校准完成: {0: np.float64(0.5652173913043478), 1: np.float64(0.4577114427860697), 2: np.float64(0.4351851851851852), 3: np.float64(0.5227272727272727)}
2026-06-07 17:07:10 - src.models.hmm_engine - INFO - StockHMM_sh.601607状态校准完成: {0: np.float64(0.4216417910447761), 1: np.float64(0.46153846153846156), 2: np.float64(0.48), 3: np.float64(0.521978021978022)}
2026-06-07 17:07:10 - src.models.hmm_engine - INFO - StockHMM_sh.601618状态校准完成: {0: np.float64(0.4789473684210526), 1: np.float64(0.5135135135135135), 2: np.float64(0.4425531914893617), 3: np.float64(0.4166666666666667)}
2026-06-07 17:07:10 - src.models.hmm_engine - INFO - StockHMM_sh.601628状态校准完成: {0: np.float64(0.46923076923076923), 1: np.float64(0.3373493975903614), 2: np.float64(0.581151832460733), 3: np.float64(0.47802197802197804)}
2026-06-07 17:07:10 - src.models.hmm_engine - INFO - StockHMM_sh.601633状态校准完成: {0: np.float64(0.48484848484848486), 1: np.float64(0.3373493975903614), 2: np.float64(0.3372093023255814), 3: np.float64(0.463855421686747)}
2026-06-07 17:07:10 - src.models.hmm_engine - INFO - StockHMM_sh.601658状态校准完成: {0: np.float64(0.46875), 1: np.float64(0.4891304347826087), 2: np.float64(0.48068669527896996), 3: np.float64(0.47282608695652173)}
2026-06-07 17:07:10 - src.models.hmm_engine - INFO - StockHMM_sh.601668状态校准完成: {0: np.float64(0.44366197183098594), 1: np.float64(0.3954248366013072), 2: np.float64(0.45652173913043476), 3: np.float64(0.5714285714285714)}
2026-06-07 17:07:11 - src.models.hmm_engine - INFO - StockHMM_sh.601669状态校准完成: {0: np.float64(0.480225988700565), 1: np.float64(0.3526570048309179), 2: np.float64(0.4117647058823529), 3: np.float64(0.47435897435897434)}
2026-06-07 17:07:11 - src.models.hmm_engine - INFO - StockHMM_sh.601688状态校准完成: {0: np.float64(0.551094890510949), 1: np.float64(0.39166666666666666), 2: np.float64(0.573170731707317), 3: np.float64(0.43243243243243246)}
2026-06-07 17:07:11 - src.models.hmm_engine - INFO - StockHMM_sh.601689状态校准完成: {0: np.float64(0.5063291139240507), 1: np.float64(0.4482758620689655), 2: np.float64(0.4652777777777778), 3: np.float64(0.562962962962963)}
2026-06-07 17:07:11 - src.models.hmm_engine - INFO - StockHMM_sh.601698状态校准完成: {0: np.float64(0.46), 1: np.float64(0.4954954954954955), 2: np.float64(0.421875), 3: np.float64(0.4457831325301205)}
2026-06-07 17:07:11 - src.models.hmm_engine - INFO - StockHMM_sh.601728状态校准完成: {0: np.float64(0.4473684210526316), 1: np.float64(0.5148936170212766), 2: np.float64(0.6284153005464481), 3: np.float64(0.45714285714285713)}
2026-06-07 17:07:11 - src.models.hmm_engine - INFO - StockHMM_sh.601766状态校准完成: {0: np.float64(0.5018587360594795), 1: np.float64(0.37755102040816324), 2: np.float64(0.36082474226804123), 3: np.float64(0.5121951219512195)}
2026-06-07 17:07:12 - src.models.hmm_engine - INFO - StockHMM_sh.601788状态校准完成: {0: np.float64(0.3884297520661157), 1: np.float64(0.5154639175257731), 2: np.float64(0.3769230769230769), 3: np.float64(0.44680851063829785)}
2026-06-07 17:07:12 - src.models.hmm_engine - INFO - StockHMM_sh.601800状态校准完成: {0: np.float64(0.422680412371134), 1: np.float64(0.5194174757281553), 2: np.float64(0.37222222222222223), 3: np.float64(0.3010752688172043)}
2026-06-07 17:07:12 - src.models.hmm_engine - INFO - StockHMM_sh.601808状态校准完成: {0: np.float64(0.3394495412844037), 1: np.float64(0.5204460966542751), 2: np.float64(0.4444444444444444), 3: np.float64(0.4921875)}
2026-06-07 17:07:12 - src.models.hmm_engine - INFO - StockHMM_sh.601816状态校准完成: {0: np.float64(0.5388349514563107), 1: np.float64(0.45454545454545453), 2: np.float64(0.3875598086124402), 3: np.float64(0.5223880597014925)}
2026-06-07 17:07:12 - src.models.hmm_engine - INFO - StockHMM_sh.601818状态校准完成: {0: np.float64(0.4307692307692308), 1: np.float64(0.5052083333333334), 2: np.float64(0.4307692307692308), 3: np.float64(0.5394736842105263)}
2026-06-07 17:07:13 - src.models.hmm_engine - INFO - StockHMM_sh.601825状态校准完成: {0: np.float64(0.47468354430379744), 1: np.float64(0.47643979057591623), 2: np.float64(0.5619834710743802), 3: np.float64(0.49246231155778897)}
2026-06-07 17:07:13 - src.models.hmm_engine - INFO - StockHMM_sh.601838状态校准完成: {0: np.float64(0.59), 1: np.float64(0.4311377245508982), 2: np.float64(0.6190476190476191), 3: np.float64(0.5076142131979695)}
2026-06-07 17:07:13 - src.models.hmm_engine - INFO - StockHMM_sh.601857状态校准完成: {0: np.float64(0.599250936329588), 1: np.float64(0.4268292682926829), 2: np.float64(0.4652777777777778), 3: np.float64(0.5056818181818182)}
2026-06-07 17:07:13 - src.models.hmm_engine - INFO - StockHMM_sh.601868状态校准完成: {0: np.float64(0.4206128133704735), 1: np.float64(0.27906976744186046), 2: np.float64(0.4858490566037736), 3: np.float64(0.4)}
2026-06-07 17:07:13 - src.models.hmm_engine - INFO - StockHMM_sh.601872状态校准完成: {0: np.float64(0.545), 1: np.float64(0.5111940298507462), 2: np.float64(0.42028985507246375), 3: np.float64(0.49242424242424243)}
2026-06-07 17:07:13 - src.models.hmm_engine - INFO - StockHMM_sh.601877状态校准完成: {0: np.float64(0.5064935064935064), 1: np.float64(0.5433070866141733), 2: np.float64(0.42592592592592593), 3: np.float64(0.42105263157894735)}
2026-06-07 17:07:13 - src.models.hmm_engine - INFO - StockHMM_sh.601878状态校准完成: {0: np.float64(0.5380710659898477), 1: np.float64(0.3786407766990291), 2: np.float64(0.4507042253521127), 3: np.float64(0.3629032258064516)}
2026-06-07 17:07:14 - src.models.hmm_engine - INFO - StockHMM_sh.601881状态校准完成: {0: np.float64(0.48444444444444446), 1: np.float64(0.41732283464566927), 2: np.float64(0.5), 3: np.float64(0.46596858638743455)}
2026-06-07 17:07:14 - src.models.hmm_engine - INFO - StockHMM_sh.601888状态校准完成: {0: np.float64(0.411214953271028), 1: np.float64(0.45714285714285713), 2: np.float64(0.4225352112676056), 3: np.float64(0.32608695652173914)}
2026-06-07 17:07:14 - src.models.hmm_engine - INFO - StockHMM_sh.601898状态校准完成: {0: np.float64(0.520618556701031), 1: np.float64(0.40869565217391307), 2: np.float64(0.5683453237410072), 3: np.float64(0.5565610859728507)}
2026-06-07 17:07:14 - src.models.hmm_engine - INFO - StockHMM_sh.601899状态校准完成: {0: np.float64(0.5675675675675675), 1: np.float64(0.5447761194029851), 2: np.float64(0.5591715976331361), 3: np.float64(0.5284552845528455)}
2026-06-07 17:07:15 - src.models.hmm_engine - INFO - StockHMM_sh.601901状态校准完成: {0: np.float64(0.4861111111111111), 1: np.float64(0.3493975903614458), 2: np.float64(0.4525862068965517), 3: np.float64(0.5428571428571428)}
2026-06-07 17:07:15 - src.models.hmm_engine - INFO - StockHMM_sh.601916状态校准完成: {0: np.float64(0.5780590717299579), 1: np.float64(0.4759036144578313), 2: np.float64(0.4888888888888889), 3: np.float64(0.425)}
2026-06-07 17:07:15 - src.models.hmm_engine - INFO - StockHMM_sh.601919状态校准完成: {0: np.float64(0.5510204081632653), 1: np.float64(0.41304347826086957), 2: np.float64(0.55), 3: np.float64(0.6139240506329114)}
2026-06-07 17:07:15 - src.models.hmm_engine - INFO - StockHMM_sh.601939状态校准完成: {0: np.float64(0.5060240963855421), 1: np.float64(0.6235294117647059), 2: np.float64(0.5585106382978723), 3: np.float64(0.5482456140350878)}
2026-06-07 17:07:15 - src.models.hmm_engine - INFO - StockHMM_sh.601985状态校准完成: {0: np.float64(0.5333333333333333), 1: np.float64(0.5132743362831859), 2: np.float64(0.5714285714285714), 3: np.float64(0.5)}
2026-06-07 17:07:15 - src.models.hmm_engine - INFO - StockHMM_sh.601988状态校准完成: {0: np.float64(0.6428571428571429), 1: np.float64(0.4694835680751174), 2: np.float64(0.5879120879120879), 3: np.float64(0.4782608695652174)}
2026-06-07 17:07:15 - src.models.hmm_engine - INFO - StockHMM_sh.601995状态校准完成: {0: np.float64(0.3626943005181347), 1: np.float64(0.41414141414141414), 2: np.float64(0.5), 3: np.float64(0.5243243243243243)}
2026-06-07 17:07:16 - src.models.hmm_engine - INFO - StockHMM_sh.601998状态校准完成: {0: np.float64(0.3953488372093023), 1: np.float64(0.5), 2: np.float64(0.5619469026548672), 3: np.float64(0.5028248587570622)}
2026-06-07 17:07:16 - src.models.hmm_engine - INFO - StockHMM_sh.603019状态校准完成: {0: np.float64(0.48134328358208955), 1: np.float64(0.41139240506329117), 2: np.float64(0.5360824742268041), 3: np.float64(0.5220588235294118)}
2026-06-07 17:07:16 - src.models.hmm_engine - INFO - StockHMM_sh.603195状态校准完成: {0: np.float64(0.42727272727272725), 1: np.float64(0.47093023255813954), 2: np.float64(0.5325443786982249), 3: np.float64(0.37962962962962965)}
2026-06-07 17:07:16 - src.models.hmm_engine - INFO - StockHMM_sh.603259状态校准完成: {0: np.float64(0.6081871345029239), 1: np.float64(0.45410628019323673), 2: np.float64(0.5121951219512195), 3: np.float64(0.49606299212598426)}
2026-06-07 17:07:16 - src.models.hmm_engine - INFO - StockHMM_sh.603260状态校准完成: {0: np.float64(0.3028169014084507), 1: np.float64(0.4015151515151515), 2: np.float64(0.5477707006369427), 3: np.float64(0.330188679245283)}
2026-06-07 17:07:16 - src.models.hmm_engine - INFO - StockHMM_sh.603288状态校准完成: {0: np.float64(0.4166666666666667), 1: np.float64(0.4619289340101523), 2: np.float64(0.35877862595419846), 3: np.float64(0.4025974025974026)}
2026-06-07 17:07:17 - src.models.hmm_engine - INFO - StockHMM_sh.603296状态校准完成: {0: np.float64(0.5476190476190477), 1: np.float64(0.5163398692810458), 2: np.float64(0.521978021978022), 3: np.float64(0.39166666666666666)}
2026-06-07 17:07:17 - src.models.hmm_engine - INFO - StockHMM_sh.603369状态校准完成: {0: np.float64(0.3915343915343915), 1: np.float64(0.4380165289256198), 2: np.float64(0.341991341991342), 3: np.float64(0.4296875)}
2026-06-07 17:07:17 - src.models.hmm_engine - INFO - StockHMM_sh.603392状态校准完成: {0: np.float64(0.47368421052631576), 1: np.float64(0.4084507042253521), 2: np.float64(0.4296875), 3: np.float64(0.3684210526315789)}
2026-06-07 17:07:17 - src.models.hmm_engine - INFO - StockHMM_sh.603501状态校准完成: {0: np.float64(0.4864864864864865), 1: np.float64(0.4380165289256198), 2: np.float64(0.4301675977653631), 3: np.float64(0.5054347826086957)}
2026-06-07 17:07:17 - src.models.hmm_engine - INFO - StockHMM_sh.603799状态校准完成: {0: np.float64(0.5267857142857143), 1: np.float64(0.4143646408839779), 2: np.float64(0.5), 3: np.float64(0.5625)}
2026-06-07 17:07:17 - src.models.hmm_engine - INFO - StockHMM_sh.603893状态校准完成: {0: np.float64(0.5486725663716814), 1: np.float64(0.564625850340136), 2: np.float64(0.5460122699386503), 3: np.float64(0.3458646616541353)}
2026-06-07 17:07:17 - src.models.hmm_engine - INFO - StockHMM_sh.603986状态校准完成: {0: np.float64(0.6068376068376068), 1: np.float64(0.5344129554655871), 2: np.float64(0.39800995024875624), 3: np.float64(0.5961538461538461)}
2026-06-07 17:07:18 - src.models.hmm_engine - INFO - StockHMM_sh.603993状态校准完成: {0: np.float64(0.5073891625615764), 1: np.float64(0.6016260162601627), 2: np.float64(0.5089285714285714), 3: np.float64(0.6233766233766234)}
2026-06-07 17:07:18 - src.models.hmm_engine - INFO - StockHMM_sh.605117状态校准完成: {0: np.float64(0.4016393442622951), 1: np.float64(0.5245098039215687), 2: np.float64(0.5740072202166066), 3: np.float64(0.5606060606060606)}
2026-06-07 17:07:18 - src.models.hmm_engine - INFO - StockHMM_sh.605499状态校准完成: {0: np.float64(0.4759825327510917), 1: np.float64(0.4396551724137931), 2: np.float64(0.48214285714285715), 3: np.float64(0.5047169811320755)}
2026-06-07 17:07:18 - src.models.hmm_engine - INFO - StockHMM_sh.688008状态校准完成: {0: np.float64(0.5179063360881543), 1: np.float64(0.4489795918367347), 2: np.float64(0.5985915492957746), 3: np.float64(0.4782608695652174)}
2026-06-07 17:07:18 - src.models.hmm_engine - INFO - StockHMM_sh.688009状态校准完成: {0: np.float64(0.38620689655172413), 1: np.float64(0.44559585492227977), 2: np.float64(0.5369649805447471), 3: np.float64(0.43243243243243246)}
2026-06-07 17:07:19 - src.models.hmm_engine - INFO - StockHMM_sh.688012状态校准完成: {0: np.float64(0.4491525423728814), 1: np.float64(0.5106382978723404), 2: np.float64(0.574468085106383), 3: np.float64(0.4788732394366197)}
2026-06-07 17:07:19 - src.models.hmm_engine - INFO - StockHMM_sh.688036状态校准完成: {0: np.float64(0.5112359550561798), 1: np.float64(0.37435897435897436), 2: np.float64(0.4954954954954955), 3: np.float64(0.4918918918918919)}
2026-06-07 17:07:19 - src.models.hmm_engine - INFO - StockHMM_sh.688041状态校准完成: {0: np.float64(0.5196850393700787), 1: np.float64(0.5421052631578948), 2: np.float64(0.5205479452054794), 3: np.float64(0.5072463768115942)}
2026-06-07 17:07:19 - src.models.hmm_engine - INFO - StockHMM_sh.688047状态校准完成: {0: np.float64(0.5054945054945055), 1: np.float64(0.4711111111111111), 2: np.float64(0.3048780487804878), 3: np.float64(0.4489795918367347)}
2026-06-07 17:07:19 - src.models.hmm_engine - INFO - StockHMM_sh.688082状态校准完成: {0: np.float64(0.3936651583710407), 1: np.float64(0.48854961832061067), 2: np.float64(0.47346938775510206), 3: np.float64(0.4305555555555556)}
2026-06-07 17:07:19 - src.models.hmm_engine - INFO - StockHMM_sh.688111状态校准完成: {0: np.float64(0.45774647887323944), 1: np.float64(0.4444444444444444), 2: np.float64(0.4591439688715953), 3: np.float64(0.3790849673202614)}
2026-06-07 17:07:19 - src.models.hmm_engine - INFO - StockHMM_sh.688126状态校准完成: {0: np.float64(0.42105263157894735), 1: np.float64(0.5365853658536586), 2: np.float64(0.44583333333333336), 3: np.float64(0.44047619047619047)}
2026-06-07 17:07:20 - src.models.hmm_engine - INFO - StockHMM_sh.688169状态校准完成: {0: np.float64(0.34234234234234234), 1: np.float64(0.47794117647058826), 2: np.float64(0.51), 3: np.float64(0.4838709677419355)}
2026-06-07 17:07:20 - src.models.hmm_engine - INFO - StockHMM_sh.688187状态校准完成: {0: np.float64(0.5258215962441315), 1: np.float64(0.4479166666666667), 2: np.float64(0.48936170212765956), 3: np.float64(0.4588235294117647)}
2026-06-07 17:07:20 - src.models.hmm_engine - INFO - StockHMM_sh.688223状态校准完成: {0: np.float64(0.32653061224489793), 1: np.float64(0.46120689655172414), 2: np.float64(0.4467005076142132), 3: np.float64(0.41935483870967744)}
2026-06-07 17:07:20 - src.models.hmm_engine - INFO - StockHMM_sh.688256状态校准完成: {0: np.float64(0.5959595959595959), 1: np.float64(0.580952380952381), 2: np.float64(0.4298245614035088), 3: np.float64(0.5151515151515151)}
2026-06-07 17:07:20 - src.models.hmm_engine - INFO - StockHMM_sh.688271状态校准完成: {0: np.float64(0.4857142857142857), 1: np.float64(0.49056603773584906), 2: np.float64(0.40437158469945356), 3: np.float64(0.4444444444444444)}
2026-06-07 17:07:20 - src.models.hmm_engine - INFO - StockHMM_sh.688303状态校准完成: {0: np.float64(0.288), 1: np.float64(0.4601449275362319), 2: np.float64(0.5), 3: np.float64(0.36)}
2026-06-07 17:07:20 - src.models.hmm_engine - INFO - StockHMM_sh.688396状态校准完成: {0: np.float64(0.45023696682464454), 1: np.float64(0.4185022026431718), 2: np.float64(0.4782608695652174), 3: np.float64(0.5806451612903226)}
2026-06-07 17:07:21 - src.models.hmm_engine - INFO - StockHMM_sh.688472状态校准完成: {0: np.float64(0.3484848484848485), 1: np.float64(0.5236051502145923), 2: np.float64(0.4484848484848485), 3: np.float64(0.36683417085427134)}
2026-06-07 17:07:21 - src.models.hmm_engine - INFO - StockHMM_sh.688506状态校准完成: {0: np.float64(0.45081967213114754), 1: np.float64(0.4642857142857143), 2: np.float64(0.4578313253012048), 3: np.float64(0.47297297297297297)}
2026-06-07 17:07:21 - src.models.hmm_engine - INFO - StockHMM_sh.688981状态校准完成: {0: np.float64(0.49411764705882355), 1: np.float64(0.41420118343195267), 2: np.float64(0.52), 3: np.float64(0.527027027027027)}
2026-06-07 17:07:21 - src.models.hmm_engine - INFO - StockHMM_sz.000001状态校准完成: {0: np.float64(0.4228571428571429), 1: np.float64(0.48314606741573035), 2: np.float64(0.36666666666666664), 3: np.float64(0.5209790209790209)}
2026-06-07 17:07:21 - src.models.hmm_engine - INFO - StockHMM_sz.000002状态校准完成: {0: np.float64(0.2236024844720497), 1: np.float64(0.375), 2: np.float64(0.3609022556390977), 3: np.float64(0.41708542713567837)}
2026-06-07 17:07:22 - src.models.hmm_engine - INFO - StockHMM_sz.000063状态校准完成: {0: np.float64(0.5213270142180095), 1: np.float64(0.4642857142857143), 2: np.float64(0.4772727272727273), 3: np.float64(0.4473684210526316)}
2026-06-07 17:07:22 - src.models.hmm_engine - INFO - StockHMM_sz.000100状态校准完成: {0: np.float64(0.4266666666666667), 1: np.float64(0.5592417061611374), 2: np.float64(0.46586345381526106), 3: np.float64(0.40298507462686567)}
2026-06-07 17:07:22 - src.models.hmm_engine - INFO - StockHMM_sz.000157状态校准完成: {0: np.float64(0.4423076923076923), 1: np.float64(0.5120772946859904), 2: np.float64(0.4966887417218543), 3: np.float64(0.4444444444444444)}
2026-06-07 17:07:22 - src.models.hmm_engine - INFO - StockHMM_sz.000166状态校准完成: {0: np.float64(0.4558139534883721), 1: np.float64(0.4564102564102564), 2: np.float64(0.56353591160221), 3: np.float64(0.41025641025641024)}
2026-06-07 17:07:22 - src.models.hmm_engine - INFO - StockHMM_sz.000301状态校准完成: {0: np.float64(0.41379310344827586), 1: np.float64(0.5176470588235295), 2: np.float64(0.538961038961039), 3: np.float64(0.3684210526315789)}
2026-06-07 17:07:22 - src.models.hmm_engine - INFO - StockHMM_sz.000333状态校准完成: {0: np.float64(0.521551724137931), 1: np.float64(0.6076923076923076), 2: np.float64(0.49557522123893805), 3: np.float64(0.5618556701030928)}
2026-06-07 17:07:23 - src.models.hmm_engine - INFO - StockHMM_sz.000338状态校准完成: {0: np.float64(0.5451612903225806), 1: np.float64(0.5903614457831325), 2: np.float64(0.5340909090909091), 3: np.float64(0.5531914893617021)}
2026-06-07 17:07:23 - src.models.hmm_engine - INFO - StockHMM_sz.000408状态校准完成: {0: np.float64(0.5185185185185185), 1: np.float64(0.5979381443298969), 2: np.float64(0.6294642857142857), 3: np.float64(0.69)}
2026-06-07 17:07:23 - src.models.hmm_engine - INFO - StockHMM_sz.000425状态校准完成: {0: np.float64(0.48598130841121495), 1: np.float64(0.48221343873517786), 2: np.float64(0.5943396226415094), 3: np.float64(0.5208333333333334)}
2026-06-07 17:07:23 - src.models.hmm_engine - INFO - StockHMM_sz.000538状态校准完成: {0: np.float64(0.48), 1: np.float64(0.46938775510204084), 2: np.float64(0.5), 3: np.float64(0.5100671140939598)}
2026-06-07 17:07:23 - src.models.hmm_engine - INFO - StockHMM_sz.000568状态校准完成: {0: np.float64(0.4095238095238095), 1: np.float64(0.34328358208955223), 2: np.float64(0.3188976377952756), 3: np.float64(0.4943181818181818)}
2026-06-07 17:07:23 - src.models.hmm_engine - INFO - StockHMM_sz.000596状态校准完成: {0: np.float64(0.3192771084337349), 1: np.float64(0.48148148148148145), 2: np.float64(0.375), 3: np.float64(0.3787878787878788)}
2026-06-07 17:07:23 - src.models.hmm_engine - INFO - StockHMM_sz.000617状态校准完成: {0: np.float64(0.4772727272727273), 1: np.float64(0.5), 2: np.float64(0.35172413793103446), 3: np.float64(0.4084507042253521)}
2026-06-07 17:07:24 - src.models.hmm_engine - INFO - StockHMM_sz.000625状态校准完成: {0: np.float64(0.4208754208754209), 1: np.float64(0.4482758620689655), 2: np.float64(0.36363636363636365), 3: np.float64(0.4685714285714286)}
2026-06-07 17:07:24 - src.models.hmm_engine - INFO - StockHMM_sz.000630状态校准完成: {0: np.float64(0.5023041474654378), 1: np.float64(0.6066666666666667), 2: np.float64(0.44), 3: np.float64(0.4889867841409692)}
2026-06-07 17:07:24 - src.models.hmm_engine - INFO - StockHMM_sz.000651状态校准完成: {0: np.float64(0.553030303030303), 1: np.float64(0.5204081632653061), 2: np.float64(0.4429223744292237), 3: np.float64(0.5737704918032787)}
2026-06-07 17:07:24 - src.models.hmm_engine - INFO - StockHMM_sz.000661状态校准完成: {0: np.float64(0.4025974025974026), 1: np.float64(0.4032258064516129), 2: np.float64(0.4340425531914894), 3: np.float64(0.4807692307692308)}
2026-06-07 17:07:24 - src.models.hmm_engine - INFO - StockHMM_sz.000708状态校准完成: {0: np.float64(0.5205479452054794), 1: np.float64(0.4230769230769231), 2: np.float64(0.45901639344262296), 3: np.float64(0.38738738738738737)}
2026-06-07 17:07:24 - src.models.hmm_engine - INFO - StockHMM_sz.000725状态校准完成: {0: np.float64(0.5223880597014925), 1: np.float64(0.26666666666666666), 2: np.float64(0.4975369458128079), 3: np.float64(0.49137931034482757)}
2026-06-07 17:07:25 - src.models.hmm_engine - INFO - StockHMM_sz.000768状态校准完成: {0: np.float64(0.43010752688172044), 1: np.float64(0.3626373626373626), 2: np.float64(0.5327510917030568), 3: np.float64(0.44921875)}
2026-06-07 17:07:25 - src.models.hmm_engine - INFO - StockHMM_sz.000776状态校准完成: {0: np.float64(0.5487804878048781), 1: np.float64(0.46865671641791046), 2: np.float64(0.47101449275362317), 3: np.float64(0.3684210526315789)}
2026-06-07 17:07:25 - src.models.hmm_engine - INFO - StockHMM_sz.000786状态校准完成: {0: np.float64(0.44976076555023925), 1: np.float64(0.3448275862068966), 2: np.float64(0.5086206896551724), 3: np.float64(0.45294117647058824)}
2026-06-07 17:07:25 - src.models.hmm_engine - INFO - StockHMM_sz.000792状态校准完成: {0: np.float64(0.5693069306930693), 1: np.float64(0.5068493150684932), 2: np.float64(0.40604026845637586), 3: np.float64(0.5208333333333334)}
2026-06-07 17:07:25 - src.models.hmm_engine - INFO - StockHMM_sz.000807状态校准完成: {0: np.float64(0.4889867841409692), 1: np.float64(0.43103448275862066), 2: np.float64(0.5984848484848485), 3: np.float64(0.5154639175257731)}
2026-06-07 17:07:26 - src.models.hmm_engine - INFO - StockHMM_sz.000858状态校准完成: {0: np.float64(0.34375), 1: np.float64(0.38132295719844356), 2: np.float64(0.5166666666666667), 3: np.float64(0.390625)}
2026-06-07 17:07:26 - src.models.hmm_engine - INFO - StockHMM_sz.000876状态校准完成: {0: np.float64(0.42410714285714285), 1: np.float64(0.27450980392156865), 2: np.float64(0.4411764705882353), 3: np.float64(0.4551282051282051)}
2026-06-07 17:07:26 - src.models.hmm_engine - INFO - StockHMM_sz.000895状态校准完成: {0: np.float64(0.41964285714285715), 1: np.float64(0.6231884057971014), 2: np.float64(0.5448275862068965), 3: np.float64(0.5930735930735931)}
2026-06-07 17:07:26 - src.models.hmm_engine - INFO - StockHMM_sz.000938状态校准完成: {0: np.float64(0.5510204081632653), 1: np.float64(0.5862068965517241), 2: np.float64(0.41711229946524064), 3: np.float64(0.375886524822695)}
2026-06-07 17:07:26 - src.models.hmm_engine - INFO - StockHMM_sz.000963状态校准完成: {0: np.float64(0.4233576642335766), 1: np.float64(0.46710526315789475), 2: np.float64(0.3756906077348066), 3: np.float64(0.47738693467336685)}
2026-06-07 17:07:26 - src.models.hmm_engine - INFO - StockHMM_sz.000975状态校准完成: {0: np.float64(0.4805194805194805), 1: np.float64(0.5581395348837209), 2: np.float64(0.5508474576271186), 3: np.float64(0.4489795918367347)}
2026-06-07 17:07:27 - src.models.hmm_engine - INFO - StockHMM_sz.000977状态校准完成: {0: np.float64(0.4662576687116564), 1: np.float64(0.47560975609756095), 2: np.float64(0.5217391304347826), 3: np.float64(0.5506329113924051)}
2026-06-07 17:07:27 - src.models.hmm_engine - INFO - StockHMM_sz.000983状态校准完成: {0: np.float64(0.42021276595744683), 1: np.float64(0.532258064516129), 2: np.float64(0.42857142857142855), 3: np.float64(0.4312796208530806)}
2026-06-07 17:07:27 - src.models.hmm_engine - INFO - StockHMM_sz.000999状态校准完成: {0: np.float64(0.5358851674641149), 1: np.float64(0.3888888888888889), 2: np.float64(0.5661764705882353), 3: np.float64(0.41919191919191917)}
2026-06-07 17:07:27 - src.models.hmm_engine - INFO - StockHMM_sz.001391状态校准完成: {0: np.float64(0.25), 1: np.float64(0.4396551724137931), 2: np.float64(0.5172413793103449), 3: np.float64(0.28125)}
2026-06-07 17:07:27 - src.models.hmm_engine - INFO - StockHMM_sz.001965状态校准完成: {0: np.float64(0.5476190476190477), 1: np.float64(0.5), 2: np.float64(0.6283185840707964), 3: np.float64(0.4673913043478261)}
2026-06-07 17:07:27 - src.models.hmm_engine - INFO - StockHMM_sz.001979状态校准完成: {0: np.float64(0.27702702702702703), 1: np.float64(0.40229885057471265), 2: np.float64(0.45045045045045046), 3: np.float64(0.5047169811320755)}
2026-06-07 17:07:27 - src.models.hmm_engine - INFO - StockHMM_sz.002001状态校准完成: {0: np.float64(0.5610859728506787), 1: np.float64(0.4883720930232558), 2: np.float64(0.5932835820895522), 3: np.float64(0.5106382978723404)}
2026-06-07 17:07:28 - src.models.hmm_engine - INFO - StockHMM_sz.002027状态校准完成: {0: np.float64(0.41452991452991456), 1: np.float64(0.43103448275862066), 2: np.float64(0.44886363636363635), 3: np.float64(0.5529411764705883)}
2026-06-07 17:07:28 - src.models.hmm_engine - INFO - StockHMM_sz.002028状态校准完成: {0: np.float64(0.5581395348837209), 1: np.float64(0.5309734513274337), 2: np.float64(0.5918367346938775), 3: np.float64(0.5862068965517241)}
2026-06-07 17:07:28 - src.models.hmm_engine - INFO - StockHMM_sz.002049状态校准完成: {0: np.float64(0.4367816091954023), 1: np.float64(0.5988023952095808), 2: np.float64(0.3828125), 3: np.float64(0.4052631578947368)}
2026-06-07 17:07:28 - src.models.hmm_engine - INFO - StockHMM_sz.002050状态校准完成: {0: np.float64(0.6217948717948718), 1: np.float64(0.4264705882352941), 2: np.float64(0.44954128440366975), 3: np.float64(0.4621212121212121)}
2026-06-07 17:07:28 - src.models.hmm_engine - INFO - StockHMM_sz.002074状态校准完成: {0: np.float64(0.5035971223021583), 1: np.float64(0.41358024691358025), 2: np.float64(0.4913494809688581), 3: np.float64(0.45569620253164556)}
2026-06-07 17:07:28 - src.models.hmm_engine - INFO - StockHMM_sz.002142状态校准完成: {0: np.float64(0.4872881355932203), 1: np.float64(0.5080213903743316), 2: np.float64(0.5072463768115942), 3: np.float64(0.4350282485875706)}
2026-06-07 17:07:29 - src.models.hmm_engine - INFO - StockHMM_sz.002179状态校准完成: {0: np.float64(0.40601503759398494), 1: np.float64(0.5), 2: np.float64(0.5821917808219178), 3: np.float64(0.4142857142857143)}
2026-06-07 17:07:29 - src.models.hmm_engine - INFO - StockHMM_sz.002230状态校准完成: {0: np.float64(0.5), 1: np.float64(0.45714285714285713), 2: np.float64(0.387434554973822), 3: np.float64(0.5185185185185185)}
2026-06-07 17:07:29 - src.models.hmm_engine - INFO - StockHMM_sz.002236状态校准完成: {0: np.float64(0.3604060913705584), 1: np.float64(0.5415162454873647), 2: np.float64(0.4918032786885246), 3: np.float64(0.5205479452054794)}
2026-06-07 17:07:29 - src.models.hmm_engine - INFO - StockHMM_sz.002241状态校准完成: {0: np.float64(0.6294416243654822), 1: np.float64(0.4786729857819905), 2: np.float64(0.4864864864864865), 3: np.float64(0.415929203539823)}
2026-06-07 17:07:29 - src.models.hmm_engine - INFO - StockHMM_sz.002252状态校准完成: {0: np.float64(0.4370860927152318), 1: np.float64(0.4927536231884058), 2: np.float64(0.46445497630331756), 3: np.float64(0.45555555555555555)}
2026-06-07 17:07:30 - src.models.hmm_engine - INFO - StockHMM_sz.002304状态校准完成: {0: np.float64(0.3014354066985646), 1: np.float64(0.3867924528301887), 2: np.float64(0.2923076923076923), 3: np.float64(0.41964285714285715)}
2026-06-07 17:07:30 - src.models.hmm_engine - INFO - StockHMM_sz.002311状态校准完成: {0: np.float64(0.4536082474226804), 1: np.float64(0.4953271028037383), 2: np.float64(0.4956521739130435), 3: np.float64(0.3424657534246575)}
2026-06-07 17:07:30 - src.models.hmm_engine - INFO - StockHMM_sz.002352状态校准完成: {0: np.float64(0.4198895027624309), 1: np.float64(0.4673913043478261), 2: np.float64(0.5384615384615384), 3: np.float64(0.5362318840579711)}
2026-06-07 17:07:30 - src.models.hmm_engine - INFO - StockHMM_sz.002371状态校准完成: {0: np.float64(0.5229357798165137), 1: np.float64(0.5073529411764706), 2: np.float64(0.5333333333333333), 3: np.float64(0.5)}
2026-06-07 17:07:30 - src.models.hmm_engine - INFO - StockHMM_sz.002384状态校准完成: {0: np.float64(0.4835680751173709), 1: np.float64(0.6092436974789915), 2: np.float64(0.580110497237569), 3: np.float64(0.6216216216216216)}
2026-06-07 17:07:30 - src.models.hmm_engine - INFO - StockHMM_sz.002415状态校准完成: {0: np.float64(0.5161290322580645), 1: np.float64(0.3904761904761905), 2: np.float64(0.5253456221198156), 3: np.float64(0.4827586206896552)}
2026-06-07 17:07:30 - src.models.hmm_engine - INFO - StockHMM_sz.002422状态校准完成: {0: np.float64(0.5117647058823529), 1: np.float64(0.49696969696969695), 2: np.float64(0.4827586206896552), 3: np.float64(0.4074074074074074)}
2026-06-07 17:07:31 - src.models.hmm_engine - INFO - StockHMM_sz.002459状态校准完成: {0: np.float64(0.3443708609271523), 1: np.float64(0.5241935483870968), 2: np.float64(0.4485294117647059), 3: np.float64(0.26119402985074625)}
2026-06-07 17:07:31 - src.models.hmm_engine - INFO - StockHMM_sz.002460状态校准完成: {0: np.float64(0.42063492063492064), 1: np.float64(0.5537190082644629), 2: np.float64(0.5370370370370371), 3: np.float64(0.475)}
2026-06-07 17:07:31 - src.models.hmm_engine - INFO - StockHMM_sz.002463状态校准完成: {0: np.float64(0.5350877192982456), 1: np.float64(0.5344262295081967), 2: np.float64(0.5161290322580645), 3: np.float64(0.535031847133758)}
2026-06-07 17:07:31 - src.models.hmm_engine - INFO - StockHMM_sz.002466状态校准完成: {0: np.float64(0.4185022026431718), 1: np.float64(0.4879518072289157), 2: np.float64(0.4866666666666667), 3: np.float64(0.46825396825396826)}
2026-06-07 17:07:31 - src.models.hmm_engine - INFO - StockHMM_sz.002475状态校准完成: {0: np.float64(0.5211267605633803), 1: np.float64(0.4647887323943662), 2: np.float64(0.5094339622641509), 3: np.float64(0.625)}
2026-06-07 17:07:31 - src.models.hmm_engine - INFO - StockHMM_sz.002493状态校准完成: {0: np.float64(0.55), 1: np.float64(0.5098039215686274), 2: np.float64(0.46396396396396394), 3: np.float64(0.4444444444444444)}
2026-06-07 17:07:31 - src.models.hmm_engine - INFO - StockHMM_sz.002594状态校准完成: {0: np.float64(0.379746835443038), 1: np.float64(0.48695652173913045), 2: np.float64(0.45549738219895286), 3: np.float64(0.6333333333333333)}
2026-06-07 17:07:32 - src.models.hmm_engine - INFO - StockHMM_sz.002600状态校准完成: {0: np.float64(0.5783783783783784), 1: np.float64(0.47058823529411764), 2: np.float64(0.5369127516778524), 3: np.float64(0.5202702702702703)}
2026-06-07 17:07:32 - src.models.hmm_engine - INFO - StockHMM_sz.002601状态校准完成: {0: np.float64(0.47333333333333333), 1: np.float64(0.3865546218487395), 2: np.float64(0.48148148148148145), 3: np.float64(0.49230769230769234)}
2026-06-07 17:07:32 - src.models.hmm_engine - INFO - StockHMM_sz.002625状态校准完成: {0: np.float64(0.5098039215686274), 1: np.float64(0.4187192118226601), 2: np.float64(0.5037593984962406), 3: np.float64(0.7659574468085106)}
2026-06-07 17:07:32 - src.models.hmm_engine - INFO - StockHMM_sz.002648状态校准完成: {0: np.float64(0.42585551330798477), 1: np.float64(0.5458937198067633), 2: np.float64(0.5294117647058824), 3: np.float64(0.5877192982456141)}
2026-06-07 17:07:32 - src.models.hmm_engine - INFO - StockHMM_sz.002709状态校准完成: {0: np.float64(0.5229885057471264), 1: np.float64(0.5652173913043478), 2: np.float64(0.39666666666666667), 3: np.float64(0.49514563106796117)}
2026-06-07 17:07:32 - src.models.hmm_engine - INFO - StockHMM_sz.002714状态校准完成: {0: np.float64(0.40476190476190477), 1: np.float64(0.6), 2: np.float64(0.36018957345971564), 3: np.float64(0.5727272727272728)}
2026-06-07 17:07:32 - src.models.hmm_engine - INFO - StockHMM_sz.002736状态校准完成: {0: np.float64(0.4891304347826087), 1: np.float64(0.4692737430167598), 2: np.float64(0.4214876033057851), 3: np.float64(0.6057142857142858)}
2026-06-07 17:07:33 - src.models.hmm_engine - INFO - StockHMM_sz.002916状态校准完成: {0: np.float64(0.5294117647058824), 1: np.float64(0.48917748917748916), 2: np.float64(0.5512820512820513), 3: np.float64(0.5971223021582733)}
2026-06-07 17:07:33 - src.models.hmm_engine - INFO - StockHMM_sz.002920状态校准完成: {0: np.float64(0.3312883435582822), 1: np.float64(0.6756756756756757), 2: np.float64(0.4088888888888889), 3: np.float64(0.5714285714285714)}
2026-06-07 17:07:33 - src.models.hmm_engine - INFO - StockHMM_sz.002938状态校准完成: {0: np.float64(0.5888888888888889), 1: np.float64(0.4576271186440678), 2: np.float64(0.6169154228855721), 3: np.float64(0.5845070422535211)}
2026-06-07 17:07:33 - src.models.hmm_engine - INFO - StockHMM_sz.003816状态校准完成: {0: np.float64(0.5433333333333333), 1: np.float64(0.5804195804195804), 2: np.float64(0.5581395348837209), 3: np.float64(0.5979381443298969)}
2026-06-07 17:07:33 - src.models.hmm_engine - INFO - StockHMM_sz.300014状态校准完成: {0: np.float64(0.43636363636363634), 1: np.float64(0.468503937007874), 2: np.float64(0.4639175257731959), 3: np.float64(0.4774774774774775)}
2026-06-07 17:07:33 - src.models.hmm_engine - INFO - StockHMM_sz.300015状态校准完成: {0: np.float64(0.4024390243902439), 1: np.float64(0.31645569620253167), 2: np.float64(0.3677811550151976), 3: np.float64(0.3333333333333333)}
2026-06-07 17:07:34 - src.models.hmm_engine - INFO - StockHMM_sz.300033状态校准完成: {0: np.float64(0.5095541401273885), 1: np.float64(0.44047619047619047), 2: np.float64(0.4098360655737705), 3: np.float64(0.52)}
2026-06-07 17:07:34 - src.models.hmm_engine - INFO - StockHMM_sz.300059状态校准完成: {0: np.float64(0.44805194805194803), 1: np.float64(0.35714285714285715), 2: np.float64(0.5681818181818182), 3: np.float64(0.4678111587982833)}
2026-06-07 17:07:34 - src.models.hmm_engine - INFO - StockHMM_sz.300122状态校准完成: {0: np.float64(0.37656903765690375), 1: np.float64(0.41262135922330095), 2: np.float64(0.42168674698795183), 3: np.float64(0.41843971631205673)}
2026-06-07 17:07:34 - src.models.hmm_engine - INFO - StockHMM_sz.300124状态校准完成: {0: np.float64(0.47), 1: np.float64(0.4197080291970803), 2: np.float64(0.4090909090909091), 3: np.float64(0.5764705882352941)}
2026-06-07 17:07:34 - src.models.hmm_engine - INFO - StockHMM_sz.300251状态校准完成: {0: np.float64(0.4375), 1: np.float64(0.4297872340425532), 2: np.float64(0.5526315789473685), 3: np.float64(0.28125)}
2026-06-07 17:07:34 - src.models.hmm_engine - INFO - StockHMM_sz.300274状态校准完成: {0: np.float64(0.509009009009009), 1: np.float64(0.4915254237288136), 2: np.float64(0.42201834862385323), 3: np.float64(0.5765765765765766)}
2026-06-07 17:07:34 - src.models.hmm_engine - INFO - StockHMM_sz.300308状态校准完成: {0: np.float64(0.7058823529411765), 1: np.float64(0.5570469798657718), 2: np.float64(0.5792682926829268), 3: np.float64(0.5138888888888888)}
2026-06-07 17:07:35 - src.models.hmm_engine - INFO - StockHMM_sz.300316状态校准完成: {0: np.float64(0.4602272727272727), 1: np.float64(0.3613861386138614), 2: np.float64(0.4756756756756757), 3: np.float64(0.4811320754716981)}
2026-06-07 17:07:35 - src.models.hmm_engine - INFO - StockHMM_sz.300347状态校准完成: {0: np.float64(0.375), 1: np.float64(0.5222222222222223), 2: np.float64(0.39896373056994816), 3: np.float64(0.5154639175257731)}
2026-06-07 17:07:35 - src.models.hmm_engine - INFO - StockHMM_sz.300394状态校准完成: {0: np.float64(0.5242718446601942), 1: np.float64(0.526595744680851), 2: np.float64(0.4965277777777778), 3: np.float64(0.5777777777777777)}
2026-06-07 17:07:35 - src.models.hmm_engine - INFO - StockHMM_sz.300408状态校准完成: {0: np.float64(0.576530612244898), 1: np.float64(0.5697211155378487), 2: np.float64(0.4549763033175355), 3: np.float64(0.5454545454545454)}
2026-06-07 17:07:35 - src.models.hmm_engine - INFO - StockHMM_sz.300413状态校准完成: {0: np.float64(0.36363636363636365), 1: np.float64(0.45555555555555555), 2: np.float64(0.484375), 3: np.float64(0.5)}
2026-06-07 17:07:35 - src.models.hmm_engine - INFO - StockHMM_sz.300418状态校准完成: {0: np.float64(0.4690265486725664), 1: np.float64(0.5048076923076923), 2: np.float64(0.4973544973544973), 3: np.float64(0.4339622641509434)}
2026-06-07 17:07:36 - src.models.hmm_engine - INFO - StockHMM_sz.300433状态校准完成: {0: np.float64(0.5083333333333333), 1: np.float64(0.5401459854014599), 2: np.float64(0.6363636363636364), 3: np.float64(0.5116279069767442)}
2026-06-07 17:07:36 - src.models.hmm_engine - INFO - StockHMM_sz.300442状态校准完成: {0: np.float64(0.49586776859504134), 1: np.float64(0.50390625), 2: np.float64(0.4619289340101523), 3: np.float64(0.4044943820224719)}
2026-06-07 17:07:36 - src.models.hmm_engine - INFO - StockHMM_sz.300476状态校准完成: {0: np.float64(0.6197916666666666), 1: np.float64(0.544), 2: np.float64(0.49), 3: np.float64(0.5119047619047619)}
2026-06-07 17:07:36 - src.models.hmm_engine - INFO - StockHMM_sz.300498状态校准完成: {0: np.float64(0.5043859649122807), 1: np.float64(0.452991452991453), 2: np.float64(0.4337899543378995), 3: np.float64(0.3619047619047619)}
2026-06-07 17:07:36 - src.models.hmm_engine - INFO - StockHMM_sz.300502状态校准完成: {0: np.float64(0.64), 1: np.float64(0.5525114155251142), 2: np.float64(0.5755813953488372), 3: np.float64(0.5566502463054187)}
2026-06-07 17:07:36 - src.models.hmm_engine - INFO - StockHMM_sz.300628状态校准完成: {0: np.float64(0.4253731343283582), 1: np.float64(0.4915254237288136), 2: np.float64(0.4883720930232558), 3: np.float64(0.5643564356435643)}
2026-06-07 17:07:37 - src.models.hmm_engine - INFO - StockHMM_sz.300661状态校准完成: {0: np.float64(0.5159574468085106), 1: np.float64(0.47058823529411764), 2: np.float64(0.45698924731182794), 3: np.float64(0.5274725274725275)}
2026-06-07 17:07:37 - src.models.hmm_engine - INFO - StockHMM_sz.300750状态校准完成: {0: np.float64(0.6020408163265306), 1: np.float64(0.4943820224719101), 2: np.float64(0.49609375), 3: np.float64(0.49635036496350365)}
2026-06-07 17:07:37 - src.models.hmm_engine - INFO - StockHMM_sz.300759状态校准完成: {0: np.float64(0.4117647058823529), 1: np.float64(0.4142857142857143), 2: np.float64(0.54), 3: np.float64(0.5432692307692307)}
2026-06-07 17:07:37 - src.models.hmm_engine - INFO - StockHMM_sz.300760状态校准完成: {0: np.float64(0.4975124378109453), 1: np.float64(0.3956043956043956), 2: np.float64(0.36823104693140796), 3: np.float64(0.3333333333333333)}
2026-06-07 17:07:37 - src.models.hmm_engine - INFO - StockHMM_sz.300782状态校准完成: {0: np.float64(0.3485714285714286), 1: np.float64(0.4476744186046512), 2: np.float64(0.49760765550239233), 3: np.float64(0.4424778761061947)}
2026-06-07 17:07:37 - src.models.hmm_engine - INFO - StockHMM_sz.300803状态校准完成: {0: np.float64(0.44610778443113774), 1: np.float64(0.3391304347826087), 2: np.float64(0.5185185185185185), 3: np.float64(0.5120481927710844)}
2026-06-07 17:07:37 - src.models.hmm_engine - INFO - StockHMM_sz.300832状态校准完成: {0: np.float64(0.42704626334519574), 1: np.float64(0.6263157894736842), 2: np.float64(0.4444444444444444), 3: np.float64(0.3333333333333333)}
2026-06-07 17:07:38 - src.models.hmm_engine - INFO - StockHMM_sz.300866状态校准完成: {0: np.float64(0.48760330578512395), 1: np.float64(0.5859872611464968), 2: np.float64(0.625), 3: np.float64(0.4578313253012048)}
2026-06-07 17:07:38 - src.models.hmm_engine - INFO - StockHMM_sz.300896状态校准完成: {0: np.float64(0.4206896551724138), 1: np.float64(0.36645962732919257), 2: np.float64(0.375), 3: np.float64(0.4444444444444444)}
2026-06-07 17:07:38 - src.models.hmm_engine - INFO - StockHMM_sz.300979状态校准完成: {0: np.float64(0.4473684210526316), 1: np.float64(0.5185185185185185), 2: np.float64(0.3924731182795699), 3: np.float64(0.463302752293578)}
2026-06-07 17:07:38 - src.models.hmm_engine - INFO - StockHMM_sz.300999状态校准完成: {0: np.float64(0.38686131386861317), 1: np.float64(0.47555555555555556), 2: np.float64(0.37722419928825623), 3: np.float64(0.5)}
2026-06-07 17:07:38 - src.models.hmm_engine - INFO - StockHMM_sz.301236状态校准完成: {0: np.float64(0.441025641025641), 1: np.float64(0.45348837209302323), 2: np.float64(0.5315985130111525), 3: np.float64(0.42016806722689076)}
2026-06-07 17:07:38 - src.models.hmm_engine - INFO - StockHMM_sz.301269状态校准完成: {0: np.float64(0.45), 1: np.float64(0.536723163841808), 2: np.float64(0.49523809523809526), 3: np.float64(0.45535714285714285)}
2026-06-07 17:07:39 - src.models.hmm_engine - INFO - StockHMM_sz.302132状态校准完成: {0: np.float64(0.467005076142132), 1: np.float64(0.400990099009901), 2: np.float64(0.4955357142857143), 3: np.float64(0.45652173913043476)}
